0	0	0	Sugar고정 / Ice고정 / 시원달콤한 청포도과즙과 알로에 알갱이가 쏙쏙 들어오는 재미가 일품인 청포도 스무디
0	0	0	리뷰 (6)
0	446	51	2 / 6
0	512	321	공차 강남교보타워점
0	562	404	4.8(2,244)
0	676	0	배달 23분
0	676	450	포장 15분
0	769	674	매장∙원산지정보
0	780	69	도착까지 약 23분
0	841	36	최소주문
0	841	153	11,000원
0	896	36	일반회원
0	897	153	0-2,900원 0원
0	898	294	자세히
0	938	36	와우회원
0	938	153	와우회원은 매 주문 배달비 0원
0	1010	127	지금 와우 가입하면 배달비 0원 + 25,000원 쿠폰
0	1027	766	가입하기
0	1118	90	3,000원 쿠폰 추가 적용 가능
0	1208	168	펄 많이 달라구 요청 했는데 진짜 평소보다 더 많이 주셨어용ㅎㅎ 감사합니다&#128525;
0	1208	606	펄 마니넣어주시고 너무죠아여융야어어아눵어유누우
0	1377	114	검색한 메뉴
0	1377	290	&#128293; 인기메뉴
0	1377	474	초당 옥슈슈
0	1377	650	써머 시리즈
0	1377	826	빙수쉐이크
0	1478	42	검색한 메뉴
0	1524	36	공차 검색 결과
0	1598	36	청포도 스무디 L
1	66	155	공차 강남교보타워점 내 메뉴를 찾아보세요
1	147	0	배달 23분
1	147	450	포장 15분
1	182	51	3 / 6
1	240	674	매장∙원산지정보
1	248	321	공차 강남교보타워점
1	251	69	도착까지 약 23분
1	298	404	4.8(2,244)
1	312	36	최소주문
1	312	153	11,000원
1	367	36	일반회원
1	368	153	0-2,900원 0원
1	369	294	자세히
1	409	36	와우회원
1	409	153	와우회원은 매 주문 배달비 0원
1	481	127	지금 와우 가입하면 배달비 0원 + 25,000원 쿠폰
1	498	766	가입하기
1	589	90	3,000원 쿠폰 추가 적용 가능
1	679	168	펄 많이 달라구 요청 했는데 진짜 평소보다 더 많이 주셨어용ㅎㅎ 감사합니다&#128525;
1	679	606	펄 마니넣어주시고 너무죠아여융야어어아눵어유누우
1	848	114	검색한 메뉴
1	848	290	&#128293; 인기메뉴
1	848	474	초당 옥슈슈
1	848	650	써머 시리즈
1	848	826	빙수쉐이크
1	949	42	검색한 메뉴
1	995	36	공차 검색 결과
1	1069	36	청포도 스무디 L
1	1123	36	5,600원
1	1181	36	Sugar고정 / Ice고정 / 시원달콤한 청포도과즙과 알로에 알갱이가 쏙쏙 들어오는 재미가 일품인 청포도 스무디
1	1259	63	리뷰 (6)
1	1333	36	공차슈페너
1	1387	36	4,800원
1	1445	36	[추천] Sugar50% / Ice고정
1	1556	24	배달비 0원 적용 중
1	1576	42	인기메뉴
2	66	155	공차 강남교보타워점 내 메뉴를 찾아보세요
2	132	90	3,000원 쿠폰 추가 적용 가능
2	182	51	4 / 6
2	195	168	펄 많이 달라구 요청 했는데 진짜 평소보다 더 많이 주셨어용ㅎㅎ 감사합니다&#128525;
2	195	606	펄 마니넣어주시고 너무죠아여융야어어아눵어유누우
2	248	321	공차 강남교보타워점
2	298	404	4.8(2,244)
2	364	114	검색한 메뉴
2	364	290	&#128293; 인기메뉴
2	364	474	초당 옥슈슈
2	364	650	써머 시리즈
2	364	826	빙수쉐이크
2	465	42	검색한 메뉴
2	511	36	공차 검색 결과
2	585	36	청포도 스무디 L
2	639	36	5,600원
2	697	36	Sugar고정 / Ice고정 / 시원달콤한 청포도과즙과 알로에 알갱이가 쏙쏙 들어오는 재미가 일품인 청포도 스무디
2	775	63	리뷰 (6)
2	849	36	공차슈페너
2	903	36	4,800원
2	961	36	[추천] Sugar50% / Ice고정
2	1092	42	인기메뉴
2	1170	88	1위
2	1170	304	2위
2	1170	520	3위
2	1170	708	4위
2	1369	36	블랙밀크티+펄 L
2	1369	252	타로밀크티+펄 L
2	1369	468	브라운슈가 쥬얼리 밀크티
2	1369	684	딸기 쥬얼리 밀크티
2	1410	36	5,500원
2	1410	252	5,500원
2	1410	684	5,800원
2	1441	121	지금 와우 가입하면 배달비 0원 + 25,000원 쿠폰
2	1445	468	5,800원
2	1458	781	가입하기
2	1556	24	배달비 0원 적용 중
2	1563	42	초당 옥슈슈
3	66	155	공차 강남교보타워점 내 메뉴를 찾아보세요
3	101	36	청포도 스무디 L
3	151	114	검색한 메뉴
3	151	290	&#128293; 인기메뉴
3	151	474	초당 옥슈슈
3	151	650	써머 시리즈
3	151	826	빙수쉐이크
3	155	36	5,600원
3	182	51	5 / 6
3	213	36	Sugar고정 / Ice고정 / 시원달콤한 청포도과즙과 알로에 알갱이가 쏙쏙 들어오는 재미가 일품인 청포도 스무디
3	248	321	공차 강남교보타워점
3	291	63	리뷰 (6)
3	298	404	4.8(2,244)
3	365	36	공차슈페너
3	419	36	4,800원
3	477	36	[추천] Sugar50% / Ice고정
3	608	42	인기메뉴
3	686	88	1위
3	686	304	2위
3	686	520	3위
3	686	708	4위
3	885	36	블랙밀크티+펄 L
3	885	252	타로밀크티+펄 L
3	885	468	브라운슈가 쥬얼리 밀크티
3	885	684	딸기 쥬얼리 밀크티
3	926	36	5,500원
3	926	252	5,500원
3	926	684	5,800원
3	961	468	5,800원
3	1079	42	초당 옥슈슈
3	1161	36	초당 옥슈슈 밀크티 L
3	1215	36	5,900원
3	1273	36	달콤한 초당옥수수에 부드러운 바닐라 슈크림의 풍미가 더해진 밀크티에 쫀득한 펄이 더해진 공차만의 초당 옥수수 밀크티 (추천당도 0%)
3	1381	36	초당 옥슈슈 스무디 L
3	1435	36	6,200원
3	1441	121	지금 와우 가입하면 배달비 0원 + 25,000원 쿠폰
3	1458	781	가입하기
3	1493	36	달콤하고 부드러운 초당 옥수수에 치즈폼과 펄이 더해져 옥수수 크림 디저트를 먹는 듯한 풍성한 식감의 스무디
3	1556	24	배달비 0원 적용 중
4	66	155	공차 강남교보타워점 내 메뉴를 찾아보세요
4	132	42	인기메뉴
4	151	114	&#128293; 인기메뉴
4	151	298	초당 옥슈슈
4	151	474	써머 시리즈
4	151	650	빙수쉐이크
4	151	820	저당 시리즈
4	182	51	6 / 6
4	193	88	1위
4	193	304	2위
4	193	520	3위
4	193	708	4위
4	248	321	공차 강남교보타워점
4	298	404	4.8(2,244)
4	392	36	블랙밀크티+펄 L
4	392	252	타로밀크티+펄 L
4	392	468	브라운슈가 쥬얼리 밀크티
4	392	684	딸기 쥬얼리 밀크티
4	433	36	5,500원
4	433	252	5,500원
4	433	684	5,800원
4	468	468	5,800원
4	586	42	초당 옥슈슈
4	668	36	초당 옥슈슈 밀크티 L
4	722	36	5,900원
4	780	36	달콤한 초당옥수수에 부드러운 바닐라 슈크림의 풍미가 더해진 밀크티에 쫀득한 펄이 더해진 공차만의 초당 옥수수 밀크티 (추천당도 0%)
4	888	36	초당 옥슈슈 스무디 L
4	942	36	6,200원
4	1000	36	달콤하고 부드러운 초당 옥수수에 치즈폼과 펄이 더해져 옥수수 크림 디저트를 먹는 듯한 풍성한 식감의 스무디
4	1138	42	써머 시리즈
4	1220	36	아삭 참외 밀크티 L
4	1274	36	5,900원
4	1332	36	향긋한 자스민티에 달콤한 참외가 더해진 여름 시즌 밀크티
4	1433	36	아삭 참외 스무디 L
4	1441	121	지금 와우 가입하면 배달비 0원 + 25,000원 쿠폰
4	1458	781	가입하기
4	1487	36	6,200원
4	1545	36	향긋한 자스민 코코넛 워터와 달콤한 참외가 만나 청량한 여름 시즌 스무디
4	1556	24	배달비 0원 적용 중
5	0	0	100% (1개)
5	0	0	ㆍ
5	0	0	리뷰 (2)
5	0	0	향긋한 자스민 티가 더해진 달콤한 음료에 아삭한 식감이 살아 있는 수박 주스(추천당도 50%)
5	66	155	공차 강남교보타워점 내 메뉴를 찾아보세요
5	132	42	초당 옥슈슈
5	151	114	초당 옥슈슈
5	151	290	써머 시리즈
5	151	466	빙수쉐이크
5	151	636	저당 시리즈
5	151	812	신메뉴
5	175	36	초당 옥슈슈 밀크티 L
5	182	51	1 / 6
5	229	36	5,900원
5	248	321	공차 강남교보타워점
5	287	36	달콤한 초당옥수수에 부드러운 바닐라 슈크림의 풍미가 더해진 밀크티에 쫀득한 펄이 더해진 공차만의 초당 옥수수 밀크티 (추천당도 0%)
5	298	404	4.8(2,244)
5	395	36	초당 옥슈슈 스무디 L
5	449	36	6,200원
5	507	36	달콤하고 부드러운 초당 옥수수에 치즈폼과 펄이 더해져 옥수수 크림 디저트를 먹는 듯한 풍성한 식감의 스무디
5	645	42	써머 시리즈
5	727	36	아삭 참외 밀크티 L
5	781	36	5,900원
5	839	36	향긋한 자스민티에 달콤한 참외가 더해진 여름 시즌 밀크티
5	940	36	아삭 참외 스무디 L
5	994	36	6,200원
5	1052	36	향긋한 자스민 코코넛 워터와 달콤한 참외가 만나 청량한 여름 시즌 스무디
5	1153	36	수박 밀크티 + 펄 L
5	1207	36	5,900원
5	1265	36	향긋한 자스민 티가 더해진 달콤한 수박 밀크티에 쫀득한 펄의 식감이 함께하는 여름시즌 밀크티(추천당도 0%)
5	1373	36	수박 밀크티 + 펄 J
5	1427	36	7,000원
5	1441	121	지금 와우 가입하면 배달비 0원 + 25,000원 쿠폰
5	1458	781	가입하기
5	1485	36	향긋한 자스민 티가 더해진 달콤한 수박 밀크티에 쫀득한 펄의 식감이 함께하는 여름시즌 밀크티(추천당도 0%)
5	1556	24	배달비 0원 적용 중
5	1593	36	리얼 수박 주스 BIG 컵 J
6	66	155	공차 강남교보타워점 내 메뉴를 찾아보세요
6	151	114	써머 시리즈
6	151	290	빙수쉐이크
6	151	460	저당 시리즈
6	151	636	신메뉴
6	151	762	말차 시리즈
6	152	42	써머 시리즈
6	182	51	2 / 6
6	234	36	아삭 참외 밀크티 L
6	248	321	공차 강남교보타워점
6	288	36	5,900원
6	298	404	4.8(2,244)
6	346	36	향긋한 자스민티에 달콤한 참외가 더해진 여름 시즌 밀크티
6	447	36	아삭 참외 스무디 L
6	501	36	6,200원
6	559	36	향긋한 자스민 코코넛 워터와 달콤한 참외가 만나 청량한 여름 시즌 스무디
6	660	36	수박 밀크티 + 펄 L
6	714	36	5,900원
6	772	36	향긋한 자스민 티가 더해진 달콤한 수박 밀크티에 쫀득한 펄의 식감이 함께하는 여름시즌 밀크티(추천당도 0%)
6	880	36	수박 밀크티 + 펄 J
6	934	36	7,000원
6	992	36	향긋한 자스민 티가 더해진 달콤한 수박 밀크티에 쫀득한 펄의 식감이 함께하는 여름시즌 밀크티(추천당도 0%)
6	1100	36	리얼 수박 주스 BIG 컵 J
6	1154	36	6,200원
6	1212	36	향긋한 자스민 티가 더해진 달콤한 음료에 아삭한 식감이 살아 있는 수박 주스(추천당도 50%)
6	1290	63	100% (1개)
6	1290	149	ㆍ
6	1290	193	리뷰 (2)
6	1364	36	대만식 수박 빙수 밀크 L
6	1418	36	6,400원
6	1441	121	지금 와우 가입하면 배달비 0원 + 25,000원 쿠폰
6	1458	781	가입하기
6	1476	36	수박 밀크에 펄, 코코넛 등 공차의 다양한 토핑이 어우러진 다채로운 식감의 대만식 빙수 밀크(당도 고정)
6	1556	24	배달비 0원 적용 중
7	0	36	아삭 참외 스무디 L
7	66	155	공차 강남교보타워점 내 메뉴를 찾아보세요
7	76	36	향긋한 자스민 코코넛 워터와 달콤한 참외가 만나 청량한 여름 시즌 스무디
7	151	114	써머 시리즈
7	151	290	빙수쉐이크
7	151	460	저당 시리즈
7	151	636	신메뉴
7	151	762	말차 시리즈
7	177	36	수박 밀크티 + 펄 L
7	182	51	3 / 6
7	231	36	5,900원
7	248	321	공차 강남교보타워점
7	289	36	향긋한 자스민 티가 더해진 달콤한 수박 밀크티에 쫀득한 펄의 식감이 함께하는 여름시즌 밀크티(추천당도 0%)
7	298	404	4.8(2,244)
7	397	36	수박 밀크티 + 펄 J
7	451	36	7,000원
7	509	36	향긋한 자스민 티가 더해진 달콤한 수박 밀크티에 쫀득한 펄의 식감이 함께하는 여름시즌 밀크티(추천당도 0%)
7	617	36	리얼 수박 주스 BIG 컵 J
7	671	36	6,200원
7	729	36	향긋한 자스민 티가 더해진 달콤한 음료에 아삭한 식감이 살아 있는 수박 주스(추천당도 50%)
7	807	63	100% (1개)
7	807	149	ㆍ
7	807	193	리뷰 (2)
7	881	36	대만식 수박 빙수 밀크 L
7	935	36	6,400원
7	993	36	수박 밀크에 펄, 코코넛 등 공차의 다양한 토핑이 어우러진 다채로운 식감의 대만식 빙수 밀크(당도 고정)
7	1131	42	빙수쉐이크
7	1213	36	밀크티 모찌 빙수 쉐이크L
7	1267	36	6,800원
7	1325	36	말캉 쫀득한 모찌와 함께 즐기는 향긋한 밀크티 빙수 쉐이크
7	1426	36	완두말차 모찌 빙수 쉐이크L
7	1441	121	지금 와우 가입하면 배달비 0원 + 25,000원 쿠폰
7	1458	781	가입하기
7	1480	36	7,000원
7	1538	36	말캉 쫀득한 모찌와 함께 즐기는 달콤한 완두말차 빙수 쉐이크
7	1556	24	배달비 0원 적용 중
7	1586	63	100% (1개)
8	0	0	은은한 우롱티와 매력적인 피치 아이스티에 사각한 알로에 식감이 더해진 제로 아이스티
8	66	155	공차 강남교보타워점 내 메뉴를 찾아보세요
8	124	36	리얼 수박 주스 BIG 컵 J
8	151	114	써머 시리즈
8	151	290	빙수쉐이크
8	151	460	저당 시리즈
8	151	636	신메뉴
8	151	762	말차 시리즈
8	178	36	6,200원
8	182	51	4 / 6
8	236	36	향긋한 자스민 티가 더해진 달콤한 음료에 아삭한 식감이 살아 있는 수박 주스(추천당도 50%)
8	248	321	공차 강남교보타워점
8	298	404	4.8(2,244)
8	314	63	100% (1개)
8	314	149	ㆍ
8	314	193	리뷰 (2)
8	388	36	대만식 수박 빙수 밀크 L
8	442	36	6,400원
8	500	36	수박 밀크에 펄, 코코넛 등 공차의 다양한 토핑이 어우러진 다채로운 식감의 대만식 빙수 밀크(당도 고정)
8	638	42	빙수쉐이크
8	720	36	밀크티 모찌 빙수 쉐이크L
8	774	36	6,800원
8	832	36	말캉 쫀득한 모찌와 함께 즐기는 향긋한 밀크티 빙수 쉐이크
8	933	36	완두말차 모찌 빙수 쉐이크L
8	987	36	7,000원
8	1045	36	말캉 쫀득한 모찌와 함께 즐기는 달콤한 완두말차 빙수 쉐이크
8	1093	63	100% (1개)
8	1167	36	망고 가득 모찌 빙수 쉐이크L
8	1221	36	7,000원
8	1279	36	말캉 쫀득한 모찌와 함께 즐기는 달콤한 망고 빙수 쉐이크
8	1410	42	저당 시리즈
8	1441	121	지금 와우 가입하면 배달비 0원 + 25,000원 쿠폰
8	1458	781	가입하기
8	1492	36	제로 피치 우롱 아이스티 + 알로에 J
8	1546	36	5,000원
8	1556	24	배달비 0원 적용 중
9	0	0	100% (1개)
9	0	0	블랙 밀크티에 쫀득한 펄의 식감은 그대로, 당은 가볍게 줄여 부담없이 즐길 수 있는 저당 메뉴 (추천 당도 30%)
9	66	155	공차 강남교보타워점 내 메뉴를 찾아보세요
9	151	114	빙수쉐이크
9	151	284	저당 시리즈
9	151	460	신메뉴
9	151	586	말차 시리즈
9	151	762	그릭요거티 시리즈
9	154	42	빙수쉐이크
9	182	51	5 / 6
9	236	36	밀크티 모찌 빙수 쉐이크L
9	248	321	공차 강남교보타워점
9	290	36	6,800원
9	298	404	4.8(2,244)
9	348	36	말캉 쫀득한 모찌와 함께 즐기는 향긋한 밀크티 빙수 쉐이크
9	449	36	완두말차 모찌 빙수 쉐이크L
9	503	36	7,000원
9	561	36	말캉 쫀득한 모찌와 함께 즐기는 달콤한 완두말차 빙수 쉐이크
9	609	63	100% (1개)
9	683	36	망고 가득 모찌 빙수 쉐이크L
9	737	36	7,000원
9	795	36	말캉 쫀득한 모찌와 함께 즐기는 달콤한 망고 빙수 쉐이크
9	926	42	저당 시리즈
9	1008	36	제로 피치 우롱 아이스티 + 알로에 J
9	1062	36	5,000원
9	1120	36	은은한 우롱티와 매력적인 피치 아이스티에 사각한 알로에 식감이 더해진 제로 아이스티
9	1228	36	저당 햅쌀 미숫가루 밀크티 + 펄 L
9	1282	36	5,900원
9	1340	36	햅쌀, 곡물의 블렌딩과 우롱티의 향긋하고 고소함이 어우러진 공차만의 저당 미숫가루
9	1418	63	리뷰 (1)
9	1441	121	지금 와우 가입하면 배달비 0원 + 25,000원 쿠폰
9	1458	781	가입하기
9	1492	36	저당 블랙 밀크티 + 펄 L
9	1546	36	5,800원
9	1556	24	배달비 0원 적용 중
10	0	0	진한 초콜렛의 달콤 쌉싸름한 풍미에 치즈폼을 더하고, 당은 가볍게 줄여 부담없이 즐길 수 있는 저당 메뉴 (추천 당도 70%)
10	0	36	완두말차 모찌 빙수 쉐이크L
10	66	155	공차 강남교보타워점 내 메뉴를 찾아보세요
10	75	36	말캉 쫀득한 모찌와 함께 즐기는 달콤한 완두말차 빙수 쉐이크
10	123	63	100% (1개)
10	151	114	빙수쉐이크
10	151	284	저당 시리즈
10	151	460	신메뉴
10	151	586	말차 시리즈
10	151	762	그릭요거티 시리즈
10	182	51	6 / 6
10	197	36	망고 가득 모찌 빙수 쉐이크L
10	248	321	공차 강남교보타워점
10	251	36	7,000원
10	298	404	4.8(2,244)
10	309	36	말캉 쫀득한 모찌와 함께 즐기는 달콤한 망고 빙수 쉐이크
10	440	42	저당 시리즈
10	522	36	제로 피치 우롱 아이스티 + 알로에 J
10	576	36	5,000원
10	634	36	은은한 우롱티와 매력적인 피치 아이스티에 사각한 알로에 식감이 더해진 제로 아이스티
10	742	36	저당 햅쌀 미숫가루 밀크티 + 펄 L
10	796	36	5,900원
10	854	36	햅쌀, 곡물의 블렌딩과 우롱티의 향긋하고 고소함이 어우러진 공차만의 저당 미숫가루
10	932	63	리뷰 (1)
10	1006	36	저당 블랙 밀크티 + 펄 L
10	1060	36	5,800원
10	1118	36	블랙 밀크티에 쫀득한 펄의 식감은 그대로, 당은 가볍게 줄여 부담없이 즐길 수 있는 저당 메뉴 (추천 당도 30%)
10	1196	63	100% (1개)
10	1270	36	저당 자스민 밀크티 + 펄 L
10	1324	36	5,800원
10	1382	36	자스민 밀크티에 쫀득한 펄의 식감을 더하고, 당은 가볍게 줄여 부담없이 즐길 수 있는 저당 메뉴 (추천 당도 30%)
10	1441	121	지금 와우 가입하면 배달비 0원 + 25,000원 쿠폰
10	1458	781	가입하기
10	1460	63	100% (2개)
10	1460	149	ㆍ
10	1460	193	리뷰 (1)
10	1534	36	저당 초콜렛 밀크티+치즈폼 L
10	1556	24	배달비 0원 적용 중
10	1588	36	6,200원
11	0	0	100% (2개)
11	0	0	진한 향과 맛을 느낄 수 있는 블랙 밀크티에 당은 가볍게 줄여 부담 없이 즐길 수 있는 메뉴 (추천 당도 50%)
11	29	36	제로 피치 우롱 아이스티 + 알로에 J
11	66	155	공차 강남교보타워점 내 메뉴를 찾아보세요
11	141	36	은은한 우롱티와 매력적인 피치 아이스티에 사각한 알로에 식감이 더해진 제로 아이스티
11	151	114	저당 시리즈
11	151	290	신메뉴
11	151	416	말차 시리즈
11	151	592	그릭요거티 시리즈
11	151	834	딸기&초코 시리즈
11	182	51	1 / 6
11	248	321	공차 강남교보타워점
11	249	36	저당 햅쌀 미숫가루 밀크티 + 펄 L
11	298	404	4.8(2,244)
11	303	36	5,900원
11	361	36	햅쌀, 곡물의 블렌딩과 우롱티의 향긋하고 고소함이 어우러진 공차만의 저당 미숫가루
11	439	63	리뷰 (1)
11	513	36	저당 블랙 밀크티 + 펄 L
11	567	36	5,800원
11	625	36	블랙 밀크티에 쫀득한 펄의 식감은 그대로, 당은 가볍게 줄여 부담없이 즐길 수 있는 저당 메뉴 (추천 당도 30%)
11	703	63	100% (1개)
11	777	36	저당 자스민 밀크티 + 펄 L
11	831	36	5,800원
11	889	36	자스민 밀크티에 쫀득한 펄의 식감을 더하고, 당은 가볍게 줄여 부담없이 즐길 수 있는 저당 메뉴 (추천 당도 30%)
11	967	63	100% (2개)
11	967	149	ㆍ
11	967	193	리뷰 (1)
11	1041	36	저당 초콜렛 밀크티+치즈폼 L
11	1095	36	6,200원
11	1153	36	진한 초콜렛의 달콤 쌉싸름한 풍미에 치즈폼을 더하고, 당은 가볍게 줄여 부담없이 즐길 수 있는 저당 메뉴 (추천 당도 70%)
11	1261	36	저당 블랙 밀크티 L
11	1315	36	5,200원
11	1373	36	진한 향과 맛을 느낄 수 있는 블랙 밀크티에 당은 가볍게 줄여 부담 없이 즐길 수 있는 메뉴 (추천 당도 50%)
11	1441	121	지금 와우 가입하면 배달비 0원 + 25,000원 쿠폰
11	1451	63	100% (1개)
11	1458	781	가입하기
11	1525	36	저당 블랙 밀크티 J
11	1556	24	배달비 0원 적용 중
11	1579	36	6,300원
12	0	0	베르가못 향의 얼그레이 밀크티에 당은 가볍게 줄여 부담없이 즐길 수 있는 저당 메뉴 (추천 당도 50%)
12	28	36	저당 블랙 밀크티 + 펄 L
12	66	155	공차 강남교보타워점 내 메뉴를 찾아보세요
12	140	36	블랙 밀크티에 쫀득한 펄의 식감은 그대로, 당은 가볍게 줄여 부담없이 즐길 수 있는 저당 메뉴 (추천 당도 30%)
12	151	114	저당 시리즈
12	151	290	신메뉴
12	151	416	말차 시리즈
12	151	592	그릭요거티 시리즈
12	151	834	딸기&초코 시리즈
12	182	51	2 / 6
12	218	63	100% (1개)
12	248	321	공차 강남교보타워점
12	292	36	저당 자스민 밀크티 + 펄 L
12	298	404	4.8(2,244)
12	346	36	5,800원
12	404	36	자스민 밀크티에 쫀득한 펄의 식감을 더하고, 당은 가볍게 줄여 부담없이 즐길 수 있는 저당 메뉴 (추천 당도 30%)
12	482	63	100% (2개)
12	482	149	ㆍ
12	482	193	리뷰 (1)
12	556	36	저당 초콜렛 밀크티+치즈폼 L
12	610	36	6,200원
12	668	36	진한 초콜렛의 달콤 쌉싸름한 풍미에 치즈폼을 더하고, 당은 가볍게 줄여 부담없이 즐길 수 있는 저당 메뉴 (추천 당도 70%)
12	776	36	저당 블랙 밀크티 L
12	830	36	5,200원
12	888	36	진한 향과 맛을 느낄 수 있는 블랙 밀크티에 당은 가볍게 줄여 부담 없이 즐길 수 있는 메뉴 (추천 당도 50%)
12	966	63	100% (1개)
12	1040	36	저당 블랙 밀크티 J
12	1094	36	6,300원
12	1152	36	진한 향과 맛을 느낄 수 있는 블랙 밀크티에 당은 가볍게 줄여 부담 없이 즐길 수 있는 메뉴 (추천 당도 50%)
12	1230	63	100% (2개)
12	1304	36	저당 얼그레이 밀크티 L
12	1358	36	5,200원
12	1416	36	베르가못 향의 얼그레이 밀크티에 당은 가볍게 줄여 부담없이 즐길 수 있는 저당 메뉴 (추천 당도 50%)
12	1441	121	지금 와우 가입하면 배달비 0원 + 25,000원 쿠폰
12	1458	781	가입하기
12	1524	36	저당 얼그레이 밀크티 J
12	1556	24	배달비 0원 적용 중
12	1578	36	6,300원
13	0	0	100% (1개)
13	66	155	공차 강남교보타워점 내 메뉴를 찾아보세요
13	79	36	저당 초콜렛 밀크티+치즈폼 L
13	133	36	6,200원
13	151	114	저당 시리즈
13	151	290	신메뉴
13	151	416	말차 시리즈
13	151	592	그릭요거티 시리즈
13	151	834	딸기&초코 시리즈
13	182	51	3 / 6
13	191	36	진한 초콜렛의 달콤 쌉싸름한 풍미에 치즈폼을 더하고, 당은 가볍게 줄여 부담없이 즐길 수 있는 저당 메뉴 (추천 당도 70%)
13	248	321	공차 강남교보타워점
13	298	404	4.8(2,244)
13	299	36	저당 블랙 밀크티 L
13	353	36	5,200원
13	411	36	진한 향과 맛을 느낄 수 있는 블랙 밀크티에 당은 가볍게 줄여 부담 없이 즐길 수 있는 메뉴 (추천 당도 50%)
13	489	63	100% (1개)
13	563	36	저당 블랙 밀크티 J
13	617	36	6,300원
13	675	36	진한 향과 맛을 느낄 수 있는 블랙 밀크티에 당은 가볍게 줄여 부담 없이 즐길 수 있는 메뉴 (추천 당도 50%)
13	753	63	100% (2개)
13	827	36	저당 얼그레이 밀크티 L
13	881	36	5,200원
13	939	36	베르가못 향의 얼그레이 밀크티에 당은 가볍게 줄여 부담없이 즐길 수 있는 저당 메뉴 (추천 당도 50%)
13	1047	36	저당 얼그레이 밀크티 J
13	1101	36	6,300원
13	1159	36	베르가못 향의 얼그레이 밀크티에 당은 가볍게 줄여 부담없이 즐길 수 있는 저당 메뉴 (추천 당도 50%)
13	1267	36	저당 우롱 밀크티 L
13	1321	36	5,200원
13	1379	36	묵직하고 깊은 향의 우롱 밀크티에 당은 가볍게 줄여 부담없이 즐길 수 있는 저당 메뉴 (추천 당도 50%)
13	1441	121	지금 와우 가입하면 배달비 0원 + 25,000원 쿠폰
13	1458	781	가입하기
13	1487	36	저당 우롱 밀크티 J
13	1541	36	6,300원
13	1556	24	배달비 0원 적용 중
13	1599	36	묵직하고 깊은 향의 우롱 밀크티에 당은 가볍게 줄여 부담없이 즐길 수 있는 저당 메뉴 (추천 당도 50%)
14	0	0	향긋한 꽃 향이 느껴지는 부드럽게 즐길 수 있는 밀크티에 당은 가볍게 줄여 부담없이 즐길 수 있는 저당 메뉴 (추천 당도 50%)
14	66	155	공차 강남교보타워점 내 메뉴를 찾아보세요
14	77	36	저당 블랙 밀크티 J
14	132	36	6,300원
14	151	114	저당 시리즈
14	151	290	신메뉴
14	151	416	말차 시리즈
14	151	592	그릭요거티 시리즈
14	151	834	딸기&초코 시리즈
14	182	51	4 / 6
14	189	36	진한 향과 맛을 느낄 수 있는 블랙 밀크티에 당은 가볍게 줄여 부담 없이 즐길 수 있는 메뉴 (추천 당도 50%)
14	248	321	공차 강남교보타워점
14	267	63	100% (2개)
14	298	404	4.8(2,244)
14	341	36	저당 얼그레이 밀크티 L
14	395	36	5,200원
14	453	36	베르가못 향의 얼그레이 밀크티에 당은 가볍게 줄여 부담없이 즐길 수 있는 저당 메뉴 (추천 당도 50%)
14	561	36	저당 얼그레이 밀크티 J
14	615	36	6,300원
14	673	36	베르가못 향의 얼그레이 밀크티에 당은 가볍게 줄여 부담없이 즐길 수 있는 저당 메뉴 (추천 당도 50%)
14	781	36	저당 우롱 밀크티 L
14	835	36	5,200원
14	893	36	묵직하고 깊은 향의 우롱 밀크티에 당은 가볍게 줄여 부담없이 즐길 수 있는 저당 메뉴 (추천 당도 50%)
14	1001	36	저당 우롱 밀크티 J
14	1055	36	6,300원
14	1113	36	묵직하고 깊은 향의 우롱 밀크티에 당은 가볍게 줄여 부담없이 즐길 수 있는 저당 메뉴 (추천 당도 50%)
14	1191	63	100% (1개)
14	1265	36	저당 자스민 밀크티 L
14	1319	36	5,200원
14	1377	36	향긋한 꽃 향이 느껴지는 부드럽게 즐길 수 있는 밀크티에 당은 가볍게 줄여 부담없이 즐길 수 있는 저당 메뉴 (추천 당도 50%)
14	1441	121	지금 와우 가입하면 배달비 0원 + 25,000원 쿠폰
14	1455	63	100% (1개)
14	1458	781	가입하기
14	1529	36	저당 자스민 밀크티 J
14	1556	24	배달비 0원 적용 중
14	1583	36	6,300원
15	66	155	공차 강남교보타워점 내 메뉴를 찾아보세요
15	73	36	저당 얼그레이 밀크티 J
15	132	36	6,300원
15	151	114	저당 시리즈
15	151	290	신메뉴
15	151	416	말차 시리즈
15	151	592	그릭요거티 시리즈
15	151	834	딸기&초코 시리즈
15	182	51	5 / 6
15	185	36	베르가못 향의 얼그레이 밀크티에 당은 가볍게 줄여 부담없이 즐길 수 있는 저당 메뉴 (추천 당도 50%)
15	248	321	공차 강남교보타워점
15	293	36	저당 우롱 밀크티 L
15	298	404	4.8(2,244)
15	347	36	5,200원
15	405	36	묵직하고 깊은 향의 우롱 밀크티에 당은 가볍게 줄여 부담없이 즐길 수 있는 저당 메뉴 (추천 당도 50%)
15	513	36	저당 우롱 밀크티 J
15	567	36	6,300원
15	625	36	묵직하고 깊은 향의 우롱 밀크티에 당은 가볍게 줄여 부담없이 즐길 수 있는 저당 메뉴 (추천 당도 50%)
15	703	63	100% (1개)
15	777	36	저당 자스민 밀크티 L
15	831	36	5,200원
15	889	36	향긋한 꽃 향이 느껴지는 부드럽게 즐길 수 있는 밀크티에 당은 가볍게 줄여 부담없이 즐길 수 있는 저당 메뉴 (추천 당도 50%)
15	967	63	100% (1개)
15	1041	36	저당 자스민 밀크티 J
15	1095	36	6,300원
15	1153	36	향긋한 꽃 향이 느껴지는 부드럽게 즐길 수 있는 밀크티에 당은 가볍게 줄여 부담없이 즐길 수 있는 저당 메뉴 (추천 당도 50%)
15	1261	36	저당 초콜렛 밀크티 L
15	1315	36	5,300원
15	1373	36	진한 초콜렛의 달콤 쌉싸름한 밀크티에 당은 가볍게 줄여 부담없이 즐길 수 있는 메뉴 (추천 당도 70%)
15	1441	121	지금 와우 가입하면 배달비 0원 + 25,000원 쿠폰
15	1458	781	가입하기
15	1481	36	저당 초콜렛 밀크티 J
15	1535	36	6,400원
15	1556	24	배달비 0원 적용 중
15	1593	36	진한 초콜렛의 달콤 쌉싸름한 밀크티에 당은 가볍게 줄여 부담없이 즐길 수 있는 메뉴 (추천 당도 70%)
16	0	0	리뷰 (1)
16	23	36	저당 우롱 밀크티 J
16	66	155	공차 강남교보타워점 내 메뉴를 찾아보세요
16	135	36	묵직하고 깊은 향의 우롱 밀크티에 당은 가볍게 줄여 부담없이 즐길 수 있는 저당 메뉴 (추천 당도 50%)
16	151	114	저당 시리즈
16	151	290	신메뉴
16	151	416	말차 시리즈
16	151	592	그릭요거티 시리즈
16	151	834	딸기&초코 시리즈
16	182	51	6 / 6
16	213	63	100% (1개)
16	248	321	공차 강남교보타워점
16	287	36	저당 자스민 밀크티 L
16	298	404	4.8(2,244)
16	341	36	5,200원
16	399	36	향긋한 꽃 향이 느껴지는 부드럽게 즐길 수 있는 밀크티에 당은 가볍게 줄여 부담없이 즐길 수 있는 저당 메뉴 (추천 당도 50%)
16	477	63	100% (1개)
16	551	36	저당 자스민 밀크티 J
16	605	36	6,300원
16	663	36	향긋한 꽃 향이 느껴지는 부드럽게 즐길 수 있는 밀크티에 당은 가볍게 줄여 부담없이 즐길 수 있는 저당 메뉴 (추천 당도 50%)
16	771	36	저당 초콜렛 밀크티 L
16	825	36	5,300원
16	883	36	진한 초콜렛의 달콤 쌉싸름한 밀크티에 당은 가볍게 줄여 부담없이 즐길 수 있는 메뉴 (추천 당도 70%)
16	991	36	저당 초콜렛 밀크티 J
16	1045	36	6,400원
16	1103	36	진한 초콜렛의 달콤 쌉싸름한 밀크티에 당은 가볍게 줄여 부담없이 즐길 수 있는 메뉴 (추천 당도 70%)
16	1211	36	저당 블랙티 L
16	1265	36	4,600원
16	1323	36	진한 향과 감미로운 맛을 느낄 수 있는 대표적인 홍차에 단맛을 더해도 부담없이 즐길 수 있는 저당 메뉴 (추천 당도 30%)
16	1431	36	저당 블랙티 J
16	1441	121	지금 와우 가입하면 배달비 0원 + 25,000원 쿠폰
16	1458	781	가입하기
16	1485	36	5,700원
16	1543	36	진한 향과 감미로운 맛을 느낄 수 있는 대표적인 홍차에 단맛을 더해도 부담없이 즐길 수 있는 저당 메뉴 (추천 당도 30%)
16	1556	24	배달비 0원 적용 중
17	66	155	공차 강남교보타워점 내 메뉴를 찾아보세요
17	68	36	저당 자스민 밀크티 J
17	132	36	6,300원
17	151	114	저당 시리즈
17	151	290	신메뉴
17	151	416	말차 시리즈
17	151	592	그릭요거티 시리즈
17	151	834	딸기&초코 시리즈
17	180	36	향긋한 꽃 향이 느껴지는 부드럽게 즐길 수 있는 밀크티에 당은 가볍게 줄여 부담없이 즐길 수 있는 저당 메뉴 (추천 당도 50%)
17	182	51	1 / 6
17	248	321	공차 강남교보타워점
17	288	36	저당 초콜렛 밀크티 L
17	298	404	4.8(2,244)
17	342	36	5,300원
17	400	36	진한 초콜렛의 달콤 쌉싸름한 밀크티에 당은 가볍게 줄여 부담없이 즐길 수 있는 메뉴 (추천 당도 70%)
17	508	36	저당 초콜렛 밀크티 J
17	562	36	6,400원
17	620	36	진한 초콜렛의 달콤 쌉싸름한 밀크티에 당은 가볍게 줄여 부담없이 즐길 수 있는 메뉴 (추천 당도 70%)
17	728	36	저당 블랙티 L
17	782	36	4,600원
17	840	36	진한 향과 감미로운 맛을 느낄 수 있는 대표적인 홍차에 단맛을 더해도 부담없이 즐길 수 있는 저당 메뉴 (추천 당도 30%)
17	948	36	저당 블랙티 J
17	1002	36	5,700원
17	1060	36	진한 향과 감미로운 맛을 느낄 수 있는 대표적인 홍차에 단맛을 더해도 부담없이 즐길 수 있는 저당 메뉴 (추천 당도 30%)
17	1138	63	리뷰 (1)
17	1212	36	저당 얼그레이티 L
17	1266	36	4,600원
17	1324	36	향긋한 베르가못향이 가미된 얼그레이티에 단맛을 더해도 부담없이 즐길 수 있는 저당 메뉴 (추천 당도 30%)
17	1432	36	저당 얼그레이티 J
17	1441	121	지금 와우 가입하면 배달비 0원 + 25,000원 쿠폰
17	1458	781	가입하기
17	1486	36	5,700원
17	1544	36	향긋한 베르가못향이 가미된 얼그레이티에 단맛을 더해도 부담없이 즐길 수 있는 저당 메뉴 (추천 당도 30%)
17	1556	24	배달비 0원 적용 중
18	0	0	향긋한 꽃 향이 느껴지는 싱그럽고 부드러운 자스민티에 단맛을 더해도 부담없이 즐길 수 있는 저당 메뉴 (추천 당도 30%)
18	15	36	저당 초콜렛 밀크티 J
18	66	155	공차 강남교보타워점 내 메뉴를 찾아보세요
18	127	36	진한 초콜렛의 달콤 쌉싸름한 밀크티에 당은 가볍게 줄여 부담없이 즐길 수 있는 메뉴 (추천 당도 70%)
18	151	114	저당 시리즈
18	151	290	신메뉴
18	151	416	말차 시리즈
18	151	592	그릭요거티 시리즈
18	151	834	딸기&초코 시리즈
18	182	51	2 / 6
18	235	36	저당 블랙티 L
18	248	321	공차 강남교보타워점
18	289	36	4,600원
18	298	404	4.8(2,244)
18	347	36	진한 향과 감미로운 맛을 느낄 수 있는 대표적인 홍차에 단맛을 더해도 부담없이 즐길 수 있는 저당 메뉴 (추천 당도 30%)
18	455	36	저당 블랙티 J
18	509	36	5,700원
18	567	36	진한 향과 감미로운 맛을 느낄 수 있는 대표적인 홍차에 단맛을 더해도 부담없이 즐길 수 있는 저당 메뉴 (추천 당도 30%)
18	645	63	리뷰 (1)
18	719	36	저당 얼그레이티 L
18	773	36	4,600원
18	831	36	향긋한 베르가못향이 가미된 얼그레이티에 단맛을 더해도 부담없이 즐길 수 있는 저당 메뉴 (추천 당도 30%)
18	939	36	저당 얼그레이티 J
18	993	36	5,700원
18	1051	36	향긋한 베르가못향이 가미된 얼그레이티에 단맛을 더해도 부담없이 즐길 수 있는 저당 메뉴 (추천 당도 30%)
18	1159	36	저당 우롱티 L
18	1213	36	4,600원
18	1271	36	묵직하고 깊은 향의 고소한 우롱차에 단맛을 더해도 부담없이 즐길 수 있는 저당 메뉴 (추천 당도 30%)
18	1379	36	저당 우롱티 J
18	1433	36	5,700원
18	1441	121	지금 와우 가입하면 배달비 0원 + 25,000원 쿠폰
18	1458	781	가입하기
18	1491	36	묵직하고 깊은 향의 고소한 우롱차에 단맛을 더해도 부담없이 즐길 수 있는 저당 메뉴 (추천 당도 30%)
18	1556	24	배달비 0원 적용 중
18	1599	36	저당 자스민티 L
19	0	36	저당 블랙티 J
19	66	155	공차 강남교보타워점 내 메뉴를 찾아보세요
19	81	36	진한 향과 감미로운 맛을 느낄 수 있는 대표적인 홍차에 단맛을 더해도 부담없이 즐길 수 있는 저당 메뉴 (추천 당도 30%)
19	151	114	저당 시리즈
19	151	290	신메뉴
19	151	416	말차 시리즈
19	151	592	그릭요거티 시리즈
19	151	834	딸기&초코 시리즈
19	159	63	리뷰 (1)
19	182	51	3 / 6
19	233	36	저당 얼그레이티 L
19	248	321	공차 강남교보타워점
19	287	36	4,600원
19	298	404	4.8(2,244)
19	345	36	향긋한 베르가못향이 가미된 얼그레이티에 단맛을 더해도 부담없이 즐길 수 있는 저당 메뉴 (추천 당도 30%)
19	453	36	저당 얼그레이티 J
19	507	36	5,700원
19	565	36	향긋한 베르가못향이 가미된 얼그레이티에 단맛을 더해도 부담없이 즐길 수 있는 저당 메뉴 (추천 당도 30%)
19	673	36	저당 우롱티 L
19	727	36	4,600원
19	785	36	묵직하고 깊은 향의 고소한 우롱차에 단맛을 더해도 부담없이 즐길 수 있는 저당 메뉴 (추천 당도 30%)
19	893	36	저당 우롱티 J
19	947	36	5,700원
19	1005	36	묵직하고 깊은 향의 고소한 우롱차에 단맛을 더해도 부담없이 즐길 수 있는 저당 메뉴 (추천 당도 30%)
19	1113	36	저당 자스민티 L
19	1167	36	4,600원
19	1225	36	향긋한 꽃 향이 느껴지는 싱그럽고 부드러운 자스민티에 단맛을 더해도 부담없이 즐길 수 있는 저당 메뉴 (추천 당도 30%)
19	1333	36	저당 자스민티 J
19	1387	36	5,700원
19	1441	121	지금 와우 가입하면 배달비 0원 + 25,000원 쿠폰
19	1445	36	향긋한 꽃 향이 느껴지는 싱그럽고 부드러운 자스민티에 단맛을 더해도 부담없이 즐길 수 있는 저당 메뉴 (추천 당도 30%)
19	1458	781	가입하기
19	1556	24	배달비 0원 적용 중
19	1583	42	신메뉴
20	0	0	저당 얼그레이티 J
20	66	155	공차 강남교보타워점 내 메뉴를 찾아보세요
20	73	36	향긋한 베르가못향이 가미된 얼그레이티에 단맛을 더해도 부담없이 즐길 수 있는 저당 메뉴 (추천 당도 30%)
20	151	114	저당 시리즈
20	151	290	신메뉴
20	151	416	말차 시리즈
20	151	592	그릭요거티 시리즈
20	151	834	딸기&초코 시리즈
20	181	36	저당 우롱티 L
20	182	51	4 / 6
20	235	36	4,600원
20	248	321	공차 강남교보타워점
20	293	36	묵직하고 깊은 향의 고소한 우롱차에 단맛을 더해도 부담없이 즐길 수 있는 저당 메뉴 (추천 당도 30%)
20	298	404	4.8(2,244)
20	401	36	저당 우롱티 J
20	455	36	5,700원
20	513	36	묵직하고 깊은 향의 고소한 우롱차에 단맛을 더해도 부담없이 즐길 수 있는 저당 메뉴 (추천 당도 30%)
20	621	36	저당 자스민티 L
20	675	36	4,600원
20	733	36	향긋한 꽃 향이 느껴지는 싱그럽고 부드러운 자스민티에 단맛을 더해도 부담없이 즐길 수 있는 저당 메뉴 (추천 당도 30%)
20	841	36	저당 자스민티 J
20	895	36	5,700원
20	953	36	향긋한 꽃 향이 느껴지는 싱그럽고 부드러운 자스민티에 단맛을 더해도 부담없이 즐길 수 있는 저당 메뉴 (추천 당도 30%)
20	1091	42	신메뉴
20	1173	36	망고 쥬얼리 시그니처 밀크티L
20	1227	36	6,400원
20	1285	36	향긋한 자스민티와 달콤한 망고를 쫀득한 쥬얼리와 함께 즐기는 밀크티 (추천당도 50%)
20	1363	63	100% (3개)
20	1363	149	ㆍ
20	1363	193	리뷰 (1)
20	1437	36	말차 쥬얼리 시그니처 밀크티L
20	1441	121	지금 와우 가입하면 배달비 0원 + 25,000원 쿠폰
20	1458	781	가입하기
20	1491	36	6,400원
20	1549	36	달콤 쌉싸름한 말차를 쫀득한 쥬얼리와 함께 즐기는 밀크티 (추천당도 50%)
20	1556	24	배달비 0원 적용 중
20	1597	63	100% (3개)
20	1597	149	ㆍ
20	1597	193	리뷰 (3)
21	66	155	공차 강남교보타워점 내 메뉴를 찾아보세요
21	134	36	저당 자스민티 L
21	151	114	저당 시리즈
21	151	290	신메뉴
21	151	416	말차 시리즈
21	151	592	그릭요거티 시리즈
21	151	834	딸기&초코 시리즈
21	182	51	5 / 6
21	188	36	4,600원
21	246	36	향긋한 꽃 향이 느껴지는 싱그럽고 부드러운 자스민티에 단맛을 더해도 부담없이 즐길 수 있는 저당 메뉴 (추천 당도 30%)
21	248	321	공차 강남교보타워점
21	298	404	4.8(2,244)
21	354	36	저당 자스민티 J
21	408	36	5,700원
21	466	36	향긋한 꽃 향이 느껴지는 싱그럽고 부드러운 자스민티에 단맛을 더해도 부담없이 즐길 수 있는 저당 메뉴 (추천 당도 30%)
21	604	42	신메뉴
21	686	36	망고 쥬얼리 시그니처 밀크티L
21	740	36	6,400원
21	798	36	향긋한 자스민티와 달콤한 망고를 쫀득한 쥬얼리와 함께 즐기는 밀크티 (추천당도 50%)
21	876	63	100% (3개)
21	876	149	ㆍ
21	876	193	리뷰 (1)
21	950	36	말차 쥬얼리 시그니처 밀크티L
21	1004	36	6,400원
21	1062	36	달콤 쌉싸름한 말차를 쫀득한 쥬얼리와 함께 즐기는 밀크티 (추천당도 50%)
21	1110	63	100% (3개)
21	1110	149	ㆍ
21	1110	193	리뷰 (3)
21	1184	36	납작복숭아 아이스티 얼그레이+미니펄 J
21	1238	36	5,000원
21	1296	36	달콤한 납작복숭아에 향긋한 얼그레이티가 더해진 공차 스타일의 아이스티 (추천당도 30%)
21	1374	63	100% (2개)
21	1441	121	지금 와우 가입하면 배달비 0원 + 25,000원 쿠폰
21	1448	36	납작복숭아 아이스티 블랙+미니펄 J
21	1458	781	가입하기
21	1502	36	5,000원
21	1556	24	배달비 0원 적용 중
21	1560	36	달콤한 납작복숭아에 진하고 향긋한 블랙티가 더해진 공차 스타일의 아이스티 (추천당도 30%)
22	0	0	묵직하고 깊은 향의 우롱 밀크티에 달콤한 브라운슈가와 쫀득한 펄을 더한 스페셜 메뉴
22	0	0	브라운슈가 시그니처 우롱 밀크티+펄 J
22	66	155	공차 강남교보타워점 내 메뉴를 찾아보세요
22	132	42	신메뉴
22	151	114	신메뉴
22	151	240	말차 시리즈
22	151	416	그릭요거티 시리즈
22	151	658	딸기&초코 시리즈
22	182	51	6 / 6
22	193	36	망고 쥬얼리 시그니처 밀크티L
22	247	36	6,400원
22	248	321	공차 강남교보타워점
22	298	404	4.8(2,244)
22	305	36	향긋한 자스민티와 달콤한 망고를 쫀득한 쥬얼리와 함께 즐기는 밀크티 (추천당도 50%)
22	383	63	100% (3개)
22	383	149	ㆍ
22	383	193	리뷰 (1)
22	457	36	말차 쥬얼리 시그니처 밀크티L
22	511	36	6,400원
22	569	36	달콤 쌉싸름한 말차를 쫀득한 쥬얼리와 함께 즐기는 밀크티 (추천당도 50%)
22	617	63	100% (3개)
22	617	149	ㆍ
22	617	193	리뷰 (3)
22	691	36	납작복숭아 아이스티 얼그레이+미니펄 J
22	745	36	5,000원
22	803	36	달콤한 납작복숭아에 향긋한 얼그레이티가 더해진 공차 스타일의 아이스티 (추천당도 30%)
22	881	63	100% (2개)
22	955	36	납작복숭아 아이스티 블랙+미니펄 J
22	1009	36	5,000원
22	1067	36	달콤한 납작복숭아에 진하고 향긋한 블랙티가 더해진 공차 스타일의 아이스티 (추천당도 30%)
22	1175	36	납작복숭아 아이스티 얼그레이+샷 J
22	1229	36	4,800원
22	1287	36	납작복숭아와 향긋한 얼그레이티가 더해진 아이스티에 샷이 추가 되어 달콤 쌉싸름하고 시원하게 즐기는 아이스티 (추천당도 30%)
22	1395	36	브라운슈가 시그니처 우롱 밀크티+펄 L
22	1441	121	지금 와우 가입하면 배달비 0원 + 25,000원 쿠폰
22	1449	36	6,100원
22	1458	781	가입하기
22	1507	36	묵직하고 깊은 향의 우롱 밀크티에 달콤한 브라운슈가와 쫀득한 펄을 더한 스페셜 메뉴
22	1556	24	배달비 0원 적용 중
23	0	0	베르가못 향의 얼그레이 밀크티에 달콤한 브라운슈가와 쫀득한 펄을 더한 스페셜 메뉴
23	0	36	말차 쥬얼리 시그니처 밀크티L
23	66	155	공차 강남교보타워점 내 메뉴를 찾아보세요
23	74	36	달콤 쌉싸름한 말차를 쫀득한 쥬얼리와 함께 즐기는 밀크티 (추천당도 50%)
23	122	63	100% (3개)
23	122	149	ㆍ
23	122	193	리뷰 (3)
23	151	114	신메뉴
23	151	240	말차 시리즈
23	151	416	그릭요거티 시리즈
23	151	658	딸기&초코 시리즈
23	182	51	1 / 6
23	196	36	납작복숭아 아이스티 얼그레이+미니펄 J
23	248	321	공차 강남교보타워점
23	250	36	5,000원
23	298	404	4.8(2,244)
23	308	36	달콤한 납작복숭아에 향긋한 얼그레이티가 더해진 공차 스타일의 아이스티 (추천당도 30%)
23	386	63	100% (2개)
23	460	36	납작복숭아 아이스티 블랙+미니펄 J
23	514	36	5,000원
23	572	36	달콤한 납작복숭아에 진하고 향긋한 블랙티가 더해진 공차 스타일의 아이스티 (추천당도 30%)
23	680	36	납작복숭아 아이스티 얼그레이+샷 J
23	734	36	4,800원
23	792	36	납작복숭아와 향긋한 얼그레이티가 더해진 아이스티에 샷이 추가 되어 달콤 쌉싸름하고 시원하게 즐기는 아이스티 (추천당도 30%)
23	900	36	브라운슈가 시그니처 우롱 밀크티+펄 L
23	954	36	6,100원
23	1012	36	묵직하고 깊은 향의 우롱 밀크티에 달콤한 브라운슈가와 쫀득한 펄을 더한 스페셜 메뉴
23	1120	36	브라운슈가 시그니처 우롱 밀크티+펄 J
23	1174	36	7,200원
23	1232	36	묵직하고 깊은 향의 우롱 밀크티에 달콤한 브라운슈가와 쫀득한 펄을 더한 스페셜 메뉴
23	1340	36	브라운슈가 시그니처 얼그레이 밀크티+펄 L
23	1394	36	6,100원
23	1441	121	지금 와우 가입하면 배달비 0원 + 25,000원 쿠폰
23	1452	36	베르가못 향의 얼그레이 밀크티에 달콤한 브라운슈가와 쫀득한 펄을 더한 스페셜 메뉴
23	1458	781	가입하기
23	1556	24	배달비 0원 적용 중
23	1560	36	브라운슈가 시그니처 얼그레이 밀크티+펄 J
24	0	36	납작복숭아 아이스티 블랙+미니펄 J
24	66	155	공차 강남교보타워점 내 메뉴를 찾아보세요
24	87	36	달콤한 납작복숭아에 진하고 향긋한 블랙티가 더해진 공차 스타일의 아이스티 (추천당도 30%)
24	151	114	신메뉴
24	151	240	말차 시리즈
24	151	416	그릭요거티 시리즈
24	151	658	딸기&초코 시리즈
24	182	51	2 / 6
24	195	36	납작복숭아 아이스티 얼그레이+샷 J
24	248	321	공차 강남교보타워점
24	249	36	4,800원
24	298	404	4.8(2,244)
24	307	36	납작복숭아와 향긋한 얼그레이티가 더해진 아이스티에 샷이 추가 되어 달콤 쌉싸름하고 시원하게 즐기는 아이스티 (추천당도 30%)
24	415	36	브라운슈가 시그니처 우롱 밀크티+펄 L
24	469	36	6,100원
24	527	36	묵직하고 깊은 향의 우롱 밀크티에 달콤한 브라운슈가와 쫀득한 펄을 더한 스페셜 메뉴
24	635	36	브라운슈가 시그니처 우롱 밀크티+펄 J
24	689	36	7,200원
24	747	36	묵직하고 깊은 향의 우롱 밀크티에 달콤한 브라운슈가와 쫀득한 펄을 더한 스페셜 메뉴
24	855	36	브라운슈가 시그니처 얼그레이 밀크티+펄 L
24	909	36	6,100원
24	967	36	베르가못 향의 얼그레이 밀크티에 달콤한 브라운슈가와 쫀득한 펄을 더한 스페셜 메뉴
24	1075	36	브라운슈가 시그니처 얼그레이 밀크티+펄 J
24	1129	36	7,200원
24	1187	36	베르가못 향의 얼그레이 밀크티에 달콤한 브라운슈가와 쫀득한 펄을 더한 스페셜 메뉴
24	1295	36	딸기 쥬얼리 시그니처 밀크티
24	1349	36	6,100원
24	1407	36	새콤한 딸기 쥬얼리와 톡톡 씹히는 딸기, 진하게 퍼지는 얼그레이 향의 딸기쥬얼리 밀크티
24	1441	121	지금 와우 가입하면 배달비 0원 + 25,000원 쿠폰
24	1458	781	가입하기
24	1485	63	100% (2개)
24	1556	24	배달비 0원 적용 중
24	1589	42	말차 시리즈
25	0	0	100% (1개)
25	66	155	공차 강남교보타워점 내 메뉴를 찾아보세요
25	142	36	브라운슈가 시그니처 우롱 밀크티+펄 J
25	151	114	신메뉴
25	151	240	말차 시리즈
25	151	416	그릭요거티 시리즈
25	151	658	딸기&초코 시리즈
25	182	51	3 / 6
25	196	36	7,200원
25	248	321	공차 강남교보타워점
25	254	36	묵직하고 깊은 향의 우롱 밀크티에 달콤한 브라운슈가와 쫀득한 펄을 더한 스페셜 메뉴
25	298	404	4.8(2,244)
25	362	36	브라운슈가 시그니처 얼그레이 밀크티+펄 L
25	416	36	6,100원
25	474	36	베르가못 향의 얼그레이 밀크티에 달콤한 브라운슈가와 쫀득한 펄을 더한 스페셜 메뉴
25	582	36	브라운슈가 시그니처 얼그레이 밀크티+펄 J
25	636	36	7,200원
25	694	36	베르가못 향의 얼그레이 밀크티에 달콤한 브라운슈가와 쫀득한 펄을 더한 스페셜 메뉴
25	802	36	딸기 쥬얼리 시그니처 밀크티
25	856	36	6,100원
25	914	36	새콤한 딸기 쥬얼리와 톡톡 씹히는 딸기, 진하게 퍼지는 얼그레이 향의 딸기쥬얼리 밀크티
25	992	63	100% (2개)
25	1096	42	말차 시리즈
25	1178	36	말차샷 타로 밀크티 + 화이트펄 L
25	1232	36	6,100원
25	1290	36	고소한 타로 밀크티에 쌉싸름한 말차 샷이 어우러진 부드럽고 달콤한 프리미엄 밀크티 (추천당도 50%)
25	1368	63	100% (1개)
25	1441	121	지금 와우 가입하면 배달비 0원 + 25,000원 쿠폰
25	1442	36	말차 초코 스무디 L
25	1458	781	가입하기
25	1496	36	6,200원
25	1554	36	달콤한 초코 스무디에 말차폼이 어우러진 부드럽고 달콤한 프리미엄 스무디 (당도 고정)
25	1556	24	배달비 0원 적용 중
26	0	0	100% (1개)
26	0	0	ㆍ
26	0	0	리뷰 (1)
26	66	155	공차 강남교보타워점 내 메뉴를 찾아보세요
26	88	36	브라운슈가 시그니처 얼그레이 밀크티+펄 J
26	142	36	7,200원
26	151	114	신메뉴
26	151	240	말차 시리즈
26	151	416	그릭요거티 시리즈
26	151	658	딸기&초코 시리즈
26	182	51	4 / 6
26	200	36	베르가못 향의 얼그레이 밀크티에 달콤한 브라운슈가와 쫀득한 펄을 더한 스페셜 메뉴
26	248	321	공차 강남교보타워점
26	298	404	4.8(2,244)
26	308	36	딸기 쥬얼리 시그니처 밀크티
26	362	36	6,100원
26	420	36	새콤한 딸기 쥬얼리와 톡톡 씹히는 딸기, 진하게 퍼지는 얼그레이 향의 딸기쥬얼리 밀크티
26	498	63	100% (2개)
26	602	42	말차 시리즈
26	684	36	말차샷 타로 밀크티 + 화이트펄 L
26	738	36	6,100원
26	796	36	고소한 타로 밀크티에 쌉싸름한 말차 샷이 어우러진 부드럽고 달콤한 프리미엄 밀크티 (추천당도 50%)
26	874	63	100% (1개)
26	948	36	말차 초코 스무디 L
26	1002	36	6,200원
26	1060	36	달콤한 초코 스무디에 말차폼이 어우러진 부드럽고 달콤한 프리미엄 스무디 (당도 고정)
26	1138	63	100% (1개)
26	1212	36	더블 말차 밀크티 L
26	1266	36	5,900원
26	1324	36	향긋한 자스민티와 달콤 쌉싸름한 말차를 함께 즐기는 밀크티 (추천 당도 0%)
26	1396	63	100% (1개)
26	1441	121	지금 와우 가입하면 배달비 0원 + 25,000원 쿠폰
26	1458	781	가입하기
26	1470	36	얼그레이 말차 밀크티 + 펄 L
26	1524	36	6,100원
26	1556	24	배달비 0원 적용 중
26	1582	36	향긋한 얼그레이티에 달콤 쌉싸름한 말차와 쫀득한 펄을 더한 밀크티 (추천 당도 50%)
27	0	0	부드러운 말차 카스테라 함께 즐기는 달콤 쌉싸름한 말차 밀크티 SET (추천 당도 0%)
27	66	155	공차 강남교보타워점 내 메뉴를 찾아보세요
27	132	42	말차 시리즈
27	151	114	말차 시리즈
27	151	290	그릭요거티 시리즈
27	151	532	딸기&초코 시리즈
27	151	767	쥬얼리 시리즈
27	182	51	5 / 6
27	189	36	말차샷 타로 밀크티 + 화이트펄 L
27	243	36	6,100원
27	248	321	공차 강남교보타워점
27	298	404	4.8(2,244)
27	301	36	고소한 타로 밀크티에 쌉싸름한 말차 샷이 어우러진 부드럽고 달콤한 프리미엄 밀크티 (추천당도 50%)
27	379	63	100% (1개)
27	453	36	말차 초코 스무디 L
27	507	36	6,200원
27	565	36	달콤한 초코 스무디에 말차폼이 어우러진 부드럽고 달콤한 프리미엄 스무디 (당도 고정)
27	643	63	100% (1개)
27	717	36	더블 말차 밀크티 L
27	771	36	5,900원
27	829	36	향긋한 자스민티와 달콤 쌉싸름한 말차를 함께 즐기는 밀크티 (추천 당도 0%)
27	901	63	100% (1개)
27	975	36	얼그레이 말차 밀크티 + 펄 L
27	1029	36	6,100원
27	1087	36	향긋한 얼그레이티에 달콤 쌉싸름한 말차와 쫀득한 펄을 더한 밀크티 (추천 당도 50%)
27	1165	63	100% (1개)
27	1165	149	ㆍ
27	1165	193	리뷰 (1)
27	1239	36	자스민 코코 with 말차폼 L
27	1293	36	5,600원
27	1351	36	산뜻한 코코넛워터에 자스민티와 말차폼을 더해 함께 즐기는 티 (추천 당도 50%)
27	1423	63	리뷰 (1)
27	1441	121	지금 와우 가입하면 배달비 0원 + 25,000원 쿠폰
27	1458	781	가입하기
27	1497	36	말차 카스테라 샌드 + 더블 말차 밀크티 L
27	1551	36	11,300원
27	1556	24	배달비 0원 적용 중
28	0	0	100% (2개)
28	0	0	ㆍ
28	0	0	그릭요거트에 달콤한 망고와 상큼한 자몽이 더해진 크러쉬
28	0	0	리뷰 (1)
28	0	36	말차 초코 스무디 L
28	66	155	공차 강남교보타워점 내 메뉴를 찾아보세요
28	74	36	달콤한 초코 스무디에 말차폼이 어우러진 부드럽고 달콤한 프리미엄 스무디 (당도 고정)
28	151	114	말차 시리즈
28	151	290	그릭요거티 시리즈
28	151	532	딸기&초코 시리즈
28	151	767	쥬얼리 시리즈
28	152	63	100% (1개)
28	182	51	6 / 6
28	226	36	더블 말차 밀크티 L
28	248	321	공차 강남교보타워점
28	280	36	5,900원
28	298	404	4.8(2,244)
28	338	36	향긋한 자스민티와 달콤 쌉싸름한 말차를 함께 즐기는 밀크티 (추천 당도 0%)
28	410	63	100% (1개)
28	484	36	얼그레이 말차 밀크티 + 펄 L
28	538	36	6,100원
28	596	36	향긋한 얼그레이티에 달콤 쌉싸름한 말차와 쫀득한 펄을 더한 밀크티 (추천 당도 50%)
28	674	63	100% (1개)
28	674	149	ㆍ
28	674	193	리뷰 (1)
28	748	36	자스민 코코 with 말차폼 L
28	802	36	5,600원
28	860	36	산뜻한 코코넛워터에 자스민티와 말차폼을 더해 함께 즐기는 티 (추천 당도 50%)
28	932	63	리뷰 (1)
28	1006	36	말차 카스테라 샌드 + 더블 말차 밀크티 L
28	1060	36	11,300원
28	1118	36	부드러운 말차 카스테라 함께 즐기는 달콤 쌉싸름한 말차 밀크티 SET (추천 당도 0%)
28	1226	36	말차 카스테라 샌드 + 아메리카노 L
28	1280	36	9,600원
28	1338	36	부드러운 말차 카스텔라와 함께 즐기는 아이스 아메리카노 SET
28	1441	121	지금 와우 가입하면 배달비 0원 + 25,000원 쿠폰
28	1458	781	가입하기
28	1469	42	그릭요거티 시리즈
28	1551	36	그릭요거티 & 자몽 망고 미니펄 크러쉬 L
28	1556	24	배달비 0원 적용 중
29	0	0	100% (1개)
29	0	0	ㆍ
29	0	0	달콤한 망고와 깔끔한 자스민티 향에 꾸덕한 그릭데이 요거트를 얹은 크러쉬
29	0	0	리뷰 (1)
29	1	36	얼그레이 말차 밀크티 + 펄 L
29	66	155	공차 강남교보타워점 내 메뉴를 찾아보세요
29	113	36	향긋한 얼그레이티에 달콤 쌉싸름한 말차와 쫀득한 펄을 더한 밀크티 (추천 당도 50%)
29	151	114	말차 시리즈
29	151	290	그릭요거티 시리즈
29	151	532	딸기&초코 시리즈
29	151	767	쥬얼리 시리즈
29	182	51	1 / 6
29	191	63	100% (1개)
29	191	149	ㆍ
29	191	193	리뷰 (1)
29	248	321	공차 강남교보타워점
29	265	36	자스민 코코 with 말차폼 L
29	298	404	4.8(2,244)
29	319	36	5,600원
29	377	36	산뜻한 코코넛워터에 자스민티와 말차폼을 더해 함께 즐기는 티 (추천 당도 50%)
29	449	63	리뷰 (1)
29	523	36	말차 카스테라 샌드 + 더블 말차 밀크티 L
29	577	36	11,300원
29	635	36	부드러운 말차 카스테라 함께 즐기는 달콤 쌉싸름한 말차 밀크티 SET (추천 당도 0%)
29	743	36	말차 카스테라 샌드 + 아메리카노 L
29	797	36	9,600원
29	855	36	부드러운 말차 카스텔라와 함께 즐기는 아이스 아메리카노 SET
29	986	42	그릭요거티 시리즈
29	1068	36	그릭요거티 & 자몽 망고 미니펄 크러쉬 L
29	1122	36	7,000원
29	1180	36	그릭요거트에 달콤한 망고와 상큼한 자몽이 더해진 크러쉬
29	1228	63	100% (2개)
29	1228	149	ㆍ
29	1228	193	리뷰 (1)
29	1302	36	그릭요거티 & 펄 크러쉬 L
29	1356	36	6,800원
29	1414	36	깊고 진한 얼그레이 밀크티 위에 꾸덕한 그릭데이 요거트를 얹은 크러쉬
29	1441	121	지금 와우 가입하면 배달비 0원 + 25,000원 쿠폰
29	1458	781	가입하기
29	1462	63	80% (5개)
29	1462	139	ㆍ
29	1462	183	리뷰 (2)
29	1536	36	그릭요거티 & 망고 크러쉬 L
29	1556	24	배달비 0원 적용 중
29	1590	36	7,000원
30	38	36	말차 카스테라 샌드 + 더블 말차 밀크티 L
30	66	155	공차 강남교보타워점 내 메뉴를 찾아보세요
30	150	36	부드러운 말차 카스테라 함께 즐기는 달콤 쌉싸름한 말차 밀크티 SET (추천 당도 0%)
30	151	114	말차 시리즈
30	151	290	그릭요거티 시리즈
30	151	532	딸기&초코 시리즈
30	151	767	쥬얼리 시리즈
30	182	51	2 / 6
30	248	321	공차 강남교보타워점
30	258	36	말차 카스테라 샌드 + 아메리카노 L
30	298	404	4.8(2,244)
30	312	36	9,600원
30	370	36	부드러운 말차 카스텔라와 함께 즐기는 아이스 아메리카노 SET
30	501	42	그릭요거티 시리즈
30	583	36	그릭요거티 & 자몽 망고 미니펄 크러쉬 L
30	637	36	7,000원
30	695	36	그릭요거트에 달콤한 망고와 상큼한 자몽이 더해진 크러쉬
30	743	63	100% (2개)
30	743	149	ㆍ
30	743	193	리뷰 (1)
30	817	36	그릭요거티 & 펄 크러쉬 L
30	871	36	6,800원
30	929	36	깊고 진한 얼그레이 밀크티 위에 꾸덕한 그릭데이 요거트를 얹은 크러쉬
30	977	63	80% (5개)
30	977	139	ㆍ
30	977	183	리뷰 (2)
30	1051	36	그릭요거티 & 망고 크러쉬 L
30	1105	36	7,000원
30	1163	36	달콤한 망고와 깔끔한 자스민티 향에 꾸덕한 그릭데이 요거트를 얹은 크러쉬
30	1241	63	100% (1개)
30	1241	149	ㆍ
30	1241	193	리뷰 (1)
30	1315	36	그릭요거티 & 딸기 크러쉬 L
30	1369	36	7,000원
30	1427	36	상큼한 딸기 과육 위에 꾸덕한 그릭데이 요거트를 얹은 크러쉬
30	1441	121	지금 와우 가입하면 배달비 0원 + 25,000원 쿠폰
30	1458	781	가입하기
30	1475	63	100% (2개)
30	1475	149	ㆍ
30	1475	193	리뷰 (1)
30	1556	24	배달비 0원 적용 중
30	1579	42	딸기&초코 시리즈
31	0	0	100% (3개)
31	0	0	ㆍ
31	0	0	리뷰 (1)
31	0	0	향긋한 자스민티와 달콤한 망고를 쫀득한 쥬얼리와 함께 즐기는 밀크티 (추천당도 50%)
31	66	155	공차 강남교보타워점 내 메뉴를 찾아보세요
31	89	36	그릭요거티 & 자몽 망고 미니펄 크러쉬 L
31	143	36	7,000원
31	151	114	그릭요거티 시리즈
31	151	356	딸기&초코 시리즈
31	151	591	쥬얼리 시리즈
31	151	789	대용량 1L
31	182	51	3 / 6
31	201	36	그릭요거트에 달콤한 망고와 상큼한 자몽이 더해진 크러쉬
31	248	321	공차 강남교보타워점
31	249	63	100% (2개)
31	249	149	ㆍ
31	249	193	리뷰 (1)
31	298	404	4.8(2,244)
31	323	36	그릭요거티 & 펄 크러쉬 L
31	377	36	6,800원
31	435	36	깊고 진한 얼그레이 밀크티 위에 꾸덕한 그릭데이 요거트를 얹은 크러쉬
31	483	63	80% (5개)
31	483	139	ㆍ
31	483	183	리뷰 (2)
31	557	36	그릭요거티 & 망고 크러쉬 L
31	611	36	7,000원
31	669	36	달콤한 망고와 깔끔한 자스민티 향에 꾸덕한 그릭데이 요거트를 얹은 크러쉬
31	747	63	100% (1개)
31	747	149	ㆍ
31	747	193	리뷰 (1)
31	821	36	그릭요거티 & 딸기 크러쉬 L
31	875	36	7,000원
31	933	36	상큼한 딸기 과육 위에 꾸덕한 그릭데이 요거트를 얹은 크러쉬
31	981	63	100% (2개)
31	981	149	ㆍ
31	981	193	리뷰 (1)
31	1085	42	딸기&초코 시리즈
31	1167	36	리얼 퍼지 브라우니 + 아메리카노 L
31	1221	36	8,600원
31	1279	36	진한 초콜릿 풍미와 꾸덕하고 밀도높은 퍼지 브라우니와 아메리카노 SET
31	1410	42	쥬얼리 시리즈
31	1441	121	지금 와우 가입하면 배달비 0원 + 25,000원 쿠폰
31	1458	781	가입하기
31	1492	36	망고 쥬얼리 시그니처 밀크티L
31	1546	36	6,400원
31	1556	24	배달비 0원 적용 중
32	0	0	86% (14개)
32	0	0	ㆍ
32	0	0	고소한 타로 베이스에 쫀득한 타로 쥬얼리를 더한 시그니처 타로 밀크티
32	0	0	리뷰 (9)
32	63	36	그릭요거티 & 망고 크러쉬 L
32	66	155	공차 강남교보타워점 내 메뉴를 찾아보세요
32	132	36	7,000원
32	151	114	그릭요거티 시리즈
32	151	356	딸기&초코 시리즈
32	151	591	쥬얼리 시리즈
32	151	789	대용량 1L
32	175	36	달콤한 망고와 깔끔한 자스민티 향에 꾸덕한 그릭데이 요거트를 얹은 크러쉬
32	182	51	4 / 6
32	248	321	공차 강남교보타워점
32	253	63	100% (1개)
32	253	149	ㆍ
32	253	193	리뷰 (1)
32	298	404	4.8(2,244)
32	327	36	그릭요거티 & 딸기 크러쉬 L
32	381	36	7,000원
32	439	36	상큼한 딸기 과육 위에 꾸덕한 그릭데이 요거트를 얹은 크러쉬
32	487	63	100% (2개)
32	487	149	ㆍ
32	487	193	리뷰 (1)
32	591	42	딸기&초코 시리즈
32	673	36	리얼 퍼지 브라우니 + 아메리카노 L
32	727	36	8,600원
32	785	36	진한 초콜릿 풍미와 꾸덕하고 밀도높은 퍼지 브라우니와 아메리카노 SET
32	916	42	쥬얼리 시리즈
32	998	36	망고 쥬얼리 시그니처 밀크티L
32	1052	36	6,400원
32	1110	36	향긋한 자스민티와 달콤한 망고를 쫀득한 쥬얼리와 함께 즐기는 밀크티 (추천당도 50%)
32	1188	63	100% (3개)
32	1188	149	ㆍ
32	1188	193	리뷰 (1)
32	1262	36	말차 쥬얼리 시그니처 밀크티L
32	1316	36	6,400원
32	1374	36	달콤 쌉싸름한 말차를 쫀득한 쥬얼리와 함께 즐기는 밀크티 (추천당도 50%)
32	1422	63	100% (3개)
32	1422	149	ㆍ
32	1422	193	리뷰 (3)
32	1441	121	지금 와우 가입하면 배달비 0원 + 25,000원 쿠폰
32	1458	781	가입하기
32	1496	36	타로 쥬얼리 시그니처 밀크티 L
32	1550	36	6,400원
32	1556	24	배달비 0원 적용 중
33	0	0	92% (39개)
33	0	0	ㆍ
33	0	0	리뷰 (33)
33	66	155	공차 강남교보타워점 내 메뉴를 찾아보세요
33	132	42	딸기&초코 시리즈
33	151	114	딸기&초코 시리즈
33	151	350	쥬얼리 시리즈
33	151	548	대용량 1L
33	151	706	SET 메뉴
33	151	859	베스트 셀러
33	182	36	리얼 퍼지 브라우니 + 아메리카노 L
33	182	51	5 / 6
33	236	36	8,600원
33	248	321	공차 강남교보타워점
33	294	36	진한 초콜릿 풍미와 꾸덕하고 밀도높은 퍼지 브라우니와 아메리카노 SET
33	298	404	4.8(2,244)
33	425	42	쥬얼리 시리즈
33	507	36	망고 쥬얼리 시그니처 밀크티L
33	561	36	6,400원
33	619	36	향긋한 자스민티와 달콤한 망고를 쫀득한 쥬얼리와 함께 즐기는 밀크티 (추천당도 50%)
33	697	63	100% (3개)
33	697	149	ㆍ
33	697	193	리뷰 (1)
33	771	36	말차 쥬얼리 시그니처 밀크티L
33	825	36	6,400원
33	883	36	달콤 쌉싸름한 말차를 쫀득한 쥬얼리와 함께 즐기는 밀크티 (추천당도 50%)
33	931	63	100% (3개)
33	931	149	ㆍ
33	931	193	리뷰 (3)
33	1005	36	타로 쥬얼리 시그니처 밀크티 L
33	1059	36	6,400원
33	1117	36	고소한 타로 베이스에 쫀득한 타로 쥬얼리를 더한 시그니처 타로 밀크티
33	1165	63	86% (14개)
33	1165	149	ㆍ
33	1165	193	리뷰 (9)
33	1239	36	타로 쥬얼리 시그니처 밀크티 J
33	1293	36	7,500원
33	1351	36	고소한 타로 베이스에 쫀득한 타로 쥬얼리를 더한 시그니처 타로 밀크티
33	1399	63	100% (3개)
33	1399	149	ㆍ
33	1399	193	리뷰 (3)
33	1441	121	지금 와우 가입하면 배달비 0원 + 25,000원 쿠폰
33	1458	781	가입하기
33	1473	36	브라운슈가 쥬얼리 밀크티
33	1527	36	5,800원
33	1556	24	배달비 0원 적용 중
33	1585	36	[추천] Sugar고정 / Ice고정 / 부드럽고 달콤한 브라운 슈가 쥬얼리와 신선한 우유의 맛이 느껴지는 밀크티
34	0	0	100% (2개)
34	0	0	새콤한 딸기 쥬얼리와 톡톡 씹히는 딸기, 진하게 퍼지는 얼그레이 향의 딸기쥬얼리 밀크티
34	16	36	망고 쥬얼리 시그니처 밀크티L
34	66	155	공차 강남교보타워점 내 메뉴를 찾아보세요
34	128	36	향긋한 자스민티와 달콤한 망고를 쫀득한 쥬얼리와 함께 즐기는 밀크티 (추천당도 50%)
34	151	114	쥬얼리 시리즈
34	151	312	대용량 1L
34	151	470	SET 메뉴
34	151	623	베스트 셀러
34	151	799	밀크티
34	182	51	6 / 6
34	206	63	100% (3개)
34	206	149	ㆍ
34	206	193	리뷰 (1)
34	248	321	공차 강남교보타워점
34	280	36	말차 쥬얼리 시그니처 밀크티L
34	298	404	4.8(2,244)
34	334	36	6,400원
34	392	36	달콤 쌉싸름한 말차를 쫀득한 쥬얼리와 함께 즐기는 밀크티 (추천당도 50%)
34	440	63	100% (3개)
34	440	149	ㆍ
34	440	193	리뷰 (3)
34	514	36	타로 쥬얼리 시그니처 밀크티 L
34	568	36	6,400원
34	626	36	고소한 타로 베이스에 쫀득한 타로 쥬얼리를 더한 시그니처 타로 밀크티
34	674	63	86% (14개)
34	674	149	ㆍ
34	674	193	리뷰 (9)
34	748	36	타로 쥬얼리 시그니처 밀크티 J
34	802	36	7,500원
34	860	36	고소한 타로 베이스에 쫀득한 타로 쥬얼리를 더한 시그니처 타로 밀크티
34	908	63	100% (3개)
34	908	149	ㆍ
34	908	193	리뷰 (3)
34	982	36	브라운슈가 쥬얼리 밀크티
34	1036	36	5,800원
34	1094	36	[추천] Sugar고정 / Ice고정 / 부드럽고 달콤한 브라운 슈가 쥬얼리와 신선한 우유의 맛이 느껴지는 밀크티
34	1172	63	92% (39개)
34	1172	149	ㆍ
34	1172	193	리뷰 (33)
34	1247	45	리뷰최고
34	1273	36	딸기 쥬얼리 밀크티
34	1327	36	5,800원
34	1385	36	[추천] Sugar70% / Ice고정 / 얼그레이티로 만든 밀크티에 리얼 딸기 과즙이 함유된 새콤달콤한 딸기 쥬얼리를 더한 음료
34	1441	121	지금 와우 가입하면 배달비 0원 + 25,000원 쿠폰
34	1458	781	가입하기
34	1463	63	96% (57개)
34	1463	149	ㆍ
34	1463	193	리뷰 (20)
34	1537	36	딸기 쥬얼리 시그니처 밀크티
34	1556	24	배달비 0원 적용 중
34	1591	36	6,100원
35	29	36	타로 쥬얼리 시그니처 밀크티 L
35	66	155	공차 강남교보타워점 내 메뉴를 찾아보세요
35	141	36	고소한 타로 베이스에 쫀득한 타로 쥬얼리를 더한 시그니처 타로 밀크티
35	151	114	쥬얼리 시리즈
35	151	312	대용량 1L
35	151	470	SET 메뉴
35	151	623	베스트 셀러
35	151	799	밀크티
35	182	51	1 / 6
35	189	63	86% (14개)
35	189	149	ㆍ
35	189	193	리뷰 (9)
35	248	321	공차 강남교보타워점
35	263	36	타로 쥬얼리 시그니처 밀크티 J
35	298	404	4.8(2,244)
35	317	36	7,500원
35	375	36	고소한 타로 베이스에 쫀득한 타로 쥬얼리를 더한 시그니처 타로 밀크티
35	423	63	100% (3개)
35	423	149	ㆍ
35	423	193	리뷰 (3)
35	497	36	브라운슈가 쥬얼리 밀크티
35	551	36	5,800원
35	609	36	[추천] Sugar고정 / Ice고정 / 부드럽고 달콤한 브라운 슈가 쥬얼리와 신선한 우유의 맛이 느껴지는 밀크티
35	687	63	92% (39개)
35	687	149	ㆍ
35	687	193	리뷰 (33)
35	762	45	리뷰최고
35	788	36	딸기 쥬얼리 밀크티
35	842	36	5,800원
35	900	36	[추천] Sugar70% / Ice고정 / 얼그레이티로 만든 밀크티에 리얼 딸기 과즙이 함유된 새콤달콤한 딸기 쥬얼리를 더한 음료
35	978	63	96% (57개)
35	978	149	ㆍ
35	978	193	리뷰 (20)
35	1052	36	딸기 쥬얼리 시그니처 밀크티
35	1106	36	6,100원
35	1164	36	새콤한 딸기 쥬얼리와 톡톡 씹히는 딸기, 진하게 퍼지는 얼그레이 향의 딸기쥬얼리 밀크티
35	1242	63	100% (2개)
35	1346	42	대용량 1L
35	1428	36	아이스 아메리카노 1L
35	1441	121	지금 와우 가입하면 배달비 0원 + 25,000원 쿠폰
35	1458	781	가입하기
35	1482	36	7,000원
35	1540	36	대용량 1리터로 즐기는 공차 아이스 아메리카노
35	1556	24	배달비 0원 적용 중
35	1588	63	100% (1개)
36	4	36	브라운슈가 쥬얼리 밀크티
36	66	155	공차 강남교보타워점 내 메뉴를 찾아보세요
36	116	36	[추천] Sugar고정 / Ice고정 / 부드럽고 달콤한 브라운 슈가 쥬얼리와 신선한 우유의 맛이 느껴지는 밀크티
36	151	114	쥬얼리 시리즈
36	151	312	대용량 1L
36	151	470	SET 메뉴
36	151	623	베스트 셀러
36	151	799	밀크티
36	182	51	2 / 6
36	194	63	92% (39개)
36	194	149	ㆍ
36	194	193	리뷰 (33)
36	248	321	공차 강남교보타워점
36	269	45	리뷰최고
36	295	36	딸기 쥬얼리 밀크티
36	298	404	4.8(2,244)
36	349	36	5,800원
36	407	36	[추천] Sugar70% / Ice고정 / 얼그레이티로 만든 밀크티에 리얼 딸기 과즙이 함유된 새콤달콤한 딸기 쥬얼리를 더한 음료
36	485	63	96% (57개)
36	485	149	ㆍ
36	485	193	리뷰 (20)
36	559	36	딸기 쥬얼리 시그니처 밀크티
36	613	36	6,100원
36	671	36	새콤한 딸기 쥬얼리와 톡톡 씹히는 딸기, 진하게 퍼지는 얼그레이 향의 딸기쥬얼리 밀크티
36	749	63	100% (2개)
36	853	42	대용량 1L
36	935	36	아이스 아메리카노 1L
36	989	36	7,000원
36	1047	36	대용량 1리터로 즐기는 공차 아이스 아메리카노
36	1095	63	100% (1개)
36	1169	36	카페라떼 1L
36	1223	36	11,000원
36	1281	36	대용량으로 즐기는 공차 아이스 카페라떼
36	1329	63	100% (1개)
36	1403	36	블랙밀크티 1L + 펄
36	1441	121	지금 와우 가입하면 배달비 0원 + 25,000원 쿠폰
36	1457	36	9,900원
36	1458	781	가입하기
36	1515	36	(당도고정) 공차 베스트셀러, 블랙밀크티+펄을 대용량으로 즐기는 1리터 음료
36	1556	24	배달비 0원 적용 중
36	1593	63	100% (4개)
37	66	155	공차 강남교보타워점 내 메뉴를 찾아보세요
37	75	36	딸기 쥬얼리 시그니처 밀크티
37	132	36	6,100원
37	151	114	쥬얼리 시리즈
37	151	312	대용량 1L
37	151	470	SET 메뉴
37	151	623	베스트 셀러
37	151	799	밀크티
37	182	51	3 / 6
37	187	36	새콤한 딸기 쥬얼리와 톡톡 씹히는 딸기, 진하게 퍼지는 얼그레이 향의 딸기쥬얼리 밀크티
37	248	321	공차 강남교보타워점
37	265	63	100% (2개)
37	298	404	4.8(2,244)
37	369	42	대용량 1L
37	451	36	아이스 아메리카노 1L
37	505	36	7,000원
37	563	36	대용량 1리터로 즐기는 공차 아이스 아메리카노
37	611	63	100% (1개)
37	685	36	카페라떼 1L
37	739	36	11,000원
37	797	36	대용량으로 즐기는 공차 아이스 카페라떼
37	845	63	100% (1개)
37	919	36	블랙밀크티 1L + 펄
37	973	36	9,900원
37	1031	36	(당도고정) 공차 베스트셀러, 블랙밀크티+펄을 대용량으로 즐기는 1리터 음료
37	1109	63	100% (4개)
37	1183	36	타로밀크티 + 펄 1L
37	1237	36	9,900원
37	1343	63	100% (3개)
37	1417	36	망고 자스민티 + 화이트펄 1L
37	1441	121	지금 와우 가입하면 배달비 0원 + 25,000원 쿠폰
37	1458	781	가입하기
37	1471	36	11,900원
37	1556	24	배달비 0원 적용 중
37	1577	63	100% (2개)
38	0	0	부드러운 말차 카스테라 함께 즐기는 달콤 쌉싸름한 말차 밀크티 SET (추천 당도 0%)
38	0	36	아이스 아메리카노 1L
38	66	155	공차 강남교보타워점 내 메뉴를 찾아보세요
38	78	36	대용량 1리터로 즐기는 공차 아이스 아메리카노
38	126	63	100% (1개)
38	151	114	대용량 1L
38	151	273	SET 메뉴
38	151	426	베스트 셀러
38	151	602	밀크티
38	151	728	오리지널 티
38	182	51	4 / 6
38	200	36	카페라떼 1L
38	248	321	공차 강남교보타워점
38	254	36	11,000원
38	298	404	4.8(2,244)
38	312	36	대용량으로 즐기는 공차 아이스 카페라떼
38	360	63	100% (1개)
38	434	36	블랙밀크티 1L + 펄
38	488	36	9,900원
38	546	36	(당도고정) 공차 베스트셀러, 블랙밀크티+펄을 대용량으로 즐기는 1리터 음료
38	624	63	100% (4개)
38	698	36	타로밀크티 + 펄 1L
38	752	36	9,900원
38	858	63	100% (3개)
38	932	36	망고 자스민티 + 화이트펄 1L
38	986	36	11,900원
38	1092	63	100% (2개)
38	1196	42	SET 메뉴
38	1278	36	리얼 퍼지 브라우니 + 아메리카노 L
38	1332	36	8,600원
38	1390	36	진한 초콜릿 풍미와 꾸덕하고 밀도높은 퍼지 브라우니와 아메리카노 SET
38	1441	121	지금 와우 가입하면 배달비 0원 + 25,000원 쿠폰
38	1458	781	가입하기
38	1491	36	말차 카스테라 샌드 + 더블 말차 밀크티 L
38	1545	36	11,300원
38	1556	24	배달비 0원 적용 중
39	0	0	블랙밀크티 1L + 펄
39	56	36	(당도고정) 공차 베스트셀러, 블랙밀크티+펄을 대용량으로 즐기는 1리터 음료
39	66	155	공차 강남교보타워점 내 메뉴를 찾아보세요
39	134	63	100% (4개)
39	151	114	대용량 1L
39	151	273	SET 메뉴
39	151	426	베스트 셀러
39	151	602	밀크티
39	151	728	오리지널 티
39	182	51	5 / 6
39	208	36	타로밀크티 + 펄 1L
39	248	321	공차 강남교보타워점
39	262	36	9,900원
39	298	404	4.8(2,244)
39	368	63	100% (3개)
39	442	36	망고 자스민티 + 화이트펄 1L
39	496	36	11,900원
39	602	63	100% (2개)
39	706	42	SET 메뉴
39	788	36	리얼 퍼지 브라우니 + 아메리카노 L
39	842	36	8,600원
39	900	36	진한 초콜릿 풍미와 꾸덕하고 밀도높은 퍼지 브라우니와 아메리카노 SET
39	1001	36	말차 카스테라 샌드 + 더블 말차 밀크티 L
39	1055	36	11,300원
39	1113	36	부드러운 말차 카스테라 함께 즐기는 달콤 쌉싸름한 말차 밀크티 SET (추천 당도 0%)
39	1221	36	말차 카스테라 샌드 + 아메리카노 L
39	1275	36	9,600원
39	1333	36	부드러운 말차 카스텔라와 함께 즐기는 아이스 아메리카노 SET
39	1434	36	아메리카노1L+초코칩청크쿠키
39	1441	121	지금 와우 가입하면 배달비 0원 + 25,000원 쿠폰
39	1458	781	가입하기
39	1488	36	9,400원
39	1546	36	1리터 아이스아메리카노와 달콤한 쿠키를 함께 즐기는 SET 메뉴
39	1556	24	배달비 0원 적용 중
40	0	0	100% (4개)
40	0	0	[추천]Sugar0% / Ice 고정 / 브라질, 콜롬비아 외 대표적인 원두 5가지를 블렌딩하여 찾은 최적의 맛
40	0	0	ㆍ
40	0	0	리뷰 (4)
40	0	0	망고 자스민티 + 화이트펄 1L
40	66	155	공차 강남교보타워점 내 메뉴를 찾아보세요
40	117	63	100% (2개)
40	151	114	대용량 1L
40	151	273	SET 메뉴
40	151	426	베스트 셀러
40	151	602	밀크티
40	151	728	오리지널 티
40	182	51	6 / 6
40	221	42	SET 메뉴
40	248	321	공차 강남교보타워점
40	298	404	4.8(2,244)
40	303	36	리얼 퍼지 브라우니 + 아메리카노 L
40	357	36	8,600원
40	415	36	진한 초콜릿 풍미와 꾸덕하고 밀도높은 퍼지 브라우니와 아메리카노 SET
40	516	36	말차 카스테라 샌드 + 더블 말차 밀크티 L
40	570	36	11,300원
40	628	36	부드러운 말차 카스테라 함께 즐기는 달콤 쌉싸름한 말차 밀크티 SET (추천 당도 0%)
40	736	36	말차 카스테라 샌드 + 아메리카노 L
40	790	36	9,600원
40	848	36	부드러운 말차 카스텔라와 함께 즐기는 아이스 아메리카노 SET
40	949	36	아메리카노1L+초코칩청크쿠키
40	1003	36	9,400원
40	1061	36	1리터 아이스아메리카노와 달콤한 쿠키를 함께 즐기는 SET 메뉴
40	1192	42	베스트 셀러
40	1274	36	아메리카노 L
40	1328	36	4,200원
40	1386	36	[추천] Sugar50% / Ice고정 / 브라질, 콜롬비아 외 대표적인 원두 5가지를 블렌딩하여 찾은 최적의 맛
40	1441	121	지금 와우 가입하면 배달비 0원 + 25,000원 쿠폰
40	1458	781	가입하기
40	1464	63	100% (3개)
40	1464	149	ㆍ
40	1464	193	리뷰 (2)
40	1538	36	아메리카노 J
40	1556	24	배달비 0원 적용 중
40	1592	36	4,700원
41	0	0	98% (54개)
41	0	0	[추천] Sugar50% / Regular Ice (얼음 보통) / 공차 대표 메뉴 블랙밀크티와 쫄깃쫄깃한 펄의 콤비네이션
41	0	0	ㆍ
41	0	0	리뷰 (18)
41	20	36	말차 카스테라 샌드 + 더블 말차 밀크티 L
41	66	155	공차 강남교보타워점 내 메뉴를 찾아보세요
41	132	36	부드러운 말차 카스테라 함께 즐기는 달콤 쌉싸름한 말차 밀크티 SET (추천 당도 0%)
41	151	114	SET 메뉴
41	151	269	베스트 셀러
41	151	445	밀크티
41	151	571	오리지널 티
41	151	747	프룻티 &모어
41	182	51	1 / 6
41	240	36	말차 카스테라 샌드 + 아메리카노 L
41	248	321	공차 강남교보타워점
41	294	36	9,600원
41	298	404	4.8(2,244)
41	352	36	부드러운 말차 카스텔라와 함께 즐기는 아이스 아메리카노 SET
41	453	36	아메리카노1L+초코칩청크쿠키
41	507	36	9,400원
41	565	36	1리터 아이스아메리카노와 달콤한 쿠키를 함께 즐기는 SET 메뉴
41	696	42	베스트 셀러
41	778	36	아메리카노 L
41	832	36	4,200원
41	890	36	[추천] Sugar50% / Ice고정 / 브라질, 콜롬비아 외 대표적인 원두 5가지를 블렌딩하여 찾은 최적의 맛
41	968	63	100% (3개)
41	968	149	ㆍ
41	968	193	리뷰 (2)
41	1042	36	아메리카노 J
41	1096	36	4,700원
41	1154	36	[추천]Sugar0% / Ice 고정 / 브라질, 콜롬비아 외 대표적인 원두 5가지를 블렌딩하여 찾은 최적의 맛
41	1232	63	100% (4개)
41	1232	149	ㆍ
41	1232	193	리뷰 (4)
41	1307	45	주문많음
41	1307	133	리뷰최고
41	1333	36	블랙밀크티+펄 L
41	1387	36	5,500원
41	1441	121	지금 와우 가입하면 배달비 0원 + 25,000원 쿠폰
41	1445	36	[추천] Sugar50% / Regular Ice (얼음 보통) / 공차 대표 메뉴 블랙밀크티와 쫄깃쫄깃한 펄의 콤비네이션
41	1458	781	가입하기
41	1523	63	99% (93개)
41	1523	149	ㆍ
41	1523	193	리뷰 (51)
41	1556	24	배달비 0원 적용 중
41	1597	36	블랙밀크티+펄 J
42	0	0	아메리카노1L+초코칩청크쿠키
42	66	155	공차 강남교보타워점 내 메뉴를 찾아보세요
42	71	36	1리터 아이스아메리카노와 달콤한 쿠키를 함께 즐기는 SET 메뉴
42	151	114	SET 메뉴
42	151	269	베스트 셀러
42	151	445	밀크티
42	151	571	오리지널 티
42	151	747	프룻티 &모어
42	182	51	2 / 6
42	202	42	베스트 셀러
42	248	321	공차 강남교보타워점
42	284	36	아메리카노 L
42	298	404	4.8(2,244)
42	338	36	4,200원
42	396	36	[추천] Sugar50% / Ice고정 / 브라질, 콜롬비아 외 대표적인 원두 5가지를 블렌딩하여 찾은 최적의 맛
42	474	63	100% (3개)
42	474	149	ㆍ
42	474	193	리뷰 (2)
42	548	36	아메리카노 J
42	602	36	4,700원
42	660	36	[추천]Sugar0% / Ice 고정 / 브라질, 콜롬비아 외 대표적인 원두 5가지를 블렌딩하여 찾은 최적의 맛
42	738	63	100% (4개)
42	738	149	ㆍ
42	738	193	리뷰 (4)
42	813	45	주문많음
42	813	133	리뷰최고
42	839	36	블랙밀크티+펄 L
42	893	36	5,500원
42	951	36	[추천] Sugar50% / Regular Ice (얼음 보통) / 공차 대표 메뉴 블랙밀크티와 쫄깃쫄깃한 펄의 콤비네이션
42	1029	63	99% (93개)
42	1029	149	ㆍ
42	1029	193	리뷰 (51)
42	1103	36	블랙밀크티+펄 J
42	1157	36	6,800원
42	1215	36	[추천] Sugar50% / Regular Ice (얼음 보통) / 공차 대표 메뉴 블랙밀크티와 쫄깃쫄깃한 펄의 콤비네이션
42	1293	63	98% (54개)
42	1293	149	ㆍ
42	1293	193	리뷰 (18)
42	1368	45	주문많음
42	1394	36	타로밀크티+펄 L
42	1441	121	지금 와우 가입하면 배달비 0원 + 25,000원 쿠폰
42	1448	36	5,500원
42	1458	781	가입하기
42	1506	36	[추천] Sugar50% / Regular Ice (얼음 보통)
42	1554	63	95% (40개)
42	1554	149	ㆍ
42	1554	193	리뷰 (15)
42	1556	24	배달비 0원 적용 중
43	0	0	100% (4개)
43	0	0	[추천] Sugar50% / Ice고정
43	0	0	ㆍ
43	0	0	리뷰 (2)
43	0	0	제주그린밀크티 + 펄 J
43	54	36	아메리카노 J
43	66	155	공차 강남교보타워점 내 메뉴를 찾아보세요
43	132	36	4,700원
43	151	114	베스트 셀러
43	151	290	밀크티
43	151	416	오리지널 티
43	151	592	프룻티 &모어
43	151	783	커피
43	151	887	스무디
43	166	36	[추천]Sugar0% / Ice 고정 / 브라질, 콜롬비아 외 대표적인 원두 5가지를 블렌딩하여 찾은 최적의 맛
43	182	51	3 / 6
43	244	63	100% (4개)
43	244	149	ㆍ
43	244	193	리뷰 (4)
43	248	321	공차 강남교보타워점
43	298	404	4.8(2,244)
43	319	45	주문많음
43	319	133	리뷰최고
43	345	36	블랙밀크티+펄 L
43	399	36	5,500원
43	457	36	[추천] Sugar50% / Regular Ice (얼음 보통) / 공차 대표 메뉴 블랙밀크티와 쫄깃쫄깃한 펄의 콤비네이션
43	535	63	99% (93개)
43	535	149	ㆍ
43	535	193	리뷰 (51)
43	609	36	블랙밀크티+펄 J
43	663	36	6,800원
43	721	36	[추천] Sugar50% / Regular Ice (얼음 보통) / 공차 대표 메뉴 블랙밀크티와 쫄깃쫄깃한 펄의 콤비네이션
43	799	63	98% (54개)
43	799	149	ㆍ
43	799	193	리뷰 (18)
43	874	45	주문많음
43	900	36	타로밀크티+펄 L
43	954	36	5,500원
43	1012	36	[추천] Sugar50% / Regular Ice (얼음 보통)
43	1060	63	95% (40개)
43	1060	149	ㆍ
43	1060	193	리뷰 (15)
43	1134	36	타로밀크티+펄 J
43	1188	36	6,800원
43	1246	36	[추천] Sugar50% / Regular Ice (얼음 보통)
43	1294	63	100% (17개)
43	1294	159	ㆍ
43	1294	203	리뷰 (9)
43	1368	36	제주그린밀크티 + 펄 L
43	1422	36	5,800원
43	1441	121	지금 와우 가입하면 배달비 0원 + 25,000원 쿠폰
43	1458	781	가입하기
43	1480	36	[추천] Sugar50% / Ice고정
43	1528	63	100% (13개)
43	1528	159	ㆍ
43	1528	203	리뷰 (3)
43	1556	24	배달비 0원 적용 중
44	0	0	100% (1개)
44	0	0	[추천] Sugar70% / Regular Ice (얼음 보통)
44	66	155	공차 강남교보타워점 내 메뉴를 찾아보세요
44	124	36	블랙밀크티+펄 J
44	151	114	베스트 셀러
44	151	290	밀크티
44	151	416	오리지널 티
44	151	592	프룻티 &모어
44	151	783	커피
44	151	887	스무디
44	178	36	6,800원
44	182	51	4 / 6
44	236	36	[추천] Sugar50% / Regular Ice (얼음 보통) / 공차 대표 메뉴 블랙밀크티와 쫄깃쫄깃한 펄의 콤비네이션
44	248	321	공차 강남교보타워점
44	298	404	4.8(2,244)
44	314	63	98% (54개)
44	314	149	ㆍ
44	314	193	리뷰 (18)
44	389	45	주문많음
44	415	36	타로밀크티+펄 L
44	469	36	5,500원
44	527	36	[추천] Sugar50% / Regular Ice (얼음 보통)
44	575	63	95% (40개)
44	575	149	ㆍ
44	575	193	리뷰 (15)
44	649	36	타로밀크티+펄 J
44	703	36	6,800원
44	761	36	[추천] Sugar50% / Regular Ice (얼음 보통)
44	809	63	100% (17개)
44	809	159	ㆍ
44	809	203	리뷰 (9)
44	883	36	제주그린밀크티 + 펄 L
44	937	36	5,800원
44	995	36	[추천] Sugar50% / Ice고정
44	1043	63	100% (13개)
44	1043	159	ㆍ
44	1043	203	리뷰 (3)
44	1117	36	제주그린밀크티 + 펄 J
44	1171	36	7,100원
44	1229	36	[추천] Sugar50% / Ice고정
44	1277	63	100% (4개)
44	1277	149	ㆍ
44	1277	193	리뷰 (2)
44	1351	36	초콜렛 밀크티 +치즈폼 L
44	1405	36	5,900원
44	1441	121	지금 와우 가입하면 배달비 0원 + 25,000원 쿠폰
44	1458	781	가입하기
44	1463	36	[추천] Sugar70% / Regular Ice (얼음 보통)
44	1511	63	리뷰 (1)
44	1556	24	배달비 0원 적용 중
44	1585	36	초콜렛 밀크티 +치즈폼 J
45	0	0	100% (18개)
45	0	0	[추천] Sugar50% / Ice고정
45	0	0	ㆍ
45	0	0	리뷰 (1)
45	66	155	공차 강남교보타워점 내 메뉴를 찾아보세요
45	151	114	베스트 셀러
45	151	290	밀크티
45	151	416	오리지널 티
45	151	592	프룻티 &모어
45	151	783	커피
45	151	887	스무디
45	154	36	타로밀크티+펄 J
45	182	51	5 / 6
45	208	36	6,800원
45	248	321	공차 강남교보타워점
45	266	36	[추천] Sugar50% / Regular Ice (얼음 보통)
45	298	404	4.8(2,244)
45	314	63	100% (17개)
45	314	159	ㆍ
45	314	203	리뷰 (9)
45	388	36	제주그린밀크티 + 펄 L
45	442	36	5,800원
45	500	36	[추천] Sugar50% / Ice고정
45	548	63	100% (13개)
45	548	159	ㆍ
45	548	203	리뷰 (3)
45	622	36	제주그린밀크티 + 펄 J
45	676	36	7,100원
45	734	36	[추천] Sugar50% / Ice고정
45	782	63	100% (4개)
45	782	149	ㆍ
45	782	193	리뷰 (2)
45	856	36	초콜렛 밀크티 +치즈폼 L
45	910	36	5,900원
45	968	36	[추천] Sugar70% / Regular Ice (얼음 보통)
45	1016	63	리뷰 (1)
45	1090	36	초콜렛 밀크티 +치즈폼 J
45	1144	36	7,200원
45	1202	36	[추천] Sugar70% / Regular Ice (얼음 보통)
45	1250	63	100% (1개)
45	1324	36	미니펄 망고밀크 + 리얼망고 L
45	1378	36	6,500원
45	1436	36	[추천] Sugar50% / Ice고정
45	1441	121	지금 와우 가입하면 배달비 0원 + 25,000원 쿠폰
45	1458	781	가입하기
45	1484	63	100% (10개)
45	1484	159	ㆍ
45	1484	203	리뷰 (3)
45	1556	24	배달비 0원 적용 중
45	1558	36	미니펄 망고밀크 + 리얼망고 J
46	0	0	100% (1개)
46	0	0	[추천] Sugar50%
46	0	0	ㆍ
46	0	0	리뷰 (1)
46	66	155	공차 강남교보타워점 내 메뉴를 찾아보세요
46	137	36	제주그린밀크티 + 펄 J
46	151	114	베스트 셀러
46	151	290	밀크티
46	151	416	오리지널 티
46	151	592	프룻티 &모어
46	151	783	커피
46	151	887	스무디
46	182	51	6 / 6
46	191	36	7,100원
46	248	321	공차 강남교보타워점
46	249	36	[추천] Sugar50% / Ice고정
46	297	63	100% (4개)
46	297	149	ㆍ
46	297	193	리뷰 (2)
46	298	404	4.8(2,244)
46	371	36	초콜렛 밀크티 +치즈폼 L
46	425	36	5,900원
46	483	36	[추천] Sugar70% / Regular Ice (얼음 보통)
46	531	63	리뷰 (1)
46	605	36	초콜렛 밀크티 +치즈폼 J
46	659	36	7,200원
46	717	36	[추천] Sugar70% / Regular Ice (얼음 보통)
46	765	63	100% (1개)
46	839	36	미니펄 망고밀크 + 리얼망고 L
46	893	36	6,500원
46	951	36	[추천] Sugar50% / Ice고정
46	999	63	100% (10개)
46	999	159	ㆍ
46	999	203	리뷰 (3)
46	1073	36	미니펄 망고밀크 + 리얼망고 J
46	1127	36	7,600원
46	1185	36	[추천] Sugar50% / Ice고정
46	1233	63	100% (18개)
46	1233	159	ㆍ
46	1233	203	리뷰 (1)
46	1307	36	허니 자몽 블랙티 L
46	1361	36	5,100원
46	1419	36	[추천] Sugar50%
46	1441	121	지금 와우 가입하면 배달비 0원 + 25,000원 쿠폰
46	1458	781	가입하기
46	1467	63	100% (5개)
46	1467	149	ㆍ
46	1467	193	리뷰 (2)
46	1541	36	허니 자몽 블랙티 J
46	1556	24	배달비 0원 적용 중
46	1595	36	6,200원
47	0	0	100% (11개)
47	0	0	[추천] Sugar30% / Regular Ice (얼음 보통) / 달콤한 망고 과육과 요구르트에 화이트펄의 꼬들꼬들함이 느껴지는 주스
47	0	0	ㆍ
47	0	0	리뷰 (2)
47	66	155	공차 강남교보타워점 내 메뉴를 찾아보세요
47	113	36	초콜렛 밀크티 +치즈폼 J
47	151	114	베스트 셀러
47	151	290	밀크티
47	151	416	오리지널 티
47	151	592	프룻티 &모어
47	151	783	커피
47	151	887	스무디
47	167	36	7,200원
47	182	51	1 / 6
47	225	36	[추천] Sugar70% / Regular Ice (얼음 보통)
47	248	321	공차 강남교보타워점
47	273	63	100% (1개)
47	298	404	4.8(2,244)
47	347	36	미니펄 망고밀크 + 리얼망고 L
47	401	36	6,500원
47	459	36	[추천] Sugar50% / Ice고정
47	507	63	100% (10개)
47	507	159	ㆍ
47	507	203	리뷰 (3)
47	581	36	미니펄 망고밀크 + 리얼망고 J
47	635	36	7,600원
47	693	36	[추천] Sugar50% / Ice고정
47	741	63	100% (18개)
47	741	159	ㆍ
47	741	203	리뷰 (1)
47	815	36	허니 자몽 블랙티 L
47	869	36	5,100원
47	927	36	[추천] Sugar50%
47	975	63	100% (5개)
47	975	149	ㆍ
47	975	193	리뷰 (2)
47	1049	36	허니 자몽 블랙티 J
47	1103	36	6,200원
47	1161	36	[추천] Sugar50%
47	1209	63	100% (1개)
47	1209	149	ㆍ
47	1209	193	리뷰 (1)
47	1283	36	망고요구르트+화이트펄 L
47	1337	36	6,200원
47	1395	36	[추천] Sugar30% / Regular Ice (얼음 보통) / 달콤한 망고 과육과 요구르트에 화이트펄의 꼬들꼬들함이 느껴지는 주스
47	1441	121	지금 와우 가입하면 배달비 0원 + 25,000원 쿠폰
47	1458	781	가입하기
47	1473	63	100% (16개)
47	1473	159	ㆍ
47	1473	203	리뷰 (11)
47	1547	36	망고요구르트+화이트펄 J
47	1556	24	배달비 0원 적용 중
48	0	0	100% (13개)
48	0	0	[추천] Sugar50% / Regular Ice (얼음 보통)
48	0	0	ㆍ
48	0	0	리뷰 (3)
48	66	155	공차 강남교보타워점 내 메뉴를 찾아보세요
48	95	36	미니펄 망고밀크 + 리얼망고 J
48	149	36	7,600원
48	151	114	베스트 셀러
48	151	290	밀크티
48	151	416	오리지널 티
48	151	592	프룻티 &모어
48	151	783	커피
48	151	887	스무디
48	182	51	2 / 6
48	207	36	[추천] Sugar50% / Ice고정
48	248	321	공차 강남교보타워점
48	255	63	100% (18개)
48	255	159	ㆍ
48	255	203	리뷰 (1)
48	298	404	4.8(2,244)
48	329	36	허니 자몽 블랙티 L
48	383	36	5,100원
48	441	36	[추천] Sugar50%
48	489	63	100% (5개)
48	489	149	ㆍ
48	489	193	리뷰 (2)
48	563	36	허니 자몽 블랙티 J
48	617	36	6,200원
48	675	36	[추천] Sugar50%
48	723	63	100% (1개)
48	723	149	ㆍ
48	723	193	리뷰 (1)
48	797	36	망고요구르트+화이트펄 L
48	851	36	6,200원
48	909	36	[추천] Sugar30% / Regular Ice (얼음 보통) / 달콤한 망고 과육과 요구르트에 화이트펄의 꼬들꼬들함이 느껴지는 주스
48	987	63	100% (16개)
48	987	159	ㆍ
48	987	203	리뷰 (11)
48	1061	36	망고요구르트+화이트펄 J
48	1115	36	7,500원
48	1173	36	[추천] Sugar30% / Regular Ice (얼음 보통) / 달콤한 망고 과육과 요구르트에 화이트펄의 꼬들꼬들함이 느껴지는 주스
48	1251	63	100% (11개)
48	1251	159	ㆍ
48	1251	203	리뷰 (2)
48	1325	36	우롱티+코코넛+밀크폼 L
48	1379	36	5,700원
48	1437	36	[추천] Sugar50% / Regular Ice (얼음 보통)
48	1441	121	지금 와우 가입하면 배달비 0원 + 25,000원 쿠폰
48	1458	781	가입하기
48	1485	63	86% (7개)
48	1485	139	ㆍ
48	1485	183	리뷰 (7)
48	1556	24	배달비 0원 적용 중
48	1559	36	우롱티+코코넛+밀크폼 J
49	66	155	공차 강남교보타워점 내 메뉴를 찾아보세요
49	71	36	허니 자몽 블랙티 J
49	132	36	6,200원
49	151	114	베스트 셀러
49	151	290	밀크티
49	151	416	오리지널 티
49	151	592	프룻티 &모어
49	151	783	커피
49	151	887	스무디
49	182	51	3 / 6
49	183	36	[추천] Sugar50%
49	231	63	100% (1개)
49	231	149	ㆍ
49	231	193	리뷰 (1)
49	248	321	공차 강남교보타워점
49	298	404	4.8(2,244)
49	305	36	망고요구르트+화이트펄 L
49	359	36	6,200원
49	417	36	[추천] Sugar30% / Regular Ice (얼음 보통) / 달콤한 망고 과육과 요구르트에 화이트펄의 꼬들꼬들함이 느껴지는 주스
49	495	63	100% (16개)
49	495	159	ㆍ
49	495	203	리뷰 (11)
49	569	36	망고요구르트+화이트펄 J
49	623	36	7,500원
49	681	36	[추천] Sugar30% / Regular Ice (얼음 보통) / 달콤한 망고 과육과 요구르트에 화이트펄의 꼬들꼬들함이 느껴지는 주스
49	759	63	100% (11개)
49	759	159	ㆍ
49	759	203	리뷰 (2)
49	833	36	우롱티+코코넛+밀크폼 L
49	887	36	5,700원
49	945	36	[추천] Sugar50% / Regular Ice (얼음 보통)
49	993	63	86% (7개)
49	993	139	ㆍ
49	993	183	리뷰 (7)
49	1067	36	우롱티+코코넛+밀크폼 J
49	1121	36	7,200원
49	1179	36	[추천] Sugar50% / Regular Ice (얼음 보통)
49	1227	63	100% (13개)
49	1227	159	ㆍ
49	1227	203	리뷰 (3)
49	1301	36	딸기 쿠키 스무디+펄
49	1355	36	6,600원
49	1413	36	Sugar고정 / Ice고정
49	1441	121	지금 와우 가입하면 배달비 0원 + 25,000원 쿠폰
49	1458	781	가입하기
49	1461	63	100% (13개)
49	1461	159	ㆍ
49	1461	203	리뷰 (8)
49	1556	24	배달비 0원 적용 중
49	1565	42	밀크티
50	0	0	92% (12개)
50	0	0	ㆍ
50	0	0	리뷰 (2)
50	0	0	브라운슈가 시그니처 밀크티+펄 L
50	0	0	브라운슈가에 블랙밀크티를 더한 시그니처 밀크티
50	66	155	공차 강남교보타워점 내 메뉴를 찾아보세요
50	74	36	망고요구르트+화이트펄 J
50	132	36	7,500원
50	151	114	베스트 셀러
50	151	290	밀크티
50	151	416	오리지널 티
50	151	592	프룻티 &모어
50	151	783	커피
50	151	887	스무디
50	182	51	4 / 6
50	186	36	[추천] Sugar30% / Regular Ice (얼음 보통) / 달콤한 망고 과육과 요구르트에 화이트펄의 꼬들꼬들함이 느껴지는 주스
50	248	321	공차 강남교보타워점
50	264	63	100% (11개)
50	264	159	ㆍ
50	264	203	리뷰 (2)
50	298	404	4.8(2,244)
50	338	36	우롱티+코코넛+밀크폼 L
50	392	36	5,700원
50	450	36	[추천] Sugar50% / Regular Ice (얼음 보통)
50	498	63	86% (7개)
50	498	139	ㆍ
50	498	183	리뷰 (7)
50	572	36	우롱티+코코넛+밀크폼 J
50	626	36	7,200원
50	684	36	[추천] Sugar50% / Regular Ice (얼음 보통)
50	732	63	100% (13개)
50	732	159	ㆍ
50	732	203	리뷰 (3)
50	806	36	딸기 쿠키 스무디+펄
50	860	36	6,600원
50	918	36	Sugar고정 / Ice고정
50	966	63	100% (13개)
50	966	159	ㆍ
50	966	203	리뷰 (8)
50	1070	42	밀크티
50	1152	36	타로 쥬얼리 시그니처 밀크티 L
50	1206	36	6,400원
50	1264	36	고소한 타로 베이스에 쫀득한 타로 쥬얼리를 더한 시그니처 타로 밀크티
50	1312	63	86% (14개)
50	1312	149	ㆍ
50	1312	193	리뷰 (9)
50	1386	36	타로 쥬얼리 시그니처 밀크티 J
50	1440	36	7,500원
50	1441	121	지금 와우 가입하면 배달비 0원 + 25,000원 쿠폰
50	1458	781	가입하기
50	1498	36	고소한 타로 베이스에 쫀득한 타로 쥬얼리를 더한 시그니처 타로 밀크티
50	1546	63	100% (3개)
50	1546	149	ㆍ
50	1546	193	리뷰 (3)
50	1556	24	배달비 0원 적용 중
51	0	0	묵직하고 깊은 향의 우롱 밀크티에 달콤한 브라운슈가와 쫀득한 펄을 더한 스페셜 메뉴
51	66	155	공차 강남교보타워점 내 메뉴를 찾아보세요
51	78	36	우롱티+코코넛+밀크폼 J
51	132	36	7,200원
51	151	114	베스트 셀러
51	151	290	밀크티
51	151	416	오리지널 티
51	151	592	프룻티 &모어
51	151	783	커피
51	151	887	스무디
51	182	51	5 / 6
51	190	36	[추천] Sugar50% / Regular Ice (얼음 보통)
51	238	63	100% (13개)
51	238	159	ㆍ
51	238	203	리뷰 (3)
51	248	321	공차 강남교보타워점
51	298	404	4.8(2,244)
51	312	36	딸기 쿠키 스무디+펄
51	366	36	6,600원
51	424	36	Sugar고정 / Ice고정
51	472	63	100% (13개)
51	472	159	ㆍ
51	472	203	리뷰 (8)
51	576	42	밀크티
51	658	36	타로 쥬얼리 시그니처 밀크티 L
51	712	36	6,400원
51	770	36	고소한 타로 베이스에 쫀득한 타로 쥬얼리를 더한 시그니처 타로 밀크티
51	818	63	86% (14개)
51	818	149	ㆍ
51	818	193	리뷰 (9)
51	892	36	타로 쥬얼리 시그니처 밀크티 J
51	946	36	7,500원
51	1004	36	고소한 타로 베이스에 쫀득한 타로 쥬얼리를 더한 시그니처 타로 밀크티
51	1052	63	100% (3개)
51	1052	149	ㆍ
51	1052	193	리뷰 (3)
51	1126	36	브라운슈가 시그니처 밀크티+펄 L
51	1180	36	6,100원
51	1238	36	브라운슈가에 블랙밀크티를 더한 시그니처 밀크티
51	1286	63	92% (12개)
51	1286	149	ㆍ
51	1286	193	리뷰 (2)
51	1360	36	브라운슈가 시그니처 밀크티+펄 J
51	1414	36	7,200원
51	1441	121	지금 와우 가입하면 배달비 0원 + 25,000원 쿠폰
51	1458	781	가입하기
51	1472	36	브라운슈가에 블랙밀크티를 더한 시그니처 밀크티
51	1520	63	86% (7개)
51	1520	139	ㆍ
51	1520	183	리뷰 (8)
51	1556	24	배달비 0원 적용 중
51	1594	36	브라운슈가 시그니처 우롱 밀크티+펄 L
52	0	0	베르가못 향의 얼그레이 밀크티에 달콤한 브라운슈가와 쫀득한 펄을 더한 스페셜 메뉴
52	66	155	공차 강남교보타워점 내 메뉴를 찾아보세요
52	151	114	밀크티
52	151	240	오리지널 티
52	151	416	프룻티 &모어
52	151	607	커피
52	151	711	스무디
52	155	837	FOOD
52	172	36	타로 쥬얼리 시그니처 밀크티 L
52	182	51	6 / 6
52	226	36	6,400원
52	248	321	공차 강남교보타워점
52	284	36	고소한 타로 베이스에 쫀득한 타로 쥬얼리를 더한 시그니처 타로 밀크티
52	298	404	4.8(2,244)
52	332	63	86% (14개)
52	332	149	ㆍ
52	332	193	리뷰 (9)
52	406	36	타로 쥬얼리 시그니처 밀크티 J
52	460	36	7,500원
52	518	36	고소한 타로 베이스에 쫀득한 타로 쥬얼리를 더한 시그니처 타로 밀크티
52	566	63	100% (3개)
52	566	149	ㆍ
52	566	193	리뷰 (3)
52	640	36	브라운슈가 시그니처 밀크티+펄 L
52	694	36	6,100원
52	752	36	브라운슈가에 블랙밀크티를 더한 시그니처 밀크티
52	800	63	92% (12개)
52	800	149	ㆍ
52	800	193	리뷰 (2)
52	874	36	브라운슈가 시그니처 밀크티+펄 J
52	928	36	7,200원
52	986	36	브라운슈가에 블랙밀크티를 더한 시그니처 밀크티
52	1034	63	86% (7개)
52	1034	139	ㆍ
52	1034	183	리뷰 (8)
52	1108	36	브라운슈가 시그니처 우롱 밀크티+펄 L
52	1162	36	6,100원
52	1220	36	묵직하고 깊은 향의 우롱 밀크티에 달콤한 브라운슈가와 쫀득한 펄을 더한 스페셜 메뉴
52	1328	36	브라운슈가 시그니처 우롱 밀크티+펄 J
52	1382	36	7,200원
52	1440	36	묵직하고 깊은 향의 우롱 밀크티에 달콤한 브라운슈가와 쫀득한 펄을 더한 스페셜 메뉴
52	1441	121	지금 와우 가입하면 배달비 0원 + 25,000원 쿠폰
52	1458	781	가입하기
52	1548	36	브라운슈가 시그니처 얼그레이 밀크티+펄 L
52	1556	24	배달비 0원 적용 중
53	0	0	100% (1개)
53	0	0	ㆍ
53	0	0	리뷰 (2)
53	0	0	브라운슈가에 블랙밀크티를 더한 시그니처 밀크티
53	66	155	공차 강남교보타워점 내 메뉴를 찾아보세요
53	146	36	브라운슈가 시그니처 밀크티+펄 L
53	151	114	밀크티
53	151	240	오리지널 티
53	151	416	프룻티 &모어
53	151	607	커피
53	151	711	스무디
53	155	837	FOOD
53	182	51	1 / 6
53	200	36	6,100원
53	248	321	공차 강남교보타워점
53	258	36	브라운슈가에 블랙밀크티를 더한 시그니처 밀크티
53	298	404	4.8(2,244)
53	306	63	92% (12개)
53	306	149	ㆍ
53	306	193	리뷰 (2)
53	380	36	브라운슈가 시그니처 밀크티+펄 J
53	434	36	7,200원
53	492	36	브라운슈가에 블랙밀크티를 더한 시그니처 밀크티
53	540	63	86% (7개)
53	540	139	ㆍ
53	540	183	리뷰 (8)
53	614	36	브라운슈가 시그니처 우롱 밀크티+펄 L
53	668	36	6,100원
53	726	36	묵직하고 깊은 향의 우롱 밀크티에 달콤한 브라운슈가와 쫀득한 펄을 더한 스페셜 메뉴
53	834	36	브라운슈가 시그니처 우롱 밀크티+펄 J
53	888	36	7,200원
53	946	36	묵직하고 깊은 향의 우롱 밀크티에 달콤한 브라운슈가와 쫀득한 펄을 더한 스페셜 메뉴
53	1054	36	브라운슈가 시그니처 얼그레이 밀크티+펄 L
53	1108	36	6,100원
53	1166	36	베르가못 향의 얼그레이 밀크티에 달콤한 브라운슈가와 쫀득한 펄을 더한 스페셜 메뉴
53	1274	36	브라운슈가 시그니처 얼그레이 밀크티+펄 J
53	1328	36	7,200원
53	1386	36	베르가못 향의 얼그레이 밀크티에 달콤한 브라운슈가와 쫀득한 펄을 더한 스페셜 메뉴
53	1441	121	지금 와우 가입하면 배달비 0원 + 25,000원 쿠폰
53	1458	781	가입하기
53	1494	36	브라운슈가 시그니처 밀크티+미니펄 L
53	1548	36	6,100원
53	1556	24	배달비 0원 적용 중
54	0	0	100% (32개)
54	0	0	ㆍ
54	0	0	리뷰 (15)
54	66	155	공차 강남교보타워점 내 메뉴를 찾아보세요
54	122	36	브라운슈가 시그니처 우롱 밀크티+펄 L
54	151	114	밀크티
54	151	240	오리지널 티
54	151	416	프룻티 &모어
54	151	607	커피
54	151	711	스무디
54	155	837	FOOD
54	176	36	6,100원
54	182	51	2 / 6
54	234	36	묵직하고 깊은 향의 우롱 밀크티에 달콤한 브라운슈가와 쫀득한 펄을 더한 스페셜 메뉴
54	248	321	공차 강남교보타워점
54	298	404	4.8(2,244)
54	342	36	브라운슈가 시그니처 우롱 밀크티+펄 J
54	396	36	7,200원
54	454	36	묵직하고 깊은 향의 우롱 밀크티에 달콤한 브라운슈가와 쫀득한 펄을 더한 스페셜 메뉴
54	562	36	브라운슈가 시그니처 얼그레이 밀크티+펄 L
54	616	36	6,100원
54	674	36	베르가못 향의 얼그레이 밀크티에 달콤한 브라운슈가와 쫀득한 펄을 더한 스페셜 메뉴
54	782	36	브라운슈가 시그니처 얼그레이 밀크티+펄 J
54	836	36	7,200원
54	894	36	베르가못 향의 얼그레이 밀크티에 달콤한 브라운슈가와 쫀득한 펄을 더한 스페셜 메뉴
54	1002	36	브라운슈가 시그니처 밀크티+미니펄 L
54	1056	36	6,100원
54	1114	36	브라운슈가에 블랙밀크티를 더한 시그니처 밀크티
54	1162	63	100% (1개)
54	1162	149	ㆍ
54	1162	193	리뷰 (2)
54	1236	36	브라운슈가 시그니처 밀크티+미니펄 J
54	1290	36	7,200원
54	1348	36	브라운슈가에 블랙밀크티를 더한 시그니처 밀크티
54	1396	63	100% (3개)
54	1396	149	ㆍ
54	1396	193	리뷰 (1)
54	1441	121	지금 와우 가입하면 배달비 0원 + 25,000원 쿠폰
54	1458	781	가입하기
54	1470	36	블랙 밀크티 L
54	1524	36	4,900원
54	1556	24	배달비 0원 적용 중
54	1582	36	[추천] Sugar50% / Regular Ice (얼음 보통) / 진한 향과 맛을 느낄 수 있는 블랙티(홍차)와 밀크의 만남
55	0	0	100% (17개)
55	0	0	[추천] Sugar50% / Regular Ice (얼음 보통) / 베르가못 향의 얼그레이티(홍차)와 밀크가 부드러운 조화를 이루는 밀크티
55	0	0	ㆍ
55	0	0	리뷰 (9)
55	66	155	공차 강남교보타워점 내 메뉴를 찾아보세요
55	75	36	브라운슈가 시그니처 얼그레이 밀크티+펄 L
55	132	36	6,100원
55	151	114	밀크티
55	151	240	오리지널 티
55	151	416	프룻티 &모어
55	151	607	커피
55	151	711	스무디
55	155	837	FOOD
55	182	51	3 / 6
55	187	36	베르가못 향의 얼그레이 밀크티에 달콤한 브라운슈가와 쫀득한 펄을 더한 스페셜 메뉴
55	248	321	공차 강남교보타워점
55	295	36	브라운슈가 시그니처 얼그레이 밀크티+펄 J
55	298	404	4.8(2,244)
55	349	36	7,200원
55	407	36	베르가못 향의 얼그레이 밀크티에 달콤한 브라운슈가와 쫀득한 펄을 더한 스페셜 메뉴
55	515	36	브라운슈가 시그니처 밀크티+미니펄 L
55	569	36	6,100원
55	627	36	브라운슈가에 블랙밀크티를 더한 시그니처 밀크티
55	675	63	100% (1개)
55	675	149	ㆍ
55	675	193	리뷰 (2)
55	749	36	브라운슈가 시그니처 밀크티+미니펄 J
55	803	36	7,200원
55	861	36	브라운슈가에 블랙밀크티를 더한 시그니처 밀크티
55	909	63	100% (3개)
55	909	149	ㆍ
55	909	193	리뷰 (1)
55	983	36	블랙 밀크티 L
55	1037	36	4,900원
55	1095	36	[추천] Sugar50% / Regular Ice (얼음 보통) / 진한 향과 맛을 느낄 수 있는 블랙티(홍차)와 밀크의 만남
55	1173	63	100% (32개)
55	1173	159	ㆍ
55	1173	203	리뷰 (15)
55	1247	36	블랙 밀크티 J
55	1301	36	6,000원
55	1359	36	[추천] Sugar50% / Regular Ice (얼음 보통) / 진한 향과 맛을 느낄 수 있는 블랙티(홍차)와 밀크의 만남
55	1437	63	100% (32개)
55	1437	159	ㆍ
55	1437	203	리뷰 (9)
55	1441	121	지금 와우 가입하면 배달비 0원 + 25,000원 쿠폰
55	1458	781	가입하기
55	1511	36	얼그레이 밀크티 L
55	1556	24	배달비 0원 적용 중
55	1565	36	4,900원
56	0	0	100% (7개)
56	0	0	[추천] Sugar50% / Regular Ice (얼음 보통)
56	0	0	ㆍ
56	0	0	리뷰 (4)
56	29	36	브라운슈가 시그니처 밀크티+미니펄 L
56	66	155	공차 강남교보타워점 내 메뉴를 찾아보세요
56	141	36	브라운슈가에 블랙밀크티를 더한 시그니처 밀크티
56	151	114	밀크티
56	151	240	오리지널 티
56	151	416	프룻티 &모어
56	151	607	커피
56	151	711	스무디
56	155	837	FOOD
56	182	51	4 / 6
56	189	63	100% (1개)
56	189	149	ㆍ
56	189	193	리뷰 (2)
56	248	321	공차 강남교보타워점
56	263	36	브라운슈가 시그니처 밀크티+미니펄 J
56	298	404	4.8(2,244)
56	317	36	7,200원
56	375	36	브라운슈가에 블랙밀크티를 더한 시그니처 밀크티
56	423	63	100% (3개)
56	423	149	ㆍ
56	423	193	리뷰 (1)
56	497	36	블랙 밀크티 L
56	551	36	4,900원
56	609	36	[추천] Sugar50% / Regular Ice (얼음 보통) / 진한 향과 맛을 느낄 수 있는 블랙티(홍차)와 밀크의 만남
56	687	63	100% (32개)
56	687	159	ㆍ
56	687	203	리뷰 (15)
56	761	36	블랙 밀크티 J
56	815	36	6,000원
56	873	36	[추천] Sugar50% / Regular Ice (얼음 보통) / 진한 향과 맛을 느낄 수 있는 블랙티(홍차)와 밀크의 만남
56	951	63	100% (32개)
56	951	159	ㆍ
56	951	203	리뷰 (9)
56	1025	36	얼그레이 밀크티 L
56	1079	36	4,900원
56	1137	36	[추천] Sugar50% / Regular Ice (얼음 보통) / 베르가못 향의 얼그레이티(홍차)와 밀크가 부드러운 조화를 이루는 밀크티
56	1215	63	100% (17개)
56	1215	159	ㆍ
56	1215	203	리뷰 (9)
56	1289	36	얼그레이 밀크티 J
56	1343	36	6,000원
56	1401	36	[추천] Sugar50% / Regular Ice (얼음 보통) / 베르가못 향의 얼그레이티(홍차)와 밀크가 부드러운 조화를 이루는 밀크티
56	1441	121	지금 와우 가입하면 배달비 0원 + 25,000원 쿠폰
56	1458	781	가입하기
56	1479	63	100% (9개)
56	1479	149	ㆍ
56	1479	193	리뷰 (11)
56	1553	36	자스민 밀크티 L
56	1556	24	배달비 0원 적용 중
57	0	0	96% (24개)
57	0	0	[추천] Sugar50% / Regular Ice (얼음 보통) / 묵직하고 깊은 향의 우롱차에 밀크가 더해진 우롱밀크티
57	0	0	ㆍ
57	0	0	리뷰 (23)
57	5	36	블랙 밀크티 L
57	66	155	공차 강남교보타워점 내 메뉴를 찾아보세요
57	117	36	[추천] Sugar50% / Regular Ice (얼음 보통) / 진한 향과 맛을 느낄 수 있는 블랙티(홍차)와 밀크의 만남
57	151	114	밀크티
57	151	240	오리지널 티
57	151	416	프룻티 &모어
57	151	607	커피
57	151	711	스무디
57	155	837	FOOD
57	182	51	5 / 6
57	195	63	100% (32개)
57	195	159	ㆍ
57	195	203	리뷰 (15)
57	248	321	공차 강남교보타워점
57	269	36	블랙 밀크티 J
57	298	404	4.8(2,244)
57	323	36	6,000원
57	381	36	[추천] Sugar50% / Regular Ice (얼음 보통) / 진한 향과 맛을 느낄 수 있는 블랙티(홍차)와 밀크의 만남
57	459	63	100% (32개)
57	459	159	ㆍ
57	459	203	리뷰 (9)
57	533	36	얼그레이 밀크티 L
57	587	36	4,900원
57	645	36	[추천] Sugar50% / Regular Ice (얼음 보통) / 베르가못 향의 얼그레이티(홍차)와 밀크가 부드러운 조화를 이루는 밀크티
57	723	63	100% (17개)
57	723	159	ㆍ
57	723	203	리뷰 (9)
57	797	36	얼그레이 밀크티 J
57	851	36	6,000원
57	909	36	[추천] Sugar50% / Regular Ice (얼음 보통) / 베르가못 향의 얼그레이티(홍차)와 밀크가 부드러운 조화를 이루는 밀크티
57	987	63	100% (9개)
57	987	149	ㆍ
57	987	193	리뷰 (11)
57	1061	36	자스민 밀크티 L
57	1115	36	4,900원
57	1173	36	[추천] Sugar50% / Regular Ice (얼음 보통)
57	1221	63	100% (7개)
57	1221	149	ㆍ
57	1221	193	리뷰 (4)
57	1295	36	자스민 밀크티 J
57	1349	36	6,000원
57	1407	36	[추천] Sugar50% / Regular Ice (얼음 보통)
57	1441	121	지금 와우 가입하면 배달비 0원 + 25,000원 쿠폰
57	1455	63	100% (8개)
57	1455	149	ㆍ
57	1455	193	리뷰 (3)
57	1458	781	가입하기
57	1529	36	우롱 밀크티 L
57	1556	24	배달비 0원 적용 중
57	1583	36	4,900원
58	0	0	95% (19개)
58	0	0	[추천] Sugar50% / Regular Ice (얼음 보통) / 타로의 고소함과 밀크의 조합
58	0	0	ㆍ
58	0	0	리뷰 (13)
58	39	36	얼그레이 밀크티 L
58	66	155	공차 강남교보타워점 내 메뉴를 찾아보세요
58	132	36	4,900원
58	151	36	[추천] Sugar50% / Regular Ice (얼음 보통) / 베르가못 향의 얼그레이티(홍차)와 밀크가 부드러운 조화를 이루는 밀크티
58	151	114	밀크티
58	151	240	오리지널 티
58	151	416	프룻티 &모어
58	151	607	커피
58	151	711	스무디
58	155	837	FOOD
58	182	51	6 / 6
58	229	63	100% (17개)
58	229	159	ㆍ
58	229	203	리뷰 (9)
58	248	321	공차 강남교보타워점
58	298	404	4.8(2,244)
58	303	36	얼그레이 밀크티 J
58	357	36	6,000원
58	415	36	[추천] Sugar50% / Regular Ice (얼음 보통) / 베르가못 향의 얼그레이티(홍차)와 밀크가 부드러운 조화를 이루는 밀크티
58	493	63	100% (9개)
58	493	149	ㆍ
58	493	193	리뷰 (11)
58	567	36	자스민 밀크티 L
58	621	36	4,900원
58	679	36	[추천] Sugar50% / Regular Ice (얼음 보통)
58	727	63	100% (7개)
58	727	149	ㆍ
58	727	193	리뷰 (4)
58	801	36	자스민 밀크티 J
58	855	36	6,000원
58	913	36	[추천] Sugar50% / Regular Ice (얼음 보통)
58	961	63	100% (8개)
58	961	149	ㆍ
58	961	193	리뷰 (3)
58	1035	36	우롱 밀크티 L
58	1089	36	4,900원
58	1147	36	[추천] Sugar50% / Regular Ice (얼음 보통) / 묵직하고 깊은 향의 우롱차에 밀크가 더해진 우롱밀크티
58	1225	63	96% (24개)
58	1225	149	ㆍ
58	1225	193	리뷰 (23)
58	1299	36	우롱 밀크티 J
58	1353	36	6,000원
58	1411	36	[추천] Sugar50% / Regular Ice (얼음 보통) / 묵직하고 깊은 향의 우롱차에 밀크가 더해진 우롱밀크티
58	1441	121	지금 와우 가입하면 배달비 0원 + 25,000원 쿠폰
58	1458	781	가입하기
58	1489	63	95% (39개)
58	1489	149	ㆍ
58	1489	193	리뷰 (9)
58	1556	24	배달비 0원 적용 중
58	1563	36	타로 밀크티 L
59	0	0	100% (6개)
59	0	0	[추천] Sugar70% / Regular Ice (얼음 보통) / 부드러운 밀크에 녹아든 진한 초콜렛을 느낄 수 있는 초콜렛 밀크티
59	0	0	ㆍ
59	0	0	리뷰 (2)
59	66	155	공차 강남교보타워점 내 메뉴를 찾아보세요
59	75	36	자스민 밀크티 L
59	132	36	4,900원
59	151	114	밀크티
59	151	240	오리지널 티
59	151	416	프룻티 &모어
59	151	607	커피
59	151	711	스무디
59	155	837	FOOD
59	182	51	1 / 6
59	187	36	[추천] Sugar50% / Regular Ice (얼음 보통)
59	235	63	100% (7개)
59	235	149	ㆍ
59	235	193	리뷰 (4)
59	248	321	공차 강남교보타워점
59	298	404	4.8(2,244)
59	309	36	자스민 밀크티 J
59	363	36	6,000원
59	421	36	[추천] Sugar50% / Regular Ice (얼음 보통)
59	469	63	100% (8개)
59	469	149	ㆍ
59	469	193	리뷰 (3)
59	543	36	우롱 밀크티 L
59	597	36	4,900원
59	655	36	[추천] Sugar50% / Regular Ice (얼음 보통) / 묵직하고 깊은 향의 우롱차에 밀크가 더해진 우롱밀크티
59	733	63	96% (24개)
59	733	149	ㆍ
59	733	193	리뷰 (23)
59	807	36	우롱 밀크티 J
59	861	36	6,000원
59	919	36	[추천] Sugar50% / Regular Ice (얼음 보통) / 묵직하고 깊은 향의 우롱차에 밀크가 더해진 우롱밀크티
59	997	63	95% (39개)
59	997	149	ㆍ
59	997	193	리뷰 (9)
59	1071	36	타로 밀크티 L
59	1125	36	4,900원
59	1183	36	[추천] Sugar50% / Regular Ice (얼음 보통) / 타로의 고소함과 밀크의 조합
59	1231	63	95% (19개)
59	1231	149	ㆍ
59	1231	193	리뷰 (13)
59	1305	36	타로 밀크티 J
59	1359	36	6,000원
59	1417	36	[추천] Sugar50% / Regular Ice (얼음 보통) / 타로의 고소함과 밀크의 조합
59	1441	121	지금 와우 가입하면 배달비 0원 + 25,000원 쿠폰
59	1458	781	가입하기
59	1465	63	96% (28개)
59	1465	149	ㆍ
59	1465	193	리뷰 (12)
59	1539	36	초콜렛 밀크티 L
59	1556	24	배달비 0원 적용 중
59	1593	36	5,000원
60	0	0	100% (10개)
60	0	0	[추천] Sugar50% / Ice고정 / 제주 녹차를 사용하여 쌉싸름한 맛과 달콤한 맛이 어우러진 밀크티
60	0	0	ㆍ
60	0	0	리뷰 (6)
60	58	36	우롱 밀크티 L
60	66	155	공차 강남교보타워점 내 메뉴를 찾아보세요
60	132	36	4,900원
60	151	114	밀크티
60	151	240	오리지널 티
60	151	416	프룻티 &모어
60	151	607	커피
60	151	711	스무디
60	155	837	FOOD
60	170	36	[추천] Sugar50% / Regular Ice (얼음 보통) / 묵직하고 깊은 향의 우롱차에 밀크가 더해진 우롱밀크티
60	182	51	2 / 6
60	248	63	96% (24개)
60	248	149	ㆍ
60	248	193	리뷰 (23)
60	248	321	공차 강남교보타워점
60	298	404	4.8(2,244)
60	322	36	우롱 밀크티 J
60	376	36	6,000원
60	434	36	[추천] Sugar50% / Regular Ice (얼음 보통) / 묵직하고 깊은 향의 우롱차에 밀크가 더해진 우롱밀크티
60	512	63	95% (39개)
60	512	149	ㆍ
60	512	193	리뷰 (9)
60	586	36	타로 밀크티 L
60	640	36	4,900원
60	698	36	[추천] Sugar50% / Regular Ice (얼음 보통) / 타로의 고소함과 밀크의 조합
60	746	63	95% (19개)
60	746	149	ㆍ
60	746	193	리뷰 (13)
60	820	36	타로 밀크티 J
60	874	36	6,000원
60	932	36	[추천] Sugar50% / Regular Ice (얼음 보통) / 타로의 고소함과 밀크의 조합
60	980	63	96% (28개)
60	980	149	ㆍ
60	980	193	리뷰 (12)
60	1054	36	초콜렛 밀크티 L
60	1108	36	5,000원
60	1166	36	[추천] Sugar70% / Regular Ice (얼음 보통) / 부드러운 밀크에 녹아든 진한 초콜렛을 느낄 수 있는 초콜렛 밀크티
60	1244	63	100% (6개)
60	1244	149	ㆍ
60	1244	193	리뷰 (2)
60	1318	36	초콜렛 밀크티 J
60	1372	36	6,100원
60	1430	36	[추천] Sugar70% / Regular Ice (얼음 보통) / 부드러운 밀크에 녹아든 진한 초콜렛을 느낄 수 있는 초콜렛 밀크티
60	1441	121	지금 와우 가입하면 배달비 0원 + 25,000원 쿠폰
60	1458	781	가입하기
60	1508	63	100% (12개)
60	1508	159	ㆍ
60	1508	203	리뷰 (5)
60	1556	24	배달비 0원 적용 중
60	1582	36	제주그린밀크티 L
61	66	155	공차 강남교보타워점 내 메뉴를 찾아보세요
61	102	36	타로 밀크티 L
61	151	114	밀크티
61	151	240	오리지널 티
61	151	416	프룻티 &모어
61	151	607	커피
61	151	711	스무디
61	155	837	FOOD
61	156	36	4,900원
61	182	51	3 / 6
61	214	36	[추천] Sugar50% / Regular Ice (얼음 보통) / 타로의 고소함과 밀크의 조합
61	248	321	공차 강남교보타워점
61	262	63	95% (19개)
61	262	149	ㆍ
61	262	193	리뷰 (13)
61	298	404	4.8(2,244)
61	336	36	타로 밀크티 J
61	390	36	6,000원
61	448	36	[추천] Sugar50% / Regular Ice (얼음 보통) / 타로의 고소함과 밀크의 조합
61	496	63	96% (28개)
61	496	149	ㆍ
61	496	193	리뷰 (12)
61	570	36	초콜렛 밀크티 L
61	624	36	5,000원
61	682	36	[추천] Sugar70% / Regular Ice (얼음 보통) / 부드러운 밀크에 녹아든 진한 초콜렛을 느낄 수 있는 초콜렛 밀크티
61	760	63	100% (6개)
61	760	149	ㆍ
61	760	193	리뷰 (2)
61	834	36	초콜렛 밀크티 J
61	888	36	6,100원
61	946	36	[추천] Sugar70% / Regular Ice (얼음 보통) / 부드러운 밀크에 녹아든 진한 초콜렛을 느낄 수 있는 초콜렛 밀크티
61	1024	63	100% (12개)
61	1024	159	ㆍ
61	1024	203	리뷰 (5)
61	1098	36	제주그린밀크티 L
61	1152	36	5,200원
61	1210	36	[추천] Sugar50% / Ice고정 / 제주 녹차를 사용하여 쌉싸름한 맛과 달콤한 맛이 어우러진 밀크티
61	1288	63	100% (10개)
61	1288	159	ㆍ
61	1288	203	리뷰 (6)
61	1362	36	제주그린밀크티 J
61	1416	36	6,300원
61	1441	121	지금 와우 가입하면 배달비 0원 + 25,000원 쿠폰
61	1458	781	가입하기
61	1474	36	[추천] Sugar50% / Ice고정 / 제주 녹차를 사용하여 쌉싸름한 맛과 달콤한 맛이 어우러진 밀크티
61	1552	63	100% (16개)
61	1552	159	ㆍ
61	1552	203	리뷰 (4)
61	1556	24	배달비 0원 적용 중
62	0	0	92% (39개)
62	0	0	[추천] Sugar고정 / Ice고정 / 부드럽고 달콤한 브라운 슈가 쥬얼리와 신선한 우유의 맛이 느껴지는 밀크티
62	0	0	ㆍ
62	0	0	리뷰 (33)
62	0	0	브라운슈가 쥬얼리 밀크티
62	66	155	공차 강남교보타워점 내 메뉴를 찾아보세요
62	85	36	초콜렛 밀크티 L
62	139	36	5,000원
62	151	114	밀크티
62	151	240	오리지널 티
62	151	416	프룻티 &모어
62	151	607	커피
62	151	711	스무디
62	155	837	FOOD
62	182	51	4 / 6
62	197	36	[추천] Sugar70% / Regular Ice (얼음 보통) / 부드러운 밀크에 녹아든 진한 초콜렛을 느낄 수 있는 초콜렛 밀크티
62	248	321	공차 강남교보타워점
62	275	63	100% (6개)
62	275	149	ㆍ
62	275	193	리뷰 (2)
62	298	404	4.8(2,244)
62	349	36	초콜렛 밀크티 J
62	403	36	6,100원
62	461	36	[추천] Sugar70% / Regular Ice (얼음 보통) / 부드러운 밀크에 녹아든 진한 초콜렛을 느낄 수 있는 초콜렛 밀크티
62	539	63	100% (12개)
62	539	159	ㆍ
62	539	203	리뷰 (5)
62	613	36	제주그린밀크티 L
62	667	36	5,200원
62	725	36	[추천] Sugar50% / Ice고정 / 제주 녹차를 사용하여 쌉싸름한 맛과 달콤한 맛이 어우러진 밀크티
62	803	63	100% (10개)
62	803	159	ㆍ
62	803	203	리뷰 (6)
62	877	36	제주그린밀크티 J
62	931	36	6,300원
62	989	36	[추천] Sugar50% / Ice고정 / 제주 녹차를 사용하여 쌉싸름한 맛과 달콤한 맛이 어우러진 밀크티
62	1067	63	100% (16개)
62	1067	159	ㆍ
62	1067	203	리뷰 (4)
62	1141	36	피스타치오 밀크티 L
62	1195	36	5,200원
62	1253	36	[추천] Sugar30% / Ice고정
62	1301	63	100% (7개)
62	1301	149	ㆍ
62	1301	193	리뷰 (4)
62	1375	36	피스타치오 밀크티 J
62	1429	36	6,300원
62	1441	121	지금 와우 가입하면 배달비 0원 + 25,000원 쿠폰
62	1458	781	가입하기
62	1487	36	[추천] Sugar30% / Ice고정
62	1535	63	100% (3개)
62	1535	149	ㆍ
62	1535	193	리뷰 (1)
62	1556	24	배달비 0원 적용 중
63	66	155	공차 강남교보타워점 내 메뉴를 찾아보세요
63	120	36	제주그린밀크티 L
63	151	114	밀크티
63	151	240	오리지널 티
63	151	416	프룻티 &모어
63	151	607	커피
63	151	711	스무디
63	155	837	FOOD
63	174	36	5,200원
63	182	51	5 / 6
63	232	36	[추천] Sugar50% / Ice고정 / 제주 녹차를 사용하여 쌉싸름한 맛과 달콤한 맛이 어우러진 밀크티
63	248	321	공차 강남교보타워점
63	298	404	4.8(2,244)
63	310	63	100% (10개)
63	310	159	ㆍ
63	310	203	리뷰 (6)
63	384	36	제주그린밀크티 J
63	438	36	6,300원
63	496	36	[추천] Sugar50% / Ice고정 / 제주 녹차를 사용하여 쌉싸름한 맛과 달콤한 맛이 어우러진 밀크티
63	574	63	100% (16개)
63	574	159	ㆍ
63	574	203	리뷰 (4)
63	648	36	피스타치오 밀크티 L
63	702	36	5,200원
63	760	36	[추천] Sugar30% / Ice고정
63	808	63	100% (7개)
63	808	149	ㆍ
63	808	193	리뷰 (4)
63	882	36	피스타치오 밀크티 J
63	936	36	6,300원
63	994	36	[추천] Sugar30% / Ice고정
63	1042	63	100% (3개)
63	1042	149	ㆍ
63	1042	193	리뷰 (1)
63	1116	36	브라운슈가 쥬얼리 밀크티
63	1170	36	5,800원
63	1228	36	[추천] Sugar고정 / Ice고정 / 부드럽고 달콤한 브라운 슈가 쥬얼리와 신선한 우유의 맛이 느껴지는 밀크티
63	1306	63	92% (39개)
63	1306	149	ㆍ
63	1306	193	리뷰 (33)
63	1381	45	리뷰최고
63	1407	36	딸기 쥬얼리 밀크티
63	1441	121	지금 와우 가입하면 배달비 0원 + 25,000원 쿠폰
63	1458	781	가입하기
63	1461	36	5,800원
63	1519	36	[추천] Sugar70% / Ice고정 / 얼그레이티로 만든 밀크티에 리얼 딸기 과즙이 함유된 새콤달콤한 딸기 쥬얼리를 더한 음료
63	1556	24	배달비 0원 적용 중
63	1597	63	96% (57개)
63	1597	149	ㆍ
63	1597	193	리뷰 (20)
64	0	0	제주그린밀크티 J
64	10	36	[추천] Sugar50% / Ice고정 / 제주 녹차를 사용하여 쌉싸름한 맛과 달콤한 맛이 어우러진 밀크티
64	66	155	공차 강남교보타워점 내 메뉴를 찾아보세요
64	88	63	100% (16개)
64	88	159	ㆍ
64	88	203	리뷰 (4)
64	151	114	밀크티
64	151	240	오리지널 티
64	151	416	프룻티 &모어
64	151	607	커피
64	151	711	스무디
64	155	837	FOOD
64	162	36	피스타치오 밀크티 L
64	182	51	6 / 6
64	216	36	5,200원
64	248	321	공차 강남교보타워점
64	274	36	[추천] Sugar30% / Ice고정
64	298	404	4.8(2,244)
64	322	63	100% (7개)
64	322	149	ㆍ
64	322	193	리뷰 (4)
64	396	36	피스타치오 밀크티 J
64	450	36	6,300원
64	508	36	[추천] Sugar30% / Ice고정
64	556	63	100% (3개)
64	556	149	ㆍ
64	556	193	리뷰 (1)
64	630	36	브라운슈가 쥬얼리 밀크티
64	684	36	5,800원
64	742	36	[추천] Sugar고정 / Ice고정 / 부드럽고 달콤한 브라운 슈가 쥬얼리와 신선한 우유의 맛이 느껴지는 밀크티
64	820	63	92% (39개)
64	820	149	ㆍ
64	820	193	리뷰 (33)
64	895	45	리뷰최고
64	921	36	딸기 쥬얼리 밀크티
64	975	36	5,800원
64	1033	36	[추천] Sugar70% / Ice고정 / 얼그레이티로 만든 밀크티에 리얼 딸기 과즙이 함유된 새콤달콤한 딸기 쥬얼리를 더한 음료
64	1111	63	96% (57개)
64	1111	149	ㆍ
64	1111	193	리뷰 (20)
64	1185	36	미니펄 망고 밀크 L
64	1239	36	5,800원
64	1297	36	[추천] Sugar50% / Ice고정
64	1345	63	100% (18개)
64	1345	159	ㆍ
64	1345	203	리뷰 (6)
64	1419	36	미니펄 망고 밀크 J
64	1441	121	지금 와우 가입하면 배달비 0원 + 25,000원 쿠폰
64	1458	781	가입하기
64	1473	36	6,900원
64	1531	36	[추천] Sugar50% / Ice고정
64	1556	24	배달비 0원 적용 중
64	1579	63	100% (6개)
64	1579	149	ㆍ
64	1579	193	리뷰 (5)
65	66	155	공차 강남교보타워점 내 메뉴를 찾아보세요
65	135	36	브라운슈가 쥬얼리 밀크티
65	151	114	밀크티
65	151	240	오리지널 티
65	151	416	프룻티 &모어
65	151	607	커피
65	151	711	스무디
65	155	837	FOOD
65	182	51	1 / 6
65	189	36	5,800원
65	247	36	[추천] Sugar고정 / Ice고정 / 부드럽고 달콤한 브라운 슈가 쥬얼리와 신선한 우유의 맛이 느껴지는 밀크티
65	248	321	공차 강남교보타워점
65	298	404	4.8(2,244)
65	325	63	92% (39개)
65	325	149	ㆍ
65	325	193	리뷰 (33)
65	400	45	리뷰최고
65	426	36	딸기 쥬얼리 밀크티
65	480	36	5,800원
65	538	36	[추천] Sugar70% / Ice고정 / 얼그레이티로 만든 밀크티에 리얼 딸기 과즙이 함유된 새콤달콤한 딸기 쥬얼리를 더한 음료
65	616	63	96% (57개)
65	616	149	ㆍ
65	616	193	리뷰 (20)
65	690	36	미니펄 망고 밀크 L
65	744	36	5,800원
65	802	36	[추천] Sugar50% / Ice고정
65	850	63	100% (18개)
65	850	159	ㆍ
65	850	203	리뷰 (6)
65	924	36	미니펄 망고 밀크 J
65	978	36	6,900원
65	1036	36	[추천] Sugar50% / Ice고정
65	1084	63	100% (6개)
65	1084	149	ㆍ
65	1084	193	리뷰 (5)
65	1158	36	미니펄 딸기 밀크티 L
65	1212	36	5,600원
65	1270	36	[추천] Sugar50% / Ice고정
65	1318	63	90% (10개)
65	1392	36	미니펄 딸기 밀크티 J
65	1441	121	지금 와우 가입하면 배달비 0원 + 25,000원 쿠폰
65	1446	36	6,700원
65	1458	781	가입하기
65	1504	36	[추천] Sugar50% / Ice고정
65	1552	63	100% (2개)
65	1556	24	배달비 0원 적용 중
66	0	0	100% (1개)
66	0	0	[추천] Sugar50% / Regular Ice (얼음 보통) / 진한 향과 감미로운 맛을 느낄 수있는 대표적인 홍차, 블랙티
66	0	0	ㆍ
66	0	0	딸기 쥬얼리 밀크티
66	0	0	리뷰 (1)
66	0	0	리뷰최고
66	55	36	[추천] Sugar70% / Ice고정 / 얼그레이티로 만든 밀크티에 리얼 딸기 과즙이 함유된 새콤달콤한 딸기 쥬얼리를 더한 음료
66	66	155	공차 강남교보타워점 내 메뉴를 찾아보세요
66	133	63	96% (57개)
66	133	149	ㆍ
66	133	193	리뷰 (20)
66	151	114	밀크티
66	151	240	오리지널 티
66	151	416	프룻티 &모어
66	151	607	커피
66	151	711	스무디
66	155	837	FOOD
66	182	51	2 / 6
66	207	36	미니펄 망고 밀크 L
66	248	321	공차 강남교보타워점
66	261	36	5,800원
66	298	404	4.8(2,244)
66	319	36	[추천] Sugar50% / Ice고정
66	367	63	100% (18개)
66	367	159	ㆍ
66	367	203	리뷰 (6)
66	441	36	미니펄 망고 밀크 J
66	495	36	6,900원
66	553	36	[추천] Sugar50% / Ice고정
66	601	63	100% (6개)
66	601	149	ㆍ
66	601	193	리뷰 (5)
66	675	36	미니펄 딸기 밀크티 L
66	729	36	5,600원
66	787	36	[추천] Sugar50% / Ice고정
66	835	63	90% (10개)
66	909	36	미니펄 딸기 밀크티 J
66	963	36	6,700원
66	1021	36	[추천] Sugar50% / Ice고정
66	1069	63	100% (2개)
66	1173	42	오리지널 티
66	1255	36	블랙티 L
66	1309	36	4,300원
66	1367	36	[추천] Sugar50% / Regular Ice (얼음 보통) / 진한 향과 감미로운 맛을 느낄 수있는 대표적인 홍차, 블랙티
66	1441	121	지금 와우 가입하면 배달비 0원 + 25,000원 쿠폰
66	1445	63	100% (4개)
66	1445	149	ㆍ
66	1445	193	리뷰 (1)
66	1458	781	가입하기
66	1519	36	블랙티 J
66	1556	24	배달비 0원 적용 중
66	1573	36	5,400원
67	0	0	[추천] Sugar50% / Regular Ice (얼음 보통) / 향긋한 베르가못향이 가미된 얼그레이티
67	0	0	미니펄 망고 밀크 J
67	62	36	[추천] Sugar50% / Ice고정
67	66	155	공차 강남교보타워점 내 메뉴를 찾아보세요
67	110	63	100% (6개)
67	110	149	ㆍ
67	110	193	리뷰 (5)
67	151	114	밀크티
67	151	240	오리지널 티
67	151	416	프룻티 &모어
67	151	607	커피
67	151	711	스무디
67	155	837	FOOD
67	182	51	3 / 6
67	184	36	미니펄 딸기 밀크티 L
67	238	36	5,600원
67	248	321	공차 강남교보타워점
67	296	36	[추천] Sugar50% / Ice고정
67	298	404	4.8(2,244)
67	344	63	90% (10개)
67	418	36	미니펄 딸기 밀크티 J
67	472	36	6,700원
67	530	36	[추천] Sugar50% / Ice고정
67	578	63	100% (2개)
67	682	42	오리지널 티
67	764	36	블랙티 L
67	818	36	4,300원
67	876	36	[추천] Sugar50% / Regular Ice (얼음 보통) / 진한 향과 감미로운 맛을 느낄 수있는 대표적인 홍차, 블랙티
67	954	63	100% (4개)
67	954	149	ㆍ
67	954	193	리뷰 (1)
67	1028	36	블랙티 J
67	1082	36	5,400원
67	1140	36	[추천] Sugar50% / Regular Ice (얼음 보통) / 진한 향과 감미로운 맛을 느낄 수있는 대표적인 홍차, 블랙티
67	1218	63	100% (1개)
67	1218	149	ㆍ
67	1218	193	리뷰 (1)
67	1292	36	얼그레이티 L
67	1346	36	4,300원
67	1404	36	[추천] Sugar50% / Regular Ice (얼음 보통) / 향긋한 베르가못향이 가미된 얼그레이티
67	1441	121	지금 와우 가입하면 배달비 0원 + 25,000원 쿠폰
67	1458	781	가입하기
67	1482	63	100% (1개)
67	1482	149	ㆍ
67	1482	193	리뷰 (1)
67	1556	24	배달비 0원 적용 중
67	1556	36	얼그레이티 J
68	0	0	100% (4개)
68	0	0	[추천] Sugar50% / Regular Ice (얼음 보통) / 묵직하고 깊은 향을 간직한 고소한 우롱차
68	0	0	ㆍ
68	0	0	리뷰 (4)
68	0	0	미니펄 딸기 밀크티 J
68	36	36	[추천] Sugar50% / Ice고정
68	66	155	공차 강남교보타워점 내 메뉴를 찾아보세요
68	84	63	100% (2개)
68	151	114	밀크티
68	151	240	오리지널 티
68	151	416	프룻티 &모어
68	151	607	커피
68	151	711	스무디
68	155	837	FOOD
68	182	51	4 / 6
68	188	42	오리지널 티
68	248	321	공차 강남교보타워점
68	270	36	블랙티 L
68	298	404	4.8(2,244)
68	324	36	4,300원
68	382	36	[추천] Sugar50% / Regular Ice (얼음 보통) / 진한 향과 감미로운 맛을 느낄 수있는 대표적인 홍차, 블랙티
68	460	63	100% (4개)
68	460	149	ㆍ
68	460	193	리뷰 (1)
68	534	36	블랙티 J
68	588	36	5,400원
68	646	36	[추천] Sugar50% / Regular Ice (얼음 보통) / 진한 향과 감미로운 맛을 느낄 수있는 대표적인 홍차, 블랙티
68	724	63	100% (1개)
68	724	149	ㆍ
68	724	193	리뷰 (1)
68	798	36	얼그레이티 L
68	852	36	4,300원
68	910	36	[추천] Sugar50% / Regular Ice (얼음 보통) / 향긋한 베르가못향이 가미된 얼그레이티
68	988	63	100% (1개)
68	988	149	ㆍ
68	988	193	리뷰 (1)
68	1062	36	얼그레이티 J
68	1116	36	5,400원
68	1174	36	[추천] Sugar50% / Regular Ice (얼음 보통) / 향긋한 베르가못향이 가미된 얼그레이티
68	1282	36	우롱티 L
68	1336	36	4,300원
68	1394	36	[추천] Sugar50% / Regular Ice (얼음 보통) / 묵직하고 깊은 향을 간직한 고소한 우롱차
68	1441	121	지금 와우 가입하면 배달비 0원 + 25,000원 쿠폰
68	1458	781	가입하기
68	1472	63	100% (8개)
68	1472	149	ㆍ
68	1472	193	리뷰 (4)
68	1546	36	우롱티 J
68	1556	24	배달비 0원 적용 중
69	0	0	[추천] Sugar50% / Regular Ice (얼음 보통) / 향긋한 자스민 꽃잎을 함께 우려내는 그린티
69	0	0	리뷰 (1)
69	50	36	블랙티 J
69	66	155	공차 강남교보타워점 내 메뉴를 찾아보세요
69	132	36	5,400원
69	151	78	밀크티
69	151	204	오리지널 티
69	151	380	프룻티 &모어
69	151	571	커피
69	151	675	스무디
69	155	801	FOOD
69	162	36	[추천] Sugar50% / Regular Ice (얼음 보통) / 진한 향과 감미로운 맛을 느낄 수있는 대표적인 홍차, 블랙티
69	182	51	5 / 6
69	240	63	100% (1개)
69	240	149	ㆍ
69	240	193	리뷰 (1)
69	248	321	공차 강남교보타워점
69	298	404	4.8(2,244)
69	314	36	얼그레이티 L
69	368	36	4,300원
69	426	36	[추천] Sugar50% / Regular Ice (얼음 보통) / 향긋한 베르가못향이 가미된 얼그레이티
69	504	63	100% (1개)
69	504	149	ㆍ
69	504	193	리뷰 (1)
69	578	36	얼그레이티 J
69	632	36	5,400원
69	690	36	[추천] Sugar50% / Regular Ice (얼음 보통) / 향긋한 베르가못향이 가미된 얼그레이티
69	798	36	우롱티 L
69	852	36	4,300원
69	910	36	[추천] Sugar50% / Regular Ice (얼음 보통) / 묵직하고 깊은 향을 간직한 고소한 우롱차
69	988	63	100% (8개)
69	988	149	ㆍ
69	988	193	리뷰 (4)
69	1062	36	우롱티 J
69	1116	36	5,400원
69	1174	36	[추천] Sugar50% / Regular Ice (얼음 보통) / 묵직하고 깊은 향을 간직한 고소한 우롱차
69	1252	63	100% (4개)
69	1252	149	ㆍ
69	1252	193	리뷰 (4)
69	1326	36	자스민티 L
69	1380	36	4,300원
69	1438	36	[추천] Sugar50% / Regular Ice (얼음 보통) / 향긋한 자스민 꽃잎을 함께 우려내는 그린티
69	1441	121	지금 와우 가입하면 배달비 0원 + 25,000원 쿠폰
69	1458	781	가입하기
69	1546	36	자스민티 J
69	1556	24	배달비 0원 적용 중
70	0	0	100% (2개)
70	66	155	공차 강남교보타워점 내 메뉴를 찾아보세요
70	83	36	얼그레이티 J
70	137	36	5,400원
70	151	78	밀크티
70	151	204	오리지널 티
70	151	380	프룻티 &모어
70	151	571	커피
70	151	675	스무디
70	155	801	FOOD
70	182	51	6 / 6
70	195	36	[추천] Sugar50% / Regular Ice (얼음 보통) / 향긋한 베르가못향이 가미된 얼그레이티
70	248	321	공차 강남교보타워점
70	298	404	4.8(2,244)
70	303	36	우롱티 L
70	357	36	4,300원
70	415	36	[추천] Sugar50% / Regular Ice (얼음 보통) / 묵직하고 깊은 향을 간직한 고소한 우롱차
70	493	63	100% (8개)
70	493	149	ㆍ
70	493	193	리뷰 (4)
70	567	36	우롱티 J
70	621	36	5,400원
70	679	36	[추천] Sugar50% / Regular Ice (얼음 보통) / 묵직하고 깊은 향을 간직한 고소한 우롱차
70	757	63	100% (4개)
70	757	149	ㆍ
70	757	193	리뷰 (4)
70	831	36	자스민티 L
70	885	36	4,300원
70	943	36	[추천] Sugar50% / Regular Ice (얼음 보통) / 향긋한 자스민 꽃잎을 함께 우려내는 그린티
70	1051	36	자스민티 J
70	1105	36	5,400원
70	1163	36	[추천] Sugar50% / Regular Ice (얼음 보통) / 향긋한 자스민 꽃잎을 함께 우려내는 그린티
70	1241	63	리뷰 (1)
70	1345	42	프룻티 &모어
70	1427	36	납작복숭아 아이스티 얼그레이+미니펄 J
70	1441	121	지금 와우 가입하면 배달비 0원 + 25,000원 쿠폰
70	1458	781	가입하기
70	1481	36	5,000원
70	1539	36	달콤한 납작복숭아에 향긋한 얼그레이티가 더해진 공차 스타일의 아이스티 (추천당도 30%)
70	1556	24	배달비 0원 적용 중
71	66	155	공차 강남교보타워점 내 메뉴를 찾아보세요
71	73	36	우롱티 J
71	132	36	5,400원
71	151	78	밀크티
71	151	204	오리지널 티
71	151	380	프룻티 &모어
71	151	571	커피
71	151	675	스무디
71	155	801	FOOD
71	182	51	1 / 6
71	185	36	[추천] Sugar50% / Regular Ice (얼음 보통) / 묵직하고 깊은 향을 간직한 고소한 우롱차
71	248	321	공차 강남교보타워점
71	263	63	100% (4개)
71	263	149	ㆍ
71	263	193	리뷰 (4)
71	298	404	4.8(2,244)
71	337	36	자스민티 L
71	391	36	4,300원
71	449	36	[추천] Sugar50% / Regular Ice (얼음 보통) / 향긋한 자스민 꽃잎을 함께 우려내는 그린티
71	557	36	자스민티 J
71	611	36	5,400원
71	669	36	[추천] Sugar50% / Regular Ice (얼음 보통) / 향긋한 자스민 꽃잎을 함께 우려내는 그린티
71	747	63	리뷰 (1)
71	851	42	프룻티 &모어
71	933	36	납작복숭아 아이스티 얼그레이+미니펄 J
71	987	36	5,000원
71	1045	36	달콤한 납작복숭아에 향긋한 얼그레이티가 더해진 공차 스타일의 아이스티 (추천당도 30%)
71	1123	63	100% (2개)
71	1197	36	납작복숭아 아이스티 블랙+미니펄 J
71	1251	36	5,000원
71	1309	36	달콤한 납작복숭아에 진하고 향긋한 블랙티가 더해진 공차 스타일의 아이스티 (추천당도 30%)
71	1417	36	납작복숭아 아이스티 얼그레이+샷 J
71	1441	121	지금 와우 가입하면 배달비 0원 + 25,000원 쿠폰
71	1458	781	가입하기
71	1471	36	4,800원
71	1529	36	납작복숭아와 향긋한 얼그레이티가 더해진 아이스티에 샷이 추가 되어 달콤 쌉싸름하고 시원하게 즐기는 아이스티 (추천당도 30%)
71	1556	24	배달비 0원 적용 중
72	0	0	[추천] Sugar50% / Regular Ice (얼음 보통)
72	0	0	리뷰 (3)
72	0	0	청포도 자스민티 L
72	63	36	자스민티 J
72	66	155	공차 강남교보타워점 내 메뉴를 찾아보세요
72	132	36	5,400원
72	151	78	밀크티
72	151	204	오리지널 티
72	151	380	프룻티 &모어
72	151	571	커피
72	151	675	스무디
72	155	801	FOOD
72	175	36	[추천] Sugar50% / Regular Ice (얼음 보통) / 향긋한 자스민 꽃잎을 함께 우려내는 그린티
72	182	51	2 / 6
72	248	321	공차 강남교보타워점
72	253	63	리뷰 (1)
72	298	404	4.8(2,244)
72	357	42	프룻티 &모어
72	439	36	납작복숭아 아이스티 얼그레이+미니펄 J
72	493	36	5,000원
72	551	36	달콤한 납작복숭아에 향긋한 얼그레이티가 더해진 공차 스타일의 아이스티 (추천당도 30%)
72	629	63	100% (2개)
72	703	36	납작복숭아 아이스티 블랙+미니펄 J
72	757	36	5,000원
72	815	36	달콤한 납작복숭아에 진하고 향긋한 블랙티가 더해진 공차 스타일의 아이스티 (추천당도 30%)
72	923	36	납작복숭아 아이스티 얼그레이+샷 J
72	977	36	4,800원
72	1035	36	납작복숭아와 향긋한 얼그레이티가 더해진 아이스티에 샷이 추가 되어 달콤 쌉싸름하고 시원하게 즐기는 아이스티 (추천당도 30%)
72	1143	36	자몽 자스민티 L
72	1197	36	5,100원
72	1255	36	[추천] Sugar50% / Regular Ice (얼음 보통)
72	1303	63	100% (5개)
72	1303	149	ㆍ
72	1303	193	리뷰 (4)
72	1377	36	자몽 자스민티 J
72	1431	36	6,200원
72	1441	121	지금 와우 가입하면 배달비 0원 + 25,000원 쿠폰
72	1458	781	가입하기
72	1489	36	[추천] Sugar50% / Regular Ice (얼음 보통)
72	1537	63	100% (3개)
72	1537	149	ㆍ
72	1537	193	리뷰 (6)
72	1556	24	배달비 0원 적용 중
73	0	0	[추천] Sugar50% / Regular Ice (얼음 보통) / 새콤달콤한 패션 프룻& 히비스커스의 조화가 돋보이는 카페인 Free  티
73	0	0	납작복숭아 아이스티 얼그레이+미니펄 J
73	0	0	리뷰 (7)
73	66	36	달콤한 납작복숭아에 향긋한 얼그레이티가 더해진 공차 스타일의 아이스티 (추천당도 30%)
73	66	155	공차 강남교보타워점 내 메뉴를 찾아보세요
73	144	63	100% (2개)
73	151	78	밀크티
73	151	203	오리지널 티
73	151	379	프룻티 &모어
73	151	571	커피
73	151	675	스무디
73	155	801	FOOD
73	182	51	3 / 6
73	218	36	납작복숭아 아이스티 블랙+미니펄 J
73	248	321	공차 강남교보타워점
73	272	36	5,000원
73	298	404	4.8(2,244)
73	330	36	달콤한 납작복숭아에 진하고 향긋한 블랙티가 더해진 공차 스타일의 아이스티 (추천당도 30%)
73	438	36	납작복숭아 아이스티 얼그레이+샷 J
73	492	36	4,800원
73	550	36	납작복숭아와 향긋한 얼그레이티가 더해진 아이스티에 샷이 추가 되어 달콤 쌉싸름하고 시원하게 즐기는 아이스티 (추천당도 30%)
73	658	36	자몽 자스민티 L
73	712	36	5,100원
73	770	36	[추천] Sugar50% / Regular Ice (얼음 보통)
73	818	63	100% (5개)
73	818	149	ㆍ
73	818	193	리뷰 (4)
73	892	36	자몽 자스민티 J
73	946	36	6,200원
73	1004	36	[추천] Sugar50% / Regular Ice (얼음 보통)
73	1052	63	100% (3개)
73	1052	149	ㆍ
73	1052	193	리뷰 (6)
73	1126	36	청포도 자스민티 L
73	1180	36	5,100원
73	1238	36	[추천] Sugar50% / Regular Ice (얼음 보통)
73	1286	63	리뷰 (3)
73	1360	36	청포도 자스민티 J
73	1414	36	6,200원
73	1441	121	지금 와우 가입하면 배달비 0원 + 25,000원 쿠폰
73	1458	781	가입하기
73	1472	36	[추천] Sugar50% / Regular Ice (얼음 보통)
73	1520	63	리뷰 (1)
73	1556	24	배달비 0원 적용 중
73	1594	36	패션 프룻 히비스커스 L
74	0	0	납작복숭아 아이스티 얼그레이+샷 J
74	64	36	납작복숭아와 향긋한 얼그레이티가 더해진 아이스티에 샷이 추가 되어 달콤 쌉싸름하고 시원하게 즐기는 아이스티 (추천당도 30%)
74	66	155	공차 강남교보타워점 내 메뉴를 찾아보세요
74	151	78	밀크티
74	151	203	오리지널 티
74	151	379	프룻티 &모어
74	151	571	커피
74	151	675	스무디
74	155	801	FOOD
74	172	36	자몽 자스민티 L
74	182	51	4 / 6
74	226	36	5,100원
74	248	321	공차 강남교보타워점
74	284	36	[추천] Sugar50% / Regular Ice (얼음 보통)
74	298	404	4.8(2,244)
74	332	63	100% (5개)
74	332	149	ㆍ
74	332	193	리뷰 (4)
74	406	36	자몽 자스민티 J
74	460	36	6,200원
74	518	36	[추천] Sugar50% / Regular Ice (얼음 보통)
74	566	63	100% (3개)
74	566	149	ㆍ
74	566	193	리뷰 (6)
74	640	36	청포도 자스민티 L
74	694	36	5,100원
74	752	36	[추천] Sugar50% / Regular Ice (얼음 보통)
74	800	63	리뷰 (3)
74	874	36	청포도 자스민티 J
74	928	36	6,200원
74	986	36	[추천] Sugar50% / Regular Ice (얼음 보통)
74	1034	63	리뷰 (1)
74	1108	36	패션 프룻 히비스커스 L
74	1162	36	5,100원
74	1220	36	[추천] Sugar50% / Regular Ice (얼음 보통) / 새콤달콤한 패션 프룻& 히비스커스의 조화가 돋보이는 카페인 Free  티
74	1298	63	리뷰 (7)
74	1372	36	패션 프룻 히비스커스 J
74	1426	36	6,200원
74	1441	121	지금 와우 가입하면 배달비 0원 + 25,000원 쿠폰
74	1458	781	가입하기
74	1484	36	[추천] Sugar50% / Regular Ice (얼음 보통) / 새콤달콤한 패션 프룻& 히비스커스의 조화가 돋보이는 카페인 Free  티
74	1556	24	배달비 0원 적용 중
74	1562	63	리뷰 (3)
75	0	0	리뷰 (1)
75	66	155	공차 강남교보타워점 내 메뉴를 찾아보세요
75	151	78	밀크티
75	151	203	오리지널 티
75	151	379	프룻티 &모어
75	151	571	커피
75	151	675	스무디
75	154	36	청포도 자스민티 L
75	155	801	FOOD
75	182	51	5 / 6
75	208	36	5,100원
75	248	321	공차 강남교보타워점
75	266	36	[추천] Sugar50% / Regular Ice (얼음 보통)
75	298	404	4.8(2,244)
75	314	63	리뷰 (3)
75	388	36	청포도 자스민티 J
75	442	36	6,200원
75	500	36	[추천] Sugar50% / Regular Ice (얼음 보통)
75	548	63	리뷰 (1)
75	622	36	패션 프룻 히비스커스 L
75	676	36	5,100원
75	734	36	[추천] Sugar50% / Regular Ice (얼음 보통) / 새콤달콤한 패션 프룻& 히비스커스의 조화가 돋보이는 카페인 Free  티
75	812	63	리뷰 (7)
75	886	36	패션 프룻 히비스커스 J
75	940	36	6,200원
75	998	36	[추천] Sugar50% / Regular Ice (얼음 보통) / 새콤달콤한 패션 프룻& 히비스커스의 조화가 돋보이는 카페인 Free  티
75	1076	63	리뷰 (3)
75	1150	36	망고 요구르트 L
75	1204	36	5,500원
75	1262	36	[추천] Sugar30% / Regular Ice (얼음 보통) / 농축된 달콤한 망고의 입자와 새콤한 요구르트의 조합, 망고 요구르트
75	1340	63	리뷰 (1)
75	1414	36	망고 요구르트 J
75	1441	121	지금 와우 가입하면 배달비 0원 + 25,000원 쿠폰
75	1458	781	가입하기
75	1468	36	6,600원
75	1526	36	[추천] Sugar30% / Regular Ice (얼음 보통) / 농축된 달콤한 망고의 입자와 새콤한 요구르트의 조합, 망고 요구르트
75	1556	24	배달비 0원 적용 중
76	66	155	공차 강남교보타워점 내 메뉴를 찾아보세요
76	136	36	패션 프룻 히비스커스 L
76	151	78	밀크티
76	151	203	오리지널 티
76	151	379	프룻티 &모어
76	151	571	커피
76	151	675	스무디
76	155	801	FOOD
76	182	51	6 / 6
76	190	36	5,100원
76	248	36	[추천] Sugar50% / Regular Ice (얼음 보통) / 새콤달콤한 패션 프룻& 히비스커스의 조화가 돋보이는 카페인 Free  티
76	248	321	공차 강남교보타워점
76	298	404	4.8(2,244)
76	326	63	리뷰 (7)
76	400	36	패션 프룻 히비스커스 J
76	454	36	6,200원
76	512	36	[추천] Sugar50% / Regular Ice (얼음 보통) / 새콤달콤한 패션 프룻& 히비스커스의 조화가 돋보이는 카페인 Free  티
76	590	63	리뷰 (3)
76	664	36	망고 요구르트 L
76	718	36	5,500원
76	776	36	[추천] Sugar30% / Regular Ice (얼음 보통) / 농축된 달콤한 망고의 입자와 새콤한 요구르트의 조합, 망고 요구르트
76	854	63	리뷰 (1)
76	928	36	망고 요구르트 J
76	982	36	6,600원
76	1040	36	[추천] Sugar30% / Regular Ice (얼음 보통) / 농축된 달콤한 망고의 입자와 새콤한 요구르트의 조합, 망고 요구르트
76	1118	63	리뷰 (1)
76	1192	36	망고 쥬스 L
76	1246	36	5,100원
76	1304	36	[추천] Sugar30% / Regular Ice (얼음 보통)
76	1352	63	100% (3개)
76	1352	149	ㆍ
76	1352	193	리뷰 (1)
76	1426	36	망고 쥬스 J
76	1441	121	지금 와우 가입하면 배달비 0원 + 25,000원 쿠폰
76	1458	781	가입하기
76	1480	36	6,200원
76	1538	36	[추천] Sugar30% / Regular Ice (얼음 보통)
76	1556	24	배달비 0원 적용 중
77	0	0	[추천] Sugar50% / Regular Ice (얼음 보통)
77	0	0	패션 프룻 히비스커스 J
77	19	36	[추천] Sugar50% / Regular Ice (얼음 보통) / 새콤달콤한 패션 프룻& 히비스커스의 조화가 돋보이는 카페인 Free  티
77	66	155	공차 강남교보타워점 내 메뉴를 찾아보세요
77	97	63	리뷰 (3)
77	151	78	밀크티
77	151	203	오리지널 티
77	151	379	프룻티 &모어
77	151	571	커피
77	151	675	스무디
77	155	801	FOOD
77	171	36	망고 요구르트 L
77	182	51	1 / 6
77	225	36	5,500원
77	248	321	공차 강남교보타워점
77	283	36	[추천] Sugar30% / Regular Ice (얼음 보통) / 농축된 달콤한 망고의 입자와 새콤한 요구르트의 조합, 망고 요구르트
77	298	404	4.8(2,244)
77	361	63	리뷰 (1)
77	435	36	망고 요구르트 J
77	489	36	6,600원
77	547	36	[추천] Sugar30% / Regular Ice (얼음 보통) / 농축된 달콤한 망고의 입자와 새콤한 요구르트의 조합, 망고 요구르트
77	625	63	리뷰 (1)
77	699	36	망고 쥬스 L
77	753	36	5,100원
77	811	36	[추천] Sugar30% / Regular Ice (얼음 보통)
77	859	63	100% (3개)
77	859	149	ㆍ
77	859	193	리뷰 (1)
77	933	36	망고 쥬스 J
77	987	36	6,200원
77	1045	36	[추천] Sugar30% / Regular Ice (얼음 보통)
77	1146	36	자몽 요구르트 L
77	1200	36	5,300원
77	1258	36	[추천] Sugar50% / Regular Ice (얼음 보통)
77	1306	63	리뷰 (1)
77	1380	36	자몽 요구르트 J
77	1434	36	6,400원
77	1441	121	지금 와우 가입하면 배달비 0원 + 25,000원 쿠폰
77	1458	781	가입하기
77	1492	36	[추천] Sugar50% / Regular Ice (얼음 보통)
77	1556	24	배달비 0원 적용 중
77	1593	36	레몬 요구르트 L
78	0	0	[추천] Sugar50% / Regular Ice (얼음 보통)
78	0	0	리뷰 (1)
78	0	0	망고 요구르트 J
78	53	36	[추천] Sugar30% / Regular Ice (얼음 보통) / 농축된 달콤한 망고의 입자와 새콤한 요구르트의 조합, 망고 요구르트
78	66	155	공차 강남교보타워점 내 메뉴를 찾아보세요
78	131	63	리뷰 (1)
78	151	78	밀크티
78	151	203	오리지널 티
78	151	379	프룻티 &모어
78	151	571	커피
78	151	675	스무디
78	155	801	FOOD
78	182	51	2 / 6
78	205	36	망고 쥬스 L
78	248	321	공차 강남교보타워점
78	259	36	5,100원
78	298	404	4.8(2,244)
78	317	36	[추천] Sugar30% / Regular Ice (얼음 보통)
78	365	63	100% (3개)
78	365	149	ㆍ
78	365	193	리뷰 (1)
78	439	36	망고 쥬스 J
78	493	36	6,200원
78	551	36	[추천] Sugar30% / Regular Ice (얼음 보통)
78	652	36	자몽 요구르트 L
78	706	36	5,300원
78	764	36	[추천] Sugar50% / Regular Ice (얼음 보통)
78	812	63	리뷰 (1)
78	886	36	자몽 요구르트 J
78	940	36	6,400원
78	998	36	[추천] Sugar50% / Regular Ice (얼음 보통)
78	1099	36	레몬 요구르트 L
78	1153	36	5,300원
78	1211	36	[추천] Sugar50% / Regular Ice (얼음 보통)
78	1312	36	레몬 요구르트 J
78	1366	36	6,400원
78	1424	36	[추천] Sugar50% / Regular Ice (얼음 보통)
78	1441	121	지금 와우 가입하면 배달비 0원 + 25,000원 쿠폰
78	1458	781	가입하기
78	1525	36	레몬 자스민티 L
78	1556	24	배달비 0원 적용 중
78	1579	36	5,100원
79	0	0	100% (3개)
79	0	0	[추천] Sugar50% / Ice고정 / 브라질, 콜롬비아 외 대표적인 원두 5가지를 블렌딩하여 찾은 최적의 맛
79	0	0	ㆍ
79	0	0	리뷰 (2)
79	0	0	망고 쥬스 J
79	0	0	아메리카노 L
79	57	36	[추천] Sugar30% / Regular Ice (얼음 보통)
79	66	155	공차 강남교보타워점 내 메뉴를 찾아보세요
79	151	78	밀크티
79	151	203	오리지널 티
79	151	379	프룻티 &모어
79	151	571	커피
79	151	675	스무디
79	155	801	FOOD
79	158	36	자몽 요구르트 L
79	182	51	3 / 6
79	212	36	5,300원
79	248	321	공차 강남교보타워점
79	270	36	[추천] Sugar50% / Regular Ice (얼음 보통)
79	298	404	4.8(2,244)
79	318	63	리뷰 (1)
79	392	36	자몽 요구르트 J
79	446	36	6,400원
79	504	36	[추천] Sugar50% / Regular Ice (얼음 보통)
79	605	36	레몬 요구르트 L
79	659	36	5,300원
79	717	36	[추천] Sugar50% / Regular Ice (얼음 보통)
79	818	36	레몬 요구르트 J
79	872	36	6,400원
79	930	36	[추천] Sugar50% / Regular Ice (얼음 보통)
79	1031	36	레몬 자스민티 L
79	1085	36	5,100원
79	1143	36	[추천] Sugar50% / Regular Ice (얼음 보통)
79	1191	63	리뷰 (1)
79	1265	36	레몬 자스민티 J
79	1319	36	6,200원
79	1377	36	[추천] Sugar50% / Regular Ice (얼음 보통)
79	1425	63	리뷰 (1)
79	1441	121	지금 와우 가입하면 배달비 0원 + 25,000원 쿠폰
79	1458	781	가입하기
79	1529	42	커피
79	1556	24	배달비 0원 적용 중
80	66	155	공차 강남교보타워점 내 메뉴를 찾아보세요
80	119	36	레몬 요구르트 L
80	151	78	밀크티
80	151	203	오리지널 티
80	151	379	프룻티 &모어
80	151	571	커피
80	151	675	스무디
80	155	801	FOOD
80	173	36	5,300원
80	182	51	4 / 6
80	231	36	[추천] Sugar50% / Regular Ice (얼음 보통)
80	248	321	공차 강남교보타워점
80	298	404	4.8(2,244)
80	332	36	레몬 요구르트 J
80	386	36	6,400원
80	444	36	[추천] Sugar50% / Regular Ice (얼음 보통)
80	545	36	레몬 자스민티 L
80	599	36	5,100원
80	657	36	[추천] Sugar50% / Regular Ice (얼음 보통)
80	705	63	리뷰 (1)
80	779	36	레몬 자스민티 J
80	833	36	6,200원
80	891	36	[추천] Sugar50% / Regular Ice (얼음 보통)
80	939	63	리뷰 (1)
80	1043	42	커피
80	1125	36	아메리카노 L
80	1179	36	4,200원
80	1237	36	[추천] Sugar50% / Ice고정 / 브라질, 콜롬비아 외 대표적인 원두 5가지를 블렌딩하여 찾은 최적의 맛
80	1315	63	100% (3개)
80	1315	149	ㆍ
80	1315	193	리뷰 (2)
80	1389	36	아메리카노 J
80	1441	121	지금 와우 가입하면 배달비 0원 + 25,000원 쿠폰
80	1443	36	4,700원
80	1458	781	가입하기
80	1501	36	[추천]Sugar0% / Ice 고정 / 브라질, 콜롬비아 외 대표적인 원두 5가지를 블렌딩하여 찾은 최적의 맛
80	1556	24	배달비 0원 적용 중
80	1579	63	100% (4개)
80	1579	149	ㆍ
80	1579	193	리뷰 (4)
81	0	0	[추천] Sugar50% / Ice고정 / 진한 커피에 마다가스카르산 바닐라빈이 더해져 달콤하고 깊은 풍미를 느낄 수 있는 공차만의 커피 음료
81	0	0	리뷰 (1)
81	0	0	바닐라 카페라떼 L
81	52	36	레몬 자스민티 L
81	66	155	공차 강남교보타워점 내 메뉴를 찾아보세요
81	132	36	5,100원
81	151	78	밀크티
81	151	203	오리지널 티
81	151	379	프룻티 &모어
81	151	571	커피
81	151	675	스무디
81	155	801	FOOD
81	164	36	[추천] Sugar50% / Regular Ice (얼음 보통)
81	182	51	5 / 6
81	212	63	리뷰 (1)
81	248	321	공차 강남교보타워점
81	286	36	레몬 자스민티 J
81	298	404	4.8(2,244)
81	340	36	6,200원
81	398	36	[추천] Sugar50% / Regular Ice (얼음 보통)
81	446	63	리뷰 (1)
81	550	42	커피
81	632	36	아메리카노 L
81	686	36	4,200원
81	744	36	[추천] Sugar50% / Ice고정 / 브라질, 콜롬비아 외 대표적인 원두 5가지를 블렌딩하여 찾은 최적의 맛
81	822	63	100% (3개)
81	822	149	ㆍ
81	822	193	리뷰 (2)
81	896	36	아메리카노 J
81	950	36	4,700원
81	1008	36	[추천]Sugar0% / Ice 고정 / 브라질, 콜롬비아 외 대표적인 원두 5가지를 블렌딩하여 찾은 최적의 맛
81	1086	63	100% (4개)
81	1086	149	ㆍ
81	1086	193	리뷰 (4)
81	1160	36	카페라떼 L
81	1214	36	4,700원
81	1272	36	[추천] Sugar50% / Ice고정 / 진하고 부드러운 공차의 새로운 커피
81	1373	36	카페라떼 J
81	1427	36	5,800원
81	1441	121	지금 와우 가입하면 배달비 0원 + 25,000원 쿠폰
81	1458	781	가입하기
81	1485	36	[추천]Sugar0% / Ice 고정 / 진하고 부드러운 공차의 새로운 커피
81	1533	63	리뷰 (1)
81	1556	24	배달비 0원 적용 중
82	0	0	[추천] Sugar50% / Ice고정
82	0	0	리뷰 (1)
82	0	0	카페 모카 L
82	66	155	공차 강남교보타워점 내 메뉴를 찾아보세요
82	151	36	아메리카노 L
82	151	78	밀크티
82	151	204	오리지널 티
82	151	380	프룻티 &모어
82	151	571	커피
82	151	675	스무디
82	155	801	FOOD
82	182	51	6 / 6
82	205	36	4,200원
82	248	321	공차 강남교보타워점
82	263	36	[추천] Sugar50% / Ice고정 / 브라질, 콜롬비아 외 대표적인 원두 5가지를 블렌딩하여 찾은 최적의 맛
82	298	404	4.8(2,244)
82	341	63	100% (3개)
82	341	149	ㆍ
82	341	193	리뷰 (2)
82	415	36	아메리카노 J
82	469	36	4,700원
82	527	36	[추천]Sugar0% / Ice 고정 / 브라질, 콜롬비아 외 대표적인 원두 5가지를 블렌딩하여 찾은 최적의 맛
82	605	63	100% (4개)
82	605	149	ㆍ
82	605	193	리뷰 (4)
82	679	36	카페라떼 L
82	733	36	4,700원
82	791	36	[추천] Sugar50% / Ice고정 / 진하고 부드러운 공차의 새로운 커피
82	892	36	카페라떼 J
82	946	36	5,800원
82	1004	36	[추천]Sugar0% / Ice 고정 / 진하고 부드러운 공차의 새로운 커피
82	1052	63	리뷰 (1)
82	1126	36	바닐라 카페라떼 L
82	1180	36	5,000원
82	1238	36	[추천] Sugar50% / Ice고정 / 진한 커피에 마다가스카르산 바닐라빈이 더해져 달콤하고 깊은 풍미를 느낄 수 있는 공차만의 커피 음료
82	1316	63	리뷰 (1)
82	1390	36	바닐라 카페라떼 J
82	1441	121	지금 와우 가입하면 배달비 0원 + 25,000원 쿠폰
82	1444	36	6,100원
82	1458	781	가입하기
82	1502	36	[추천]Sugar50% / Ice 고정 / 진한 커피에 마다가스카르산 바닐라빈이 더해져 달콤하고 깊은 풍미를 느낄 수 있는 공차만의 커피 음료
82	1556	24	배달비 0원 적용 중
83	0	0	[추천] Sugar0% / Ice고정
83	0	0	리뷰 (1)
83	0	0	아메리카노 J
83	41	36	[추천]Sugar0% / Ice 고정 / 브라질, 콜롬비아 외 대표적인 원두 5가지를 블렌딩하여 찾은 최적의 맛
83	66	155	공차 강남교보타워점 내 메뉴를 찾아보세요
83	119	63	100% (4개)
83	119	149	ㆍ
83	119	193	리뷰 (4)
83	151	78	밀크티
83	151	204	오리지널 티
83	151	380	프룻티 &모어
83	151	571	커피
83	151	675	스무디
83	155	801	FOOD
83	182	51	1 / 6
83	193	36	카페라떼 L
83	247	36	4,700원
83	248	321	공차 강남교보타워점
83	298	404	4.8(2,244)
83	305	36	[추천] Sugar50% / Ice고정 / 진하고 부드러운 공차의 새로운 커피
83	406	36	카페라떼 J
83	460	36	5,800원
83	518	36	[추천]Sugar0% / Ice 고정 / 진하고 부드러운 공차의 새로운 커피
83	566	63	리뷰 (1)
83	640	36	바닐라 카페라떼 L
83	694	36	5,000원
83	752	36	[추천] Sugar50% / Ice고정 / 진한 커피에 마다가스카르산 바닐라빈이 더해져 달콤하고 깊은 풍미를 느낄 수 있는 공차만의 커피 음료
83	830	63	리뷰 (1)
83	904	36	바닐라 카페라떼 J
83	958	36	6,100원
83	1016	36	[추천]Sugar50% / Ice 고정 / 진한 커피에 마다가스카르산 바닐라빈이 더해져 달콤하고 깊은 풍미를 느낄 수 있는 공차만의 커피 음료
83	1124	36	카페 모카 L
83	1178	36	5,000원
83	1236	36	[추천] Sugar50% / Ice고정
83	1284	63	리뷰 (1)
83	1358	36	카페 모카 J
83	1412	36	6,100원
83	1441	121	지금 와우 가입하면 배달비 0원 + 25,000원 쿠폰
83	1458	781	가입하기
83	1470	36	[추천] Sugar50% / Ice고정
83	1556	24	배달비 0원 적용 중
83	1571	36	얼그레이 아메리카노 L
84	0	0	[추천] Sugar50% / Ice고정
84	66	155	공차 강남교보타워점 내 메뉴를 찾아보세요
84	151	78	밀크티
84	151	204	오리지널 티
84	151	380	프룻티 &모어
84	151	571	커피
84	151	675	스무디
84	155	36	바닐라 카페라떼 L
84	155	801	FOOD
84	182	51	2 / 6
84	209	36	5,000원
84	248	321	공차 강남교보타워점
84	267	36	[추천] Sugar50% / Ice고정 / 진한 커피에 마다가스카르산 바닐라빈이 더해져 달콤하고 깊은 풍미를 느낄 수 있는 공차만의 커피 음료
84	298	404	4.8(2,244)
84	345	63	리뷰 (1)
84	419	36	바닐라 카페라떼 J
84	473	36	6,100원
84	531	36	[추천]Sugar50% / Ice 고정 / 진한 커피에 마다가스카르산 바닐라빈이 더해져 달콤하고 깊은 풍미를 느낄 수 있는 공차만의 커피 음료
84	639	36	카페 모카 L
84	693	36	5,000원
84	751	36	[추천] Sugar50% / Ice고정
84	799	63	리뷰 (1)
84	873	36	카페 모카 J
84	927	36	6,100원
84	985	36	[추천] Sugar50% / Ice고정
84	1086	36	얼그레이 아메리카노 L
84	1140	36	4,700원
84	1198	36	[추천] Sugar0% / Ice고정
84	1246	63	리뷰 (1)
84	1320	36	얼그레이 아메리카노 J
84	1374	36	5,200원
84	1432	36	[추천] Sugar0% / Ice고정
84	1441	121	지금 와우 가입하면 배달비 0원 + 25,000원 쿠폰
84	1458	781	가입하기
84	1533	36	공차슈페너
84	1556	24	배달비 0원 적용 중
84	1587	36	4,800원
85	0	0	고소한 타로 베이스에 쫀득한 타로 쥬얼리를 더한 시그니처 타로 스무디
85	0	0	리뷰 (3)
85	66	155	공차 강남교보타워점 내 메뉴를 찾아보세요
85	146	36	카페 모카 L
85	151	78	밀크티
85	151	204	오리지널 티
85	151	380	프룻티 &모어
85	151	571	커피
85	151	675	스무디
85	155	801	FOOD
85	182	51	3 / 6
85	200	36	5,000원
85	248	321	공차 강남교보타워점
85	258	36	[추천] Sugar50% / Ice고정
85	298	404	4.8(2,244)
85	306	63	리뷰 (1)
85	380	36	카페 모카 J
85	434	36	6,100원
85	492	36	[추천] Sugar50% / Ice고정
85	593	36	얼그레이 아메리카노 L
85	647	36	4,700원
85	705	36	[추천] Sugar0% / Ice고정
85	753	63	리뷰 (1)
85	827	36	얼그레이 아메리카노 J
85	881	36	5,200원
85	939	36	[추천] Sugar0% / Ice고정
85	1040	36	공차슈페너
85	1094	36	4,800원
85	1152	36	[추천] Sugar50% / Ice고정
85	1253	36	카페스무디 with 블랙티(커피)
85	1307	36	5,700원
85	1365	36	Sugar고정 / Ice고정
85	1413	63	리뷰 (3)
85	1441	121	지금 와우 가입하면 배달비 0원 + 25,000원 쿠폰
85	1458	781	가입하기
85	1517	42	스무디
85	1556	24	배달비 0원 적용 중
85	1599	36	타로 쥬얼리 시그니처 스무디 L
86	0	0	Sugar고정 / Ice고정
86	0	0	리뷰 (1)
86	66	155	공차 강남교보타워점 내 메뉴를 찾아보세요
86	99	36	얼그레이 아메리카노 L
86	151	78	밀크티
86	151	204	오리지널 티
86	151	380	프룻티 &모어
86	151	571	커피
86	151	675	스무디
86	153	36	4,700원
86	155	801	FOOD
86	182	51	4 / 6
86	211	36	[추천] Sugar0% / Ice고정
86	248	321	공차 강남교보타워점
86	259	63	리뷰 (1)
86	298	404	4.8(2,244)
86	333	36	얼그레이 아메리카노 J
86	387	36	5,200원
86	445	36	[추천] Sugar0% / Ice고정
86	546	36	공차슈페너
86	600	36	4,800원
86	658	36	[추천] Sugar50% / Ice고정
86	759	36	카페스무디 with 블랙티(커피)
86	813	36	5,700원
86	871	36	Sugar고정 / Ice고정
86	919	63	리뷰 (3)
86	1023	42	스무디
86	1105	36	타로 쥬얼리 시그니처 스무디 L
86	1159	36	6,800원
86	1217	36	고소한 타로 베이스에 쫀득한 타로 쥬얼리를 더한 시그니처 타로 스무디
86	1265	63	리뷰 (3)
86	1339	36	미니펄 망고 크러쉬
86	1393	36	6,000원
86	1441	121	지금 와우 가입하면 배달비 0원 + 25,000원 쿠폰
86	1451	36	Sugar고정 / Ice고정
86	1458	781	가입하기
86	1499	63	리뷰 (1)
86	1556	24	배달비 0원 적용 중
86	1573	36	미니펄 딸기 크러쉬
87	0	0	Sugar고정 / Ice고정
87	0	0	리뷰 (5)
87	60	36	공차슈페너
87	66	155	공차 강남교보타워점 내 메뉴를 찾아보세요
87	132	36	4,800원
87	151	78	밀크티
87	151	204	오리지널 티
87	151	380	프룻티 &모어
87	151	571	커피
87	151	675	스무디
87	155	801	FOOD
87	172	36	[추천] Sugar50% / Ice고정
87	182	51	5 / 6
87	248	321	공차 강남교보타워점
87	273	36	카페스무디 with 블랙티(커피)
87	298	404	4.8(2,244)
87	327	36	5,700원
87	385	36	Sugar고정 / Ice고정
87	433	63	리뷰 (3)
87	537	42	스무디
87	619	36	타로 쥬얼리 시그니처 스무디 L
87	673	36	6,800원
87	731	36	고소한 타로 베이스에 쫀득한 타로 쥬얼리를 더한 시그니처 타로 스무디
87	779	63	리뷰 (3)
87	853	36	미니펄 망고 크러쉬
87	907	36	6,000원
87	965	36	Sugar고정 / Ice고정
87	1013	63	리뷰 (1)
87	1087	36	미니펄 딸기 크러쉬
87	1141	36	6,000원
87	1199	36	Sugar고정 / Ice고정
87	1247	63	리뷰 (1)
87	1321	36	초코바른 제주 그린 스무디 L
87	1375	36	6,200원
87	1433	36	Sugar고정 / Ice고정
87	1441	121	지금 와우 가입하면 배달비 0원 + 25,000원 쿠폰
87	1458	781	가입하기
87	1481	63	리뷰 (6)
87	1555	36	초코바른 초코 스무디 L
87	1556	24	배달비 0원 적용 중
88	0	0	Sugar고정 / Ice고정
88	0	0	리뷰 (2)
88	66	155	공차 강남교보타워점 내 메뉴를 찾아보세요
88	134	36	타로 쥬얼리 시그니처 스무디 L
88	151	78	밀크티
88	151	204	오리지널 티
88	151	380	프룻티 &모어
88	151	571	커피
88	151	675	스무디
88	155	801	FOOD
88	182	51	6 / 6
88	188	36	6,800원
88	246	36	고소한 타로 베이스에 쫀득한 타로 쥬얼리를 더한 시그니처 타로 스무디
88	248	321	공차 강남교보타워점
88	294	63	리뷰 (3)
88	298	404	4.8(2,244)
88	368	36	미니펄 망고 크러쉬
88	422	36	6,000원
88	480	36	Sugar고정 / Ice고정
88	528	63	리뷰 (1)
88	602	36	미니펄 딸기 크러쉬
88	656	36	6,000원
88	714	36	Sugar고정 / Ice고정
88	762	63	리뷰 (1)
88	836	36	초코바른 제주 그린 스무디 L
88	890	36	6,200원
88	948	36	Sugar고정 / Ice고정
88	996	63	리뷰 (6)
88	1070	36	초코바른 초코 스무디 L
88	1124	36	6,200원
88	1182	36	Sugar고정 / Ice고정
88	1230	63	리뷰 (5)
88	1304	36	초코바른 피스타치오 스무디 L
88	1358	36	6,200원
88	1416	36	Sugar고정 / Ice고정
88	1441	121	지금 와우 가입하면 배달비 0원 + 25,000원 쿠폰
88	1458	781	가입하기
88	1464	63	리뷰 (1)
88	1538	36	밀크 쿠앤크 스무디
88	1556	24	배달비 0원 적용 중
88	1592	36	5,600원
89	0	0	Sugar고정 / Ice고정
89	0	0	리뷰 (4)
89	66	155	공차 강남교보타워점 내 메뉴를 찾아보세요
89	118	36	미니펄 딸기 크러쉬
89	151	78	밀크티
89	151	204	오리지널 티
89	151	380	프룻티 &모어
89	151	571	커피
89	151	675	스무디
89	155	801	FOOD
89	172	36	6,000원
89	182	51	1 / 6
89	230	36	Sugar고정 / Ice고정
89	248	321	공차 강남교보타워점
89	278	63	리뷰 (1)
89	298	404	4.8(2,244)
89	352	36	초코바른 제주 그린 스무디 L
89	406	36	6,200원
89	464	36	Sugar고정 / Ice고정
89	512	63	리뷰 (6)
89	586	36	초코바른 초코 스무디 L
89	640	36	6,200원
89	698	36	Sugar고정 / Ice고정
89	746	63	리뷰 (5)
89	820	36	초코바른 피스타치오 스무디 L
89	874	36	6,200원
89	932	36	Sugar고정 / Ice고정
89	980	63	리뷰 (1)
89	1054	36	밀크 쿠앤크 스무디
89	1108	36	5,600원
89	1166	36	Sugar고정 / Ice고정
89	1214	63	리뷰 (2)
89	1288	36	브라운슈가 쥬얼리 치즈폼 스무디
89	1342	36	6,200원
89	1400	36	Sugar고정 / Ice고정
89	1441	121	지금 와우 가입하면 배달비 0원 + 25,000원 쿠폰
89	1448	63	리뷰 (2)
89	1458	781	가입하기
89	1522	36	레몬 요구르트 스무디
89	1556	24	배달비 0원 적용 중
89	1576	36	5,100원
90	0	0	Sugar고정 / Ice고정 / 농축된 달콤한 망고와 밀크를 함께 갈아만든 망고 스무디
90	0	0	리뷰 (9)
90	66	155	공차 강남교보타워점 내 메뉴를 찾아보세요
90	101	36	초코바른 초코 스무디 L
90	151	78	밀크티
90	151	204	오리지널 티
90	151	380	프룻티 &모어
90	151	571	커피
90	151	675	스무디
90	155	36	6,200원
90	155	801	FOOD
90	182	51	2 / 6
90	213	36	Sugar고정 / Ice고정
90	248	321	공차 강남교보타워점
90	261	63	리뷰 (5)
90	298	404	4.8(2,244)
90	335	36	초코바른 피스타치오 스무디 L
90	389	36	6,200원
90	447	36	Sugar고정 / Ice고정
90	495	63	리뷰 (1)
90	569	36	밀크 쿠앤크 스무디
90	623	36	5,600원
90	681	36	Sugar고정 / Ice고정
90	729	63	리뷰 (2)
90	803	36	브라운슈가 쥬얼리 치즈폼 스무디
90	857	36	6,200원
90	915	36	Sugar고정 / Ice고정
90	963	63	리뷰 (2)
90	1037	36	레몬 요구르트 스무디
90	1091	36	5,100원
90	1149	36	Sugar고정 / Ice고정
90	1197	63	리뷰 (4)
90	1271	36	타로 스무디
90	1325	36	5,100원
90	1383	36	Sugar고정 / Ice고정
90	1431	63	리뷰 (5)
90	1441	121	지금 와우 가입하면 배달비 0원 + 25,000원 쿠폰
90	1458	781	가입하기
90	1505	36	망고 스무디
90	1556	24	배달비 0원 적용 중
90	1559	36	6,200원
91	0	0	Sugar고정 / Ice고정 / 얼그레이티로 만든 밀크 스무디에 달콤한 딸기와 바삭한 쿠키를 더한 스무디
91	0	0	리뷰 (7)
91	66	155	공차 강남교보타워점 내 메뉴를 찾아보세요
91	84	36	밀크 쿠앤크 스무디
91	138	36	5,600원
91	151	78	밀크티
91	151	204	오리지널 티
91	151	380	프룻티 &모어
91	151	571	커피
91	151	675	스무디
91	155	801	FOOD
91	182	51	3 / 6
91	196	36	Sugar고정 / Ice고정
91	244	63	리뷰 (2)
91	248	321	공차 강남교보타워점
91	298	404	4.8(2,244)
91	318	36	브라운슈가 쥬얼리 치즈폼 스무디
91	372	36	6,200원
91	430	36	Sugar고정 / Ice고정
91	478	63	리뷰 (2)
91	552	36	레몬 요구르트 스무디
91	606	36	5,100원
91	664	36	Sugar고정 / Ice고정
91	712	63	리뷰 (4)
91	786	36	타로 스무디
91	840	36	5,100원
91	898	36	Sugar고정 / Ice고정
91	946	63	리뷰 (5)
91	1020	36	망고 스무디
91	1074	36	6,200원
91	1132	36	Sugar고정 / Ice고정 / 농축된 달콤한 망고와 밀크를 함께 갈아만든 망고 스무디
91	1210	63	리뷰 (9)
91	1284	36	초콜렛쿠키&크림 스무디
91	1338	36	5,800원
91	1396	36	Sugar고정 / Ice고정 / 진한 초코 스무디에 바삭한 쿠키와 밀크폼이 더해진 스무디
91	1441	121	지금 와우 가입하면 배달비 0원 + 25,000원 쿠폰
91	1458	781	가입하기
91	1474	63	리뷰 (1)
91	1548	36	딸기 쿠키 스무디
91	1556	24	배달비 0원 적용 중
92	0	0	Sugar고정 / Ice고정 / 녹차가루와 부드러운 밀크폼을 함께 즐길 수 있는 제주 그린티 스무디
92	0	0	리뷰 (1)
92	66	155	공차 강남교보타워점 내 메뉴를 찾아보세요
92	69	36	레몬 요구르트 스무디
92	132	36	5,100원
92	151	78	밀크티
92	151	204	오리지널 티
92	151	380	프룻티 &모어
92	151	571	커피
92	151	675	스무디
92	155	801	FOOD
92	181	36	Sugar고정 / Ice고정
92	182	51	4 / 6
92	229	63	리뷰 (4)
92	248	321	공차 강남교보타워점
92	298	404	4.8(2,244)
92	303	36	타로 스무디
92	357	36	5,100원
92	415	36	Sugar고정 / Ice고정
92	463	63	리뷰 (5)
92	537	36	망고 스무디
92	591	36	6,200원
92	649	36	Sugar고정 / Ice고정 / 농축된 달콤한 망고와 밀크를 함께 갈아만든 망고 스무디
92	727	63	리뷰 (9)
92	801	36	초콜렛쿠키&크림 스무디
92	855	36	5,800원
92	913	36	Sugar고정 / Ice고정 / 진한 초코 스무디에 바삭한 쿠키와 밀크폼이 더해진 스무디
92	991	63	리뷰 (1)
92	1065	36	딸기 쿠키 스무디
92	1119	36	6,000원
92	1177	36	Sugar고정 / Ice고정 / 얼그레이티로 만든 밀크 스무디에 달콤한 딸기와 바삭한 쿠키를 더한 스무디
92	1255	63	리뷰 (7)
92	1329	36	초코멜로 스무디
92	1383	36	6,000원
92	1441	36	Sugar고정 / Ice고정
92	1441	121	지금 와우 가입하면 배달비 0원 + 25,000원 쿠폰
92	1458	781	가입하기
92	1489	63	리뷰 (3)
92	1556	24	배달비 0원 적용 중
92	1563	36	제주 그린 스무디
93	0	0	Sugar고정 / Ice고정 / COLD only
93	0	0	리뷰 (1)
93	43	36	망고 스무디
93	66	155	공차 강남교보타워점 내 메뉴를 찾아보세요
93	132	36	6,200원
93	151	78	밀크티
93	151	204	오리지널 티
93	151	380	프룻티 &모어
93	151	571	커피
93	151	675	스무디
93	155	36	Sugar고정 / Ice고정 / 농축된 달콤한 망고와 밀크를 함께 갈아만든 망고 스무디
93	155	801	FOOD
93	182	51	5 / 6
93	233	63	리뷰 (9)
93	248	321	공차 강남교보타워점
93	298	404	4.8(2,244)
93	307	36	초콜렛쿠키&크림 스무디
93	361	36	5,800원
93	419	36	Sugar고정 / Ice고정 / 진한 초코 스무디에 바삭한 쿠키와 밀크폼이 더해진 스무디
93	497	63	리뷰 (1)
93	571	36	딸기 쿠키 스무디
93	625	36	6,000원
93	683	36	Sugar고정 / Ice고정 / 얼그레이티로 만든 밀크 스무디에 달콤한 딸기와 바삭한 쿠키를 더한 스무디
93	761	63	리뷰 (7)
93	835	36	초코멜로 스무디
93	889	36	6,000원
93	947	36	Sugar고정 / Ice고정
93	995	63	리뷰 (3)
93	1069	36	제주 그린 스무디
93	1123	36	6,000원
93	1181	36	Sugar고정 / Ice고정 / 녹차가루와 부드러운 밀크폼을 함께 즐길 수 있는 제주 그린티 스무디
93	1259	63	리뷰 (1)
93	1333	36	청포도 스무디 L
93	1387	36	5,600원
93	1441	121	지금 와우 가입하면 배달비 0원 + 25,000원 쿠폰
93	1445	36	Sugar고정 / Ice고정 / 시원달콤한 청포도과즙과 알로에 알갱이가 쏙쏙 들어오는 재미가 일품인 청포도 스무디
93	1458	781	가입하기
93	1523	63	리뷰 (6)
93	1556	24	배달비 0원 적용 중
93	1597	36	딸기 쥬얼리 요구르트 크러쉬
94	0	0	리뷰 (2)
94	66	155	공차 강남교보타워점 내 메뉴를 찾아보세요
94	76	36	딸기 쿠키 스무디
94	132	36	6,000원
94	151	78	밀크티
94	151	204	오리지널 티
94	151	380	프룻티 &모어
94	151	571	커피
94	151	675	스무디
94	155	801	FOOD
94	182	51	6 / 6
94	188	36	Sugar고정 / Ice고정 / 얼그레이티로 만든 밀크 스무디에 달콤한 딸기와 바삭한 쿠키를 더한 스무디
94	248	321	공차 강남교보타워점
94	266	63	리뷰 (7)
94	298	404	4.8(2,244)
94	340	36	초코멜로 스무디
94	394	36	6,000원
94	452	36	Sugar고정 / Ice고정
94	500	63	리뷰 (3)
94	574	36	제주 그린 스무디
94	628	36	6,000원
94	686	36	Sugar고정 / Ice고정 / 녹차가루와 부드러운 밀크폼을 함께 즐길 수 있는 제주 그린티 스무디
94	764	63	리뷰 (1)
94	838	36	청포도 스무디 L
94	892	36	5,600원
94	950	36	Sugar고정 / Ice고정 / 시원달콤한 청포도과즙과 알로에 알갱이가 쏙쏙 들어오는 재미가 일품인 청포도 스무디
94	1028	63	리뷰 (6)
94	1102	36	딸기 쥬얼리 요구르트 크러쉬
94	1156	36	6,000원
94	1214	36	Sugar고정 / Ice고정 / COLD only
94	1262	63	리뷰 (1)
94	1366	42	FOOD
94	1441	121	지금 와우 가입하면 배달비 0원 + 25,000원 쿠폰
94	1445	36	고구마 말랭이
94	1458	781	가입하기
94	1499	36	3,700원
94	1556	24	배달비 0원 적용 중
94	1557	36	고구마 본연의 맛과 쫀득한 식감을 살린 고구마 말랭이
95	66	155	공차 강남교보타워점 내 메뉴를 찾아보세요
95	89	36	제주 그린 스무디
95	143	36	6,000원
95	151	78	밀크티
95	151	204	오리지널 티
95	151	380	프룻티 &모어
95	151	571	커피
95	151	675	스무디
95	155	801	FOOD
95	182	51	1 / 6
95	201	36	Sugar고정 / Ice고정 / 녹차가루와 부드러운 밀크폼을 함께 즐길 수 있는 제주 그린티 스무디
95	248	321	공차 강남교보타워점
95	279	63	리뷰 (1)
95	298	404	4.8(2,244)
95	353	36	청포도 스무디 L
95	407	36	5,600원
95	465	36	Sugar고정 / Ice고정 / 시원달콤한 청포도과즙과 알로에 알갱이가 쏙쏙 들어오는 재미가 일품인 청포도 스무디
95	543	63	리뷰 (6)
95	617	36	딸기 쥬얼리 요구르트 크러쉬
95	671	36	6,000원
95	729	36	Sugar고정 / Ice고정 / COLD only
95	777	63	리뷰 (1)
95	881	42	FOOD
95	960	36	고구마 말랭이
95	1014	36	3,700원
95	1072	36	고구마 본연의 맛과 쫀득한 식감을 살린 고구마 말랭이
95	1120	63	리뷰 (2)
95	1194	36	두바이 스틱케이크
95	1248	36	4,400원
95	1306	36	진한 초코 케이크에 고소한 피스타치오 카다이프 필링을 더하고, 겉은 초콜릿 코팅으로 바삭하게 감싼 프리미엄 스틱 케이크
95	1384	63	리뷰 (2)
95	1441	121	지금 와우 가입하면 배달비 0원 + 25,000원 쿠폰
95	1458	36	리얼 퍼지 브라우니
95	1458	781	가입하기
95	1512	36	4,400원
95	1556	24	배달비 0원 적용 중
95	1570	36	진한 초콜릿 풍미와 꾸덕하고 밀도높은 식감으로 즐기는 클래식한 퍼지 브라우니
96	0	0	달콤한 마시멜로우와 진한 카카오의 풍미가 쫀득 꾸덕하게 어우러진 버터바
96	0	0	블랙 스모어 쫀득바
96	66	155	공차 강남교보타워점 내 메뉴를 찾아보세요
96	122	36	딸기 쥬얼리 요구르트 크러쉬
96	151	78	밀크티
96	151	204	오리지널 티
96	151	380	프룻티 &모어
96	151	571	커피
96	151	675	스무디
96	155	801	FOOD
96	176	36	6,000원
96	182	51	2 / 6
96	234	36	Sugar고정 / Ice고정 / COLD only
96	248	321	공차 강남교보타워점
96	282	63	리뷰 (1)
96	298	404	4.8(2,244)
96	386	42	FOOD
96	465	36	고구마 말랭이
96	519	36	3,700원
96	577	36	고구마 본연의 맛과 쫀득한 식감을 살린 고구마 말랭이
96	625	63	리뷰 (2)
96	699	36	두바이 스틱케이크
96	753	36	4,400원
96	811	36	진한 초코 케이크에 고소한 피스타치오 카다이프 필링을 더하고, 겉은 초콜릿 코팅으로 바삭하게 감싼 프리미엄 스틱 케이크
96	889	63	리뷰 (2)
96	963	36	리얼 퍼지 브라우니
96	1017	36	4,400원
96	1075	36	진한 초콜릿 풍미와 꾸덕하고 밀도높은 식감으로 즐기는 클래식한 퍼지 브라우니
96	1183	36	말차 카스테라 샌드
96	1237	36	5,400원
96	1295	36	부드러운 말차 카스테라 사이 진한 말차 크림을 샌드한 케이크
96	1396	36	솔티드 황치즈 쫀득바
96	1441	121	지금 와우 가입하면 배달비 0원 + 25,000원 쿠폰
96	1450	36	5,100원
96	1458	781	가입하기
96	1508	36	짭쪼름한 황치즈와 부드러운 버터의 풍미가 쫀득 꾸덕하게 어우러진 버터바
96	1556	24	배달비 0원 적용 중
97	0	0	리뷰 (1)
97	0	36	고구마 말랭이
97	66	155	공차 강남교보타워점 내 메뉴를 찾아보세요
97	82	36	고구마 본연의 맛과 쫀득한 식감을 살린 고구마 말랭이
97	130	63	리뷰 (2)
97	151	78	밀크티
97	151	204	오리지널 티
97	151	380	프룻티 &모어
97	151	571	커피
97	151	675	스무디
97	155	801	FOOD
97	182	51	3 / 6
97	204	36	두바이 스틱케이크
97	248	321	공차 강남교보타워점
97	258	36	4,400원
97	298	404	4.8(2,244)
97	316	36	진한 초코 케이크에 고소한 피스타치오 카다이프 필링을 더하고, 겉은 초콜릿 코팅으로 바삭하게 감싼 프리미엄 스틱 케이크
97	394	63	리뷰 (2)
97	468	36	리얼 퍼지 브라우니
97	522	36	4,400원
97	580	36	진한 초콜릿 풍미와 꾸덕하고 밀도높은 식감으로 즐기는 클래식한 퍼지 브라우니
97	688	36	말차 카스테라 샌드
97	742	36	5,400원
97	800	36	부드러운 말차 카스테라 사이 진한 말차 크림을 샌드한 케이크
97	901	36	솔티드 황치즈 쫀득바
97	955	36	5,100원
97	1013	36	짭쪼름한 황치즈와 부드러운 버터의 풍미가 쫀득 꾸덕하게 어우러진 버터바
97	1114	36	블랙 스모어 쫀득바
97	1168	36	5,100원
97	1226	36	달콤한 마시멜로우와 진한 카카오의 풍미가 쫀득 꾸덕하게 어우러진 버터바
97	1327	36	트러플 베이글칩
97	1372	761	오늘만 품절
97	1381	36	3,300원
97	1439	63	리뷰 (1)
97	1441	121	지금 와우 가입하면 배달비 0원 + 25,000원 쿠폰
97	1458	781	가입하기
97	1525	36	초코 쿠키 슈스틱
97	1556	24	배달비 0원 적용 중
97	1579	36	3,300원
98	0	36	리얼 퍼지 브라우니
98	66	155	공차 강남교보타워점 내 메뉴를 찾아보세요
98	87	36	진한 초콜릿 풍미와 꾸덕하고 밀도높은 식감으로 즐기는 클래식한 퍼지 브라우니
98	151	78	밀크티
98	151	204	오리지널 티
98	151	380	프룻티 &모어
98	151	571	커피
98	151	675	스무디
98	155	801	FOOD
98	182	51	4 / 6
98	195	36	말차 카스테라 샌드
98	248	321	공차 강남교보타워점
98	249	36	5,400원
98	298	404	4.8(2,244)
98	307	36	부드러운 말차 카스테라 사이 진한 말차 크림을 샌드한 케이크
98	408	36	솔티드 황치즈 쫀득바
98	462	36	5,100원
98	520	36	짭쪼름한 황치즈와 부드러운 버터의 풍미가 쫀득 꾸덕하게 어우러진 버터바
98	621	36	블랙 스모어 쫀득바
98	675	36	5,100원
98	733	36	달콤한 마시멜로우와 진한 카카오의 풍미가 쫀득 꾸덕하게 어우러진 버터바
98	834	36	트러플 베이글칩
98	879	761	오늘만 품절
98	888	36	3,300원
98	946	63	리뷰 (1)
98	1032	36	초코 쿠키 슈스틱
98	1086	36	3,300원
98	1144	63	리뷰 (1)
98	1245	36	요구르트 쿠키 슈스틱
98	1299	36	3,300원
98	1357	63	리뷰 (2)
98	1441	121	지금 와우 가입하면 배달비 0원 + 25,000원 쿠폰
98	1458	36	초코칩 청크 쿠키
98	1458	781	가입하기
98	1512	36	2,400원
98	1556	24	배달비 0원 적용 중
98	1570	63	리뷰 (1)
99	66	155	공차 강남교보타워점 내 메뉴를 찾아보세요
99	127	36	블랙 스모어 쫀득바
99	151	78	밀크티
99	151	204	오리지널 티
99	151	380	프룻티 &모어
99	151	571	커피
99	151	675	스무디
99	155	801	FOOD
99	181	36	5,100원
99	182	51	5 / 6
99	239	36	달콤한 마시멜로우와 진한 카카오의 풍미가 쫀득 꾸덕하게 어우러진 버터바
99	248	321	공차 강남교보타워점
99	298	404	4.8(2,244)
99	340	36	트러플 베이글칩
99	385	761	오늘만 품절
99	394	36	3,300원
99	452	63	리뷰 (1)
99	538	36	초코 쿠키 슈스틱
99	592	36	3,300원
99	650	63	리뷰 (1)
99	751	36	요구르트 쿠키 슈스틱
99	805	36	3,300원
99	863	63	리뷰 (2)
99	964	36	초코칩 청크 쿠키
99	1018	36	2,400원
99	1076	63	리뷰 (1)
99	1177	36	마카다미아 쿠키
99	1231	36	2,400원
99	1390	36	리얼 브라우니 쿠키
99	1441	121	지금 와우 가입하면 배달비 0원 + 25,000원 쿠폰
99	1444	36	4,200원
99	1458	781	가입하기
99	1556	24	배달비 0원 적용 중
100	45	36	트러플 베이글칩
100	66	155	공차 강남교보타워점 내 메뉴를 찾아보세요
100	90	761	오늘만 품절
100	132	36	3,300원
100	151	78	밀크티
100	151	204	오리지널 티
100	151	380	프룻티 &모어
100	151	571	커피
100	151	675	스무디
100	155	801	FOOD
100	157	63	리뷰 (1)
100	182	51	6 / 6
100	243	36	초코 쿠키 슈스틱
100	248	321	공차 강남교보타워점
100	297	36	3,300원
100	298	404	4.8(2,244)
100	355	63	리뷰 (1)
100	456	36	요구르트 쿠키 슈스틱
100	510	36	3,300원
100	568	63	리뷰 (2)
100	669	36	초코칩 청크 쿠키
100	723	36	2,400원
100	781	63	리뷰 (1)
100	882	36	마카다미아 쿠키
100	936	36	2,400원
100	1095	36	리얼 브라우니 쿠키
100	1149	36	4,200원
100	1320	36	비슷한 커피/차 맛집 추천해요
100	1326	810	광고
100	1384	560	공차 역삼점
100	1396	171	공차 강남2호점
100	1419	609	(5,051)ㆍ
100	1420	584	4.8
100	1420	682	0.6km
100	1431	220	(13)ㆍ
100	1432	195	5.0
100	1432	269	0.4km
100	1441	121	지금 와우 가입하면 배달비 0원 + 25,000원 쿠폰
100	1456	587	5,000원 쿠폰
100	1458	781	가입하기
100	1464	171	배달비 0원
100	1485	560	배달비 0원
100	1556	24	배달비 0원 적용 중
