0	446	51	3 / 3
0	512	317	자담치킨 서초교대점
0	562	404	4.9(1,532)
0	676	0	배달 37분
0	676	450	포장 22분
0	769	674	매장∙원산지정보
0	780	69	도착까지 약 37분
0	841	36	최소주문
0	841	153	23,000원
0	896	36	일반회원
0	897	153	0-2,600원 0원
0	898	294	자세히
0	938	36	와우회원
0	938	153	와우회원은 매 주문 배달비 0원
0	1010	127	지금 와우 가입하면 배달비 0원 + 25,000원 쿠폰
0	1027	766	가입하기
0	1118	90	3,000원 쿠폰 추가 적용 가능
0	1208	168	순살파 아닌데도 자담순살은 먹습니다
0	1208	606	퀄리티는 여기가최고여요 늘!!!
0	1377	114	&#128293; 인기메뉴
0	1377	298	신메뉴
0	1377	424	반반치킨 메뉴
0	1377	622	1인분 메뉴
0	1377	789	치치감세트메뉴
0	1478	42	인기메뉴
0	1556	88	1위
0	1556	304	2위
0	1556	520	3위
0	1556	708	4위
1	0	0	80% (5개)
1	0	0	ㆍ
1	0	0	리뷰 (5)
1	66	155	자담치킨 서초교대점 내 메뉴를 찾아보세요
1	147	0	배달 37분
1	147	450	포장 22분
1	182	51	1 / 3
1	240	674	매장∙원산지정보
1	248	317	자담치킨 서초교대점
1	251	69	도착까지 약 37분
1	298	404	4.9(1,532)
1	312	36	최소주문
1	312	153	23,000원
1	367	36	일반회원
1	368	153	0-2,600원 0원
1	369	294	자세히
1	409	36	와우회원
1	409	153	와우회원은 매 주문 배달비 0원
1	481	127	지금 와우 가입하면 배달비 0원 + 25,000원 쿠폰
1	498	766	가입하기
1	589	90	3,000원 쿠폰 추가 적용 가능
1	679	168	순살파 아닌데도 자담순살은 먹습니다
1	679	606	퀄리티는 여기가최고여요 늘!!!
1	848	114	&#128293; 인기메뉴
1	848	298	신메뉴
1	848	424	반반치킨 메뉴
1	848	622	1인분 메뉴
1	848	789	치치감세트메뉴
1	949	42	인기메뉴
1	1027	88	1위
1	1027	304	2위
1	1027	520	3위
1	1027	708	4위
1	1226	36	반반순살치킨
1	1226	252	맵슐랭순살치킨
1	1226	468	반반치킨
1	1226	684	순살치킨
1	1267	36	27,000원
1	1267	252	27,000원
1	1267	468	25,000원
1	1267	684	25,000원
1	1385	42	신메뉴
1	1467	36	뿌슐랭치킨
1	1521	36	26,000원
1	1556	24	배달비 0원 + 3,000원 쿠폰
1	1579	36	바삭하고 고소한 라면 스낵 안에 육즙 가득하고 부드러운 100% 국내산 닭다리 순살!
2	0	0	100% (2개)
2	0	0	ㆍ
2	0	0	다섯 가지 개성있는 식감과 모양으로 한 번에 푸짐하게 즐길 수 있는 감자튀김
2	0	0	리뷰 (1)
2	66	155	자담치킨 서초교대점 내 메뉴를 찾아보세요
2	132	90	3,000원 쿠폰 추가 적용 가능
2	182	51	2 / 3
2	193	168	순살파 아닌데도 자담순살은 먹습니다
2	193	606	퀄리티는 여기가최고여요 늘!!!
2	248	317	자담치킨 서초교대점
2	298	404	4.9(1,532)
2	362	114	&#128293; 인기메뉴
2	362	298	신메뉴
2	362	424	반반치킨 메뉴
2	362	622	1인분 메뉴
2	362	789	치치감세트메뉴
2	463	42	인기메뉴
2	541	88	1위
2	541	304	2위
2	541	520	3위
2	541	708	4위
2	740	36	반반순살치킨
2	740	252	맵슐랭순살치킨
2	740	468	반반치킨
2	740	684	순살치킨
2	781	36	27,000원
2	781	252	27,000원
2	781	468	25,000원
2	781	684	25,000원
2	899	42	신메뉴
2	981	36	뿌슐랭치킨
2	1035	36	26,000원
2	1093	36	바삭하고 고소한 라면 스낵 안에 육즙 가득하고 부드러운 100% 국내산 닭다리 순살!
2	1171	63	80% (5개)
2	1171	139	ㆍ
2	1171	183	리뷰 (5)
2	1245	36	콘립너겟(150g)
2	1299	36	5,000원
2	1357	36	옥수수를 통째로! 갈비 모양 콘립을 바삭하게 튀겨 달달고소한 옥수수 풍미가 제대로 살아 있는 너겟
2	1435	63	100% (1개)
2	1435	149	ㆍ
2	1435	193	리뷰 (1)
2	1441	121	지금 와우 가입하면 배달비 0원 + 25,000원 쿠폰
2	1458	781	가입하기
2	1509	36	모둠감자튀김
2	1556	24	배달비 0원 + 3,000원 쿠폰
2	1563	36	11,000원
3	66	155	자담치킨 서초교대점 내 메뉴를 찾아보세요
3	151	114	&#128293; 인기메뉴
3	151	298	신메뉴
3	151	424	반반치킨 메뉴
3	151	622	1인분 메뉴
3	151	789	치치감세트메뉴
3	182	51	3 / 3
3	246	36	반반순살치킨
3	246	252	맵슐랭순살치킨
3	246	468	반반치킨
3	246	684	순살치킨
3	248	317	자담치킨 서초교대점
3	287	36	27,000원
3	287	252	27,000원
3	287	468	25,000원
3	287	684	25,000원
3	298	404	4.9(1,532)
3	405	42	신메뉴
3	487	36	뿌슐랭치킨
3	541	36	26,000원
3	599	36	바삭하고 고소한 라면 스낵 안에 육즙 가득하고 부드러운 100% 국내산 닭다리 순살!
3	677	63	80% (5개)
3	677	139	ㆍ
3	677	183	리뷰 (5)
3	751	36	콘립너겟(150g)
3	805	36	5,000원
3	863	36	옥수수를 통째로! 갈비 모양 콘립을 바삭하게 튀겨 달달고소한 옥수수 풍미가 제대로 살아 있는 너겟
3	941	63	100% (1개)
3	941	149	ㆍ
3	941	193	리뷰 (1)
3	1015	36	모둠감자튀김
3	1069	36	11,000원
3	1127	36	다섯 가지 개성있는 식감과 모양으로 한 번에 푸짐하게 즐길 수 있는 감자튀김
3	1205	63	100% (2개)
3	1205	149	ㆍ
3	1205	193	리뷰 (1)
3	1309	42	반반치킨 메뉴
3	1392	45	주문많음
3	1392	133	리뷰최고
3	1418	36	반반순살치킨
3	1441	121	지금 와우 가입하면 배달비 0원 + 25,000원 쿠폰
3	1458	781	가입하기
3	1472	36	27,000원
3	1530	36	신선하고 바삭한 후라이드와 다양한 반반 메뉴를 즐기세요
3	1556	24	배달비 0원 + 3,000원 쿠폰
3	1578	63	95% (114개)
3	1578	159	ㆍ
3	1578	203	리뷰 (104)
4	3	36	뿌슐랭치킨
4	66	155	자담치킨 서초교대점 내 메뉴를 찾아보세요
4	115	36	바삭하고 고소한 라면 스낵 안에 육즙 가득하고 부드러운 100% 국내산 닭다리 순살!
4	151	114	신메뉴
4	151	240	반반치킨 메뉴
4	151	438	1인분 메뉴
4	151	605	치치감세트메뉴
4	151	819	시그니처 메뉴
4	182	51	1 / 3
4	193	63	80% (5개)
4	193	139	ㆍ
4	193	183	리뷰 (5)
4	248	317	자담치킨 서초교대점
4	267	36	콘립너겟(150g)
4	298	404	4.9(1,532)
4	321	36	5,000원
4	379	36	옥수수를 통째로! 갈비 모양 콘립을 바삭하게 튀겨 달달고소한 옥수수 풍미가 제대로 살아 있는 너겟
4	457	63	100% (1개)
4	457	149	ㆍ
4	457	193	리뷰 (1)
4	531	36	모둠감자튀김
4	585	36	11,000원
4	643	36	다섯 가지 개성있는 식감과 모양으로 한 번에 푸짐하게 즐길 수 있는 감자튀김
4	721	63	100% (2개)
4	721	149	ㆍ
4	721	193	리뷰 (1)
4	825	42	반반치킨 메뉴
4	908	45	주문많음
4	908	133	리뷰최고
4	934	36	반반순살치킨
4	988	36	27,000원
4	1046	36	신선하고 바삭한 후라이드와 다양한 반반 메뉴를 즐기세요
4	1094	63	95% (114개)
4	1094	159	ㆍ
4	1094	203	리뷰 (104)
4	1168	36	핫반반순살치킨
4	1222	36	28,000원
4	1280	36	핫순살반+핫순살양념반
4	1328	63	100% (11개)
4	1328	159	ㆍ
4	1328	203	리뷰 (10)
4	1402	36	반반치킨
4	1441	121	지금 와우 가입하면 배달비 0원 + 25,000원 쿠폰
4	1456	36	25,000원
4	1458	781	가입하기
4	1514	36	신선하고 바삭한 후라이드와 다양한 반반 메뉴를 즐기세요
4	1556	24	배달비 0원 + 3,000원 쿠폰
4	1562	63	91% (45개)
4	1562	149	ㆍ
4	1562	193	리뷰 (49)
5	0	0	100% (1개)
5	0	0	ㆍ
5	0	0	리뷰 (2)
5	0	0	순살치킨200g+크런치감자스틱150g+콜라245ml
5	38	36	모둠감자튀김
5	66	155	자담치킨 서초교대점 내 메뉴를 찾아보세요
5	150	36	다섯 가지 개성있는 식감과 모양으로 한 번에 푸짐하게 즐길 수 있는 감자튀김
5	151	114	신메뉴
5	151	240	반반치킨 메뉴
5	151	438	1인분 메뉴
5	151	605	치치감세트메뉴
5	151	819	시그니처 메뉴
5	182	51	2 / 3
5	228	63	100% (2개)
5	228	149	ㆍ
5	228	193	리뷰 (1)
5	248	317	자담치킨 서초교대점
5	298	404	4.9(1,532)
5	332	42	반반치킨 메뉴
5	415	45	주문많음
5	415	133	리뷰최고
5	441	36	반반순살치킨
5	495	36	27,000원
5	553	36	신선하고 바삭한 후라이드와 다양한 반반 메뉴를 즐기세요
5	601	63	95% (114개)
5	601	159	ㆍ
5	601	203	리뷰 (104)
5	675	36	핫반반순살치킨
5	729	36	28,000원
5	787	36	핫순살반+핫순살양념반
5	835	63	100% (11개)
5	835	159	ㆍ
5	835	203	리뷰 (10)
5	909	36	반반치킨
5	963	36	25,000원
5	1021	36	신선하고 바삭한 후라이드와 다양한 반반 메뉴를 즐기세요
5	1069	63	91% (45개)
5	1069	149	ㆍ
5	1069	193	리뷰 (49)
5	1143	36	핫반반치킨
5	1197	36	26,000원
5	1255	36	핫후라이드반+핫양념반
5	1303	63	100% (6개)
5	1303	149	ㆍ
5	1303	193	리뷰 (11)
5	1407	42	1인분 메뉴
5	1441	121	지금 와우 가입하면 배달비 0원 + 25,000원 쿠폰
5	1458	781	가입하기
5	1489	36	미니순살치킨세트
5	1543	36	15,000원
5	1556	24	배달비 0원 + 3,000원 쿠폰
6	0	0	리뷰최고
6	0	0	반반순살치킨
6	0	0	주문많음
6	57	36	신선하고 바삭한 후라이드와 다양한 반반 메뉴를 즐기세요
6	66	155	자담치킨 서초교대점 내 메뉴를 찾아보세요
6	105	63	95% (114개)
6	105	159	ㆍ
6	105	203	리뷰 (104)
6	151	114	반반치킨 메뉴
6	151	312	1인분 메뉴
6	151	479	치치감세트메뉴
6	151	693	시그니처 메뉴
6	179	36	핫반반순살치킨
6	182	51	3 / 3
6	233	36	28,000원
6	248	317	자담치킨 서초교대점
6	291	36	핫순살반+핫순살양념반
6	298	404	4.9(1,532)
6	339	63	100% (11개)
6	339	159	ㆍ
6	339	203	리뷰 (10)
6	413	36	반반치킨
6	467	36	25,000원
6	525	36	신선하고 바삭한 후라이드와 다양한 반반 메뉴를 즐기세요
6	573	63	91% (45개)
6	573	149	ㆍ
6	573	193	리뷰 (49)
6	647	36	핫반반치킨
6	701	36	26,000원
6	759	36	핫후라이드반+핫양념반
6	807	63	100% (6개)
6	807	149	ㆍ
6	807	193	리뷰 (11)
6	911	42	1인분 메뉴
6	993	36	미니순살치킨세트
6	1047	36	15,000원
6	1105	36	순살치킨200g+크런치감자스틱150g+콜라245ml
6	1153	63	100% (1개)
6	1153	149	ㆍ
6	1153	193	리뷰 (2)
6	1227	36	치즈핑볶음밥세트
6	1281	36	15,000원
6	1339	36	치즈핑(2조각)+에그야채볶음밥+콜라245ml
6	1440	36	소보로볶음밥세트
6	1441	121	지금 와우 가입하면 배달비 0원 + 25,000원 쿠폰
6	1458	781	가입하기
6	1494	36	15,000원
6	1552	36	소보로치킨(190g)+에그야채볶음밥+콜라245ml
6	1556	24	배달비 0원 + 3,000원 쿠폰
7	0	0	리뷰 (2)
7	0	0	후라이드+치즈볼 7개 정가 30,000원에서 5% 할인, 28,500원에 즐길 수 있는 세트 메뉴
7	66	155	자담치킨 서초교대점 내 메뉴를 찾아보세요
7	151	114	반반치킨 메뉴
7	151	312	1인분 메뉴
7	151	479	치치감세트메뉴
7	151	693	시그니처 메뉴
7	155	36	핫반반치킨
7	182	51	1 / 3
7	209	36	26,000원
7	248	317	자담치킨 서초교대점
7	267	36	핫후라이드반+핫양념반
7	298	404	4.9(1,532)
7	315	63	100% (6개)
7	315	149	ㆍ
7	315	193	리뷰 (11)
7	419	42	1인분 메뉴
7	501	36	미니순살치킨세트
7	555	36	15,000원
7	613	36	순살치킨200g+크런치감자스틱150g+콜라245ml
7	661	63	100% (1개)
7	661	149	ㆍ
7	661	193	리뷰 (2)
7	735	36	치즈핑볶음밥세트
7	789	36	15,000원
7	847	36	치즈핑(2조각)+에그야채볶음밥+콜라245ml
7	948	36	소보로볶음밥세트
7	1002	36	15,000원
7	1060	36	소보로치킨(190g)+에그야채볶음밥+콜라245ml
7	1191	42	치치감세트메뉴
7	1273	36	후라이드+감튀(L)세트
7	1327	36	29,000원
7	1385	36	후라이드+감자스틱300g 정가 29,000원에서 5% 할인, 27,500원에 즐길 수 있는 세트 메뉴
7	1441	121	지금 와우 가입하면 배달비 0원 + 25,000원 쿠폰
7	1458	781	가입하기
7	1463	63	100% (1개)
7	1463	149	ㆍ
7	1463	193	리뷰 (1)
7	1537	36	후라이드+치즈볼7개
7	1556	24	배달비 0원 + 3,000원 쿠폰
7	1591	36	30,000원
8	0	0	100% (3개)
8	0	0	ㆍ
8	0	0	리뷰 (1)
8	0	0	순살치킨+치즈볼 7개 정가 32,000원에서 6% 할인, 29,900원에 즐길 수 있는 세트 메뉴
8	8	36	미니순살치킨세트
8	66	155	자담치킨 서초교대점 내 메뉴를 찾아보세요
8	120	36	순살치킨200g+크런치감자스틱150g+콜라245ml
8	151	114	1인분 메뉴
8	151	282	치치감세트메뉴
8	151	496	시그니처 메뉴
8	151	694	오리지널 치킨 메뉴
8	168	63	100% (1개)
8	168	149	ㆍ
8	168	193	리뷰 (2)
8	182	51	2 / 3
8	242	36	치즈핑볶음밥세트
8	248	317	자담치킨 서초교대점
8	296	36	15,000원
8	298	404	4.9(1,532)
8	354	36	치즈핑(2조각)+에그야채볶음밥+콜라245ml
8	455	36	소보로볶음밥세트
8	509	36	15,000원
8	567	36	소보로치킨(190g)+에그야채볶음밥+콜라245ml
8	698	42	치치감세트메뉴
8	780	36	후라이드+감튀(L)세트
8	834	36	29,000원
8	892	36	후라이드+감자스틱300g 정가 29,000원에서 5% 할인, 27,500원에 즐길 수 있는 세트 메뉴
8	970	63	100% (1개)
8	970	149	ㆍ
8	970	193	리뷰 (1)
8	1044	36	후라이드+치즈볼7개
8	1098	36	30,000원
8	1156	36	후라이드+치즈볼 7개 정가 30,000원에서 5% 할인, 28,500원에 즐길 수 있는 세트 메뉴
8	1234	63	리뷰 (2)
8	1308	36	순살+감튀(L)세트
8	1362	36	31,000원
8	1420	36	순살치킨+감자스틱300g 정가 31,000원에서 5% 할인, 29,400원에 즐길 수 있는 세트 메뉴
8	1441	121	지금 와우 가입하면 배달비 0원 + 25,000원 쿠폰
8	1458	781	가입하기
8	1498	63	100% (8개)
8	1498	149	ㆍ
8	1498	193	리뷰 (1)
8	1556	24	배달비 0원 + 3,000원 쿠폰
8	1572	36	순살+치즈볼7개
9	0	0	소보로볶음밥세트
9	0	0	핫후라이드+치즈볼 7개 정가 31,000원에서 5% 할인, 29,400원에 즐길 수 있는 세트 메뉴
9	0	0	핫후라이드+치즈볼7개
9	66	155	자담치킨 서초교대점 내 메뉴를 찾아보세요
9	73	36	소보로치킨(190g)+에그야채볶음밥+콜라245ml
9	151	114	1인분 메뉴
9	151	282	치치감세트메뉴
9	151	496	시그니처 메뉴
9	151	694	오리지널 치킨 메뉴
9	182	51	3 / 3
9	204	42	치치감세트메뉴
9	248	317	자담치킨 서초교대점
9	286	36	후라이드+감튀(L)세트
9	298	404	4.9(1,532)
9	340	36	29,000원
9	398	36	후라이드+감자스틱300g 정가 29,000원에서 5% 할인, 27,500원에 즐길 수 있는 세트 메뉴
9	476	63	100% (1개)
9	476	149	ㆍ
9	476	193	리뷰 (1)
9	550	36	후라이드+치즈볼7개
9	604	36	30,000원
9	662	36	후라이드+치즈볼 7개 정가 30,000원에서 5% 할인, 28,500원에 즐길 수 있는 세트 메뉴
9	740	63	리뷰 (2)
9	814	36	순살+감튀(L)세트
9	868	36	31,000원
9	926	36	순살치킨+감자스틱300g 정가 31,000원에서 5% 할인, 29,400원에 즐길 수 있는 세트 메뉴
9	1004	63	100% (8개)
9	1004	149	ㆍ
9	1004	193	리뷰 (1)
9	1078	36	순살+치즈볼7개
9	1132	36	32,000원
9	1190	36	순살치킨+치즈볼 7개 정가 32,000원에서 6% 할인, 29,900원에 즐길 수 있는 세트 메뉴
9	1268	63	100% (3개)
9	1268	149	ㆍ
9	1268	193	리뷰 (1)
9	1342	36	핫후라이드+감튀(L)세트
9	1396	36	30,000원
9	1441	121	지금 와우 가입하면 배달비 0원 + 25,000원 쿠폰
9	1454	36	핫후라이드+감자스틱300g 정가 30,000원에서 5% 할인, 28,500원에 즐길 수 있는 세트 메뉴
9	1458	781	가입하기
9	1532	63	100% (3개)
9	1532	149	ㆍ
9	1532	193	리뷰 (2)
9	1556	24	배달비 0원 + 3,000원 쿠폰
10	0	0	맵슐랭+치즈볼 7개 정가 32,000원에서 5% 할인, 30,400원에 즐길 수 있는 세트 메뉴
10	55	36	후라이드+치즈볼7개
10	66	155	자담치킨 서초교대점 내 메뉴를 찾아보세요
10	132	36	30,000원
10	151	114	치치감세트메뉴
10	151	328	시그니처 메뉴
10	151	526	오리지널 치킨 메뉴
10	151	774	순살치킨(닭다리살) 메뉴
10	167	36	후라이드+치즈볼 7개 정가 30,000원에서 5% 할인, 28,500원에 즐길 수 있는 세트 메뉴
10	182	51	1 / 3
10	245	63	리뷰 (2)
10	248	317	자담치킨 서초교대점
10	298	404	4.9(1,532)
10	319	36	순살+감튀(L)세트
10	373	36	31,000원
10	431	36	순살치킨+감자스틱300g 정가 31,000원에서 5% 할인, 29,400원에 즐길 수 있는 세트 메뉴
10	509	63	100% (8개)
10	509	149	ㆍ
10	509	193	리뷰 (1)
10	583	36	순살+치즈볼7개
10	637	36	32,000원
10	695	36	순살치킨+치즈볼 7개 정가 32,000원에서 6% 할인, 29,900원에 즐길 수 있는 세트 메뉴
10	773	63	100% (3개)
10	773	149	ㆍ
10	773	193	리뷰 (1)
10	847	36	핫후라이드+감튀(L)세트
10	901	36	30,000원
10	959	36	핫후라이드+감자스틱300g 정가 30,000원에서 5% 할인, 28,500원에 즐길 수 있는 세트 메뉴
10	1037	63	100% (3개)
10	1037	149	ㆍ
10	1037	193	리뷰 (2)
10	1111	36	핫후라이드+치즈볼7개
10	1165	36	31,000원
10	1223	36	핫후라이드+치즈볼 7개 정가 31,000원에서 5% 할인, 29,400원에 즐길 수 있는 세트 메뉴
10	1331	36	맵슐랭+감튀(L)세트
10	1385	36	31,000원
10	1441	121	지금 와우 가입하면 배달비 0원 + 25,000원 쿠폰
10	1443	36	맵슐랭+감자스틱300g 정가 31,000원에서 5% 할인, 29,400원에 즐길 수 있는 세트 메뉴
10	1458	781	가입하기
10	1521	63	100% (1개)
10	1556	24	배달비 0원 + 3,000원 쿠폰
10	1595	36	맵슐랭+치즈볼7개
11	0	0	100% (13개)
11	0	0	ㆍ
11	0	0	리뷰 (5)
11	0	0	맵슐랭순살치킨+치즈볼 7개 정가 34,000원에서 5% 할인, 32,300원에 즐길 수 있는 세트 메뉴
11	66	155	자담치킨 서초교대점 내 메뉴를 찾아보세요
11	98	36	순살+치즈볼7개
11	151	114	치치감세트메뉴
11	151	328	시그니처 메뉴
11	151	526	오리지널 치킨 메뉴
11	151	774	순살치킨(닭다리살) 메뉴
11	152	36	32,000원
11	182	51	2 / 3
11	210	36	순살치킨+치즈볼 7개 정가 32,000원에서 6% 할인, 29,900원에 즐길 수 있는 세트 메뉴
11	248	317	자담치킨 서초교대점
11	288	63	100% (3개)
11	288	149	ㆍ
11	288	193	리뷰 (1)
11	298	404	4.9(1,532)
11	362	36	핫후라이드+감튀(L)세트
11	416	36	30,000원
11	474	36	핫후라이드+감자스틱300g 정가 30,000원에서 5% 할인, 28,500원에 즐길 수 있는 세트 메뉴
11	552	63	100% (3개)
11	552	149	ㆍ
11	552	193	리뷰 (2)
11	626	36	핫후라이드+치즈볼7개
11	680	36	31,000원
11	738	36	핫후라이드+치즈볼 7개 정가 31,000원에서 5% 할인, 29,400원에 즐길 수 있는 세트 메뉴
11	846	36	맵슐랭+감튀(L)세트
11	900	36	31,000원
11	958	36	맵슐랭+감자스틱300g 정가 31,000원에서 5% 할인, 29,400원에 즐길 수 있는 세트 메뉴
11	1036	63	100% (1개)
11	1110	36	맵슐랭+치즈볼7개
11	1164	36	32,000원
11	1222	36	맵슐랭+치즈볼 7개 정가 32,000원에서 5% 할인, 30,400원에 즐길 수 있는 세트 메뉴
11	1330	36	맵슐랭순살+감튀(L)세트
11	1384	36	33,000원
11	1441	121	지금 와우 가입하면 배달비 0원 + 25,000원 쿠폰
11	1442	36	맵슐랭순살치킨+감자스틱300g 정가 33,000원에서 5% 할인, 31,300원에 즐길 수 있는 세트 메뉴
11	1458	781	가입하기
11	1520	63	100% (1개)
11	1520	149	ㆍ
11	1520	193	리뷰 (1)
11	1556	24	배달비 0원 + 3,000원 쿠폰
11	1594	36	맵슐랭순살+치즈볼7개
12	66	155	자담치킨 서초교대점 내 메뉴를 찾아보세요
12	133	36	핫후라이드+치즈볼7개
12	151	114	치치감세트메뉴
12	151	328	시그니처 메뉴
12	151	526	오리지널 치킨 메뉴
12	151	774	순살치킨(닭다리살) 메뉴
12	182	51	3 / 3
12	187	36	31,000원
12	245	36	핫후라이드+치즈볼 7개 정가 31,000원에서 5% 할인, 29,400원에 즐길 수 있는 세트 메뉴
12	248	317	자담치킨 서초교대점
12	298	404	4.9(1,532)
12	353	36	맵슐랭+감튀(L)세트
12	407	36	31,000원
12	465	36	맵슐랭+감자스틱300g 정가 31,000원에서 5% 할인, 29,400원에 즐길 수 있는 세트 메뉴
12	543	63	100% (1개)
12	617	36	맵슐랭+치즈볼7개
12	671	36	32,000원
12	729	36	맵슐랭+치즈볼 7개 정가 32,000원에서 5% 할인, 30,400원에 즐길 수 있는 세트 메뉴
12	837	36	맵슐랭순살+감튀(L)세트
12	891	36	33,000원
12	949	36	맵슐랭순살치킨+감자스틱300g 정가 33,000원에서 5% 할인, 31,300원에 즐길 수 있는 세트 메뉴
12	1027	63	100% (1개)
12	1027	149	ㆍ
12	1027	193	리뷰 (1)
12	1101	36	맵슐랭순살+치즈볼7개
12	1155	36	34,000원
12	1213	36	맵슐랭순살치킨+치즈볼 7개 정가 34,000원에서 5% 할인, 32,300원에 즐길 수 있는 세트 메뉴
12	1291	63	100% (13개)
12	1291	159	ㆍ
12	1291	203	리뷰 (5)
12	1365	36	맵쏘이킥+감튀(L)세트
12	1419	36	31,000원
12	1441	121	지금 와우 가입하면 배달비 0원 + 25,000원 쿠폰
12	1458	781	가입하기
12	1477	36	맵쏘이킥+감자스틱300g 정가 31,000원에서 5% 할인, 29,400원에 즐길 수 있는 세트 메뉴
12	1555	63	100% (1개)
12	1555	149	ㆍ
12	1555	193	리뷰 (1)
12	1556	24	배달비 0원 + 3,000원 쿠폰
13	0	0	불패치킨+치즈볼 7개 정가 32,000원에서 5% 할인, 30,400원에 즐길 수 있는 세트 메뉴
13	66	155	자담치킨 서초교대점 내 메뉴를 찾아보세요
13	124	36	맵슐랭+치즈볼7개
13	151	114	치치감세트메뉴
13	151	328	시그니처 메뉴
13	151	526	오리지널 치킨 메뉴
13	151	774	순살치킨(닭다리살) 메뉴
13	178	36	32,000원
13	182	51	1 / 3
13	236	36	맵슐랭+치즈볼 7개 정가 32,000원에서 5% 할인, 30,400원에 즐길 수 있는 세트 메뉴
13	248	317	자담치킨 서초교대점
13	298	404	4.9(1,532)
13	344	36	맵슐랭순살+감튀(L)세트
13	398	36	33,000원
13	456	36	맵슐랭순살치킨+감자스틱300g 정가 33,000원에서 5% 할인, 31,300원에 즐길 수 있는 세트 메뉴
13	534	63	100% (1개)
13	534	149	ㆍ
13	534	193	리뷰 (1)
13	608	36	맵슐랭순살+치즈볼7개
13	662	36	34,000원
13	720	36	맵슐랭순살치킨+치즈볼 7개 정가 34,000원에서 5% 할인, 32,300원에 즐길 수 있는 세트 메뉴
13	798	63	100% (13개)
13	798	159	ㆍ
13	798	203	리뷰 (5)
13	872	36	맵쏘이킥+감튀(L)세트
13	926	36	31,000원
13	984	36	맵쏘이킥+감자스틱300g 정가 31,000원에서 5% 할인, 29,400원에 즐길 수 있는 세트 메뉴
13	1062	63	100% (1개)
13	1062	149	ㆍ
13	1062	193	리뷰 (1)
13	1136	36	맵쏘이킥+치즈볼7개
13	1190	36	32,000원
13	1248	36	맵쏘이킥+치즈볼 7개 정가 32,000원에서 5% 할인, 30,400원에 즐길 수 있는 세트 메뉴
13	1356	36	불패+감튀(L)세트
13	1410	36	31,000원
13	1441	121	지금 와우 가입하면 배달비 0원 + 25,000원 쿠폰
13	1458	781	가입하기
13	1468	36	불패치킨+감자스틱300g 정가 31,000원에서 5% 할인, 29,400원에 즐길 수 있는 세트 메뉴
13	1556	24	배달비 0원 + 3,000원 쿠폰
13	1576	36	불패+치즈볼7개
14	66	155	자담치킨 서초교대점 내 메뉴를 찾아보세요
14	122	36	맵슐랭순살+치즈볼7개
14	151	114	치치감세트메뉴
14	151	328	시그니처 메뉴
14	151	526	오리지널 치킨 메뉴
14	151	774	순살치킨(닭다리살) 메뉴
14	176	36	34,000원
14	182	51	2 / 3
14	234	36	맵슐랭순살치킨+치즈볼 7개 정가 34,000원에서 5% 할인, 32,300원에 즐길 수 있는 세트 메뉴
14	248	317	자담치킨 서초교대점
14	298	404	4.9(1,532)
14	312	63	100% (13개)
14	312	159	ㆍ
14	312	203	리뷰 (5)
14	386	36	맵쏘이킥+감튀(L)세트
14	440	36	31,000원
14	498	36	맵쏘이킥+감자스틱300g 정가 31,000원에서 5% 할인, 29,400원에 즐길 수 있는 세트 메뉴
14	576	63	100% (1개)
14	576	149	ㆍ
14	576	193	리뷰 (1)
14	650	36	맵쏘이킥+치즈볼7개
14	704	36	32,000원
14	762	36	맵쏘이킥+치즈볼 7개 정가 32,000원에서 5% 할인, 30,400원에 즐길 수 있는 세트 메뉴
14	870	36	불패+감튀(L)세트
14	924	36	31,000원
14	982	36	불패치킨+감자스틱300g 정가 31,000원에서 5% 할인, 29,400원에 즐길 수 있는 세트 메뉴
14	1090	36	불패+치즈볼7개
14	1144	36	32,000원
14	1202	36	불패치킨+치즈볼 7개 정가 32,000원에서 5% 할인, 30,400원에 즐길 수 있는 세트 메뉴
14	1310	36	치즈핑치킨+감튀(L)세트
14	1364	36	31,000원
14	1422	36	치즈핑치킨+감자스틱300g 정가 31,000원에서 5% 할인, 29,400원에 즐길 수 있는 세트 메뉴
14	1441	121	지금 와우 가입하면 배달비 0원 + 25,000원 쿠폰
14	1458	781	가입하기
14	1500	63	리뷰 (1)
14	1556	24	배달비 0원 + 3,000원 쿠폰
15	0	0	100% (76개)
15	0	0	ㆍ
15	0	0	리뷰 (81)
15	0	0	맵쏘이킥+감튀(L)세트
15	11	36	맵쏘이킥+감자스틱300g 정가 31,000원에서 5% 할인, 29,400원에 즐길 수 있는 세트 메뉴
15	66	155	자담치킨 서초교대점 내 메뉴를 찾아보세요
15	89	63	100% (1개)
15	89	149	ㆍ
15	89	193	리뷰 (1)
15	151	114	치치감세트메뉴
15	151	328	시그니처 메뉴
15	151	526	오리지널 치킨 메뉴
15	151	774	순살치킨(닭다리살) 메뉴
15	163	36	맵쏘이킥+치즈볼7개
15	182	51	3 / 3
15	217	36	32,000원
15	248	317	자담치킨 서초교대점
15	275	36	맵쏘이킥+치즈볼 7개 정가 32,000원에서 5% 할인, 30,400원에 즐길 수 있는 세트 메뉴
15	298	404	4.9(1,532)
15	383	36	불패+감튀(L)세트
15	437	36	31,000원
15	495	36	불패치킨+감자스틱300g 정가 31,000원에서 5% 할인, 29,400원에 즐길 수 있는 세트 메뉴
15	603	36	불패+치즈볼7개
15	657	36	32,000원
15	715	36	불패치킨+치즈볼 7개 정가 32,000원에서 5% 할인, 30,400원에 즐길 수 있는 세트 메뉴
15	823	36	치즈핑치킨+감튀(L)세트
15	877	36	31,000원
15	935	36	치즈핑치킨+감자스틱300g 정가 31,000원에서 5% 할인, 29,400원에 즐길 수 있는 세트 메뉴
15	1013	63	리뷰 (1)
15	1117	42	시그니처 메뉴
15	1199	36	맵슐랭치킨
15	1253	36	25,000원
15	1311	36	정통 마요소스와 청양고추가 어우러져 달고 부드러운 매운맛이 일품!
15	1359	63	100% (19개)
15	1359	159	ㆍ
15	1359	203	리뷰 (14)
15	1434	45	주문많음
15	1434	133	리뷰최고
15	1441	121	지금 와우 가입하면 배달비 0원 + 25,000원 쿠폰
15	1458	781	가입하기
15	1460	36	맵슐랭순살치킨
15	1514	36	27,000원
15	1556	24	배달비 0원 + 3,000원 쿠폰
15	1572	36	100% 닭다리살에 정통 마요소스와 청양고추가 한입에 쏘~옥 먹기 편한 맵단 순살치킨!
16	0	0	100% (2개)
16	0	0	ㆍ
16	0	0	리뷰 (3)
16	0	0	맛있게 매운 핫순살을 흑마늘이 함유된 특제 간장소스에 버무리고 알싸한 파, 고추 토핑으로 마무리한 '킥이 살아있는' 치킨!
16	66	155	자담치킨 서초교대점 내 메뉴를 찾아보세요
16	117	36	불패+치즈볼7개
16	151	114	치치감세트메뉴
16	151	328	시그니처 메뉴
16	151	526	오리지널 치킨 메뉴
16	151	774	순살치킨(닭다리살) 메뉴
16	171	36	32,000원
16	182	51	1 / 3
16	229	36	불패치킨+치즈볼 7개 정가 32,000원에서 5% 할인, 30,400원에 즐길 수 있는 세트 메뉴
16	248	317	자담치킨 서초교대점
16	298	404	4.9(1,532)
16	337	36	치즈핑치킨+감튀(L)세트
16	391	36	31,000원
16	449	36	치즈핑치킨+감자스틱300g 정가 31,000원에서 5% 할인, 29,400원에 즐길 수 있는 세트 메뉴
16	527	63	리뷰 (1)
16	631	42	시그니처 메뉴
16	713	36	맵슐랭치킨
16	767	36	25,000원
16	825	36	정통 마요소스와 청양고추가 어우러져 달고 부드러운 매운맛이 일품!
16	873	63	100% (19개)
16	873	159	ㆍ
16	873	203	리뷰 (14)
16	948	45	주문많음
16	948	133	리뷰최고
16	974	36	맵슐랭순살치킨
16	1028	36	27,000원
16	1086	36	100% 닭다리살에 정통 마요소스와 청양고추가 한입에 쏘~옥 먹기 편한 맵단 순살치킨!
16	1164	63	100% (76개)
16	1164	159	ㆍ
16	1164	203	리뷰 (81)
16	1238	36	맵쏘이킥치킨
16	1292	36	25,000원
16	1350	36	맛있게 매운 핫후라이드를 흑마늘이 함유된 특제 간장소스에 버무리고 알싸한 파, 고추 토핑으로 마무리한 '킥이 살아있는' 치킨!
16	1428	63	리뷰 (1)
16	1441	121	지금 와우 가입하면 배달비 0원 + 25,000원 쿠폰
16	1458	781	가입하기
16	1502	36	맵쏘이킥순살치킨
16	1556	24	배달비 0원 + 3,000원 쿠폰
16	1556	36	27,000원
17	0	0	100% (3개)
17	0	0	ㆍ
17	0	0	달달 짭조름한 허니갈릭소스와 황금빛 마늘 후레이크 시즈닝에 바삭한 통마늘 토핑을 더해 고소한 마늘 풍미를 풍부하게 즐길 수 있는 100% 국내산 닭다리살 순살치킨
17	0	0	리뷰 (1)
17	66	155	자담치킨 서초교대점 내 메뉴를 찾아보세요
17	145	42	시그니처 메뉴
17	151	114	시그니처 메뉴
17	151	312	오리지널 치킨 메뉴
17	151	560	순살치킨(닭다리살) 메뉴
17	151	862	콤보치킨메뉴
17	182	51	2 / 3
17	227	36	맵슐랭치킨
17	248	317	자담치킨 서초교대점
17	281	36	25,000원
17	298	404	4.9(1,532)
17	339	36	정통 마요소스와 청양고추가 어우러져 달고 부드러운 매운맛이 일품!
17	387	63	100% (19개)
17	387	159	ㆍ
17	387	203	리뷰 (14)
17	462	45	주문많음
17	462	133	리뷰최고
17	488	36	맵슐랭순살치킨
17	542	36	27,000원
17	600	36	100% 닭다리살에 정통 마요소스와 청양고추가 한입에 쏘~옥 먹기 편한 맵단 순살치킨!
17	678	63	100% (76개)
17	678	159	ㆍ
17	678	203	리뷰 (81)
17	752	36	맵쏘이킥치킨
17	806	36	25,000원
17	864	36	맛있게 매운 핫후라이드를 흑마늘이 함유된 특제 간장소스에 버무리고 알싸한 파, 고추 토핑으로 마무리한 '킥이 살아있는' 치킨!
17	942	63	리뷰 (1)
17	1016	36	맵쏘이킥순살치킨
17	1070	36	27,000원
17	1128	36	맛있게 매운 핫순살을 흑마늘이 함유된 특제 간장소스에 버무리고 알싸한 파, 고추 토핑으로 마무리한 '킥이 살아있는' 치킨!
17	1206	63	100% (2개)
17	1206	149	ㆍ
17	1206	193	리뷰 (3)
17	1280	36	마튀니치킨
17	1334	36	25,000원
17	1392	36	달달 짭조름한 허니갈릭소스와 황금빛 마늘 후레이크 시즈닝에 바삭한 통마늘 토핑을 더해 고소한 마늘 풍미를 풍부하게 즐길 수 있는 치킨
17	1441	121	지금 와우 가입하면 배달비 0원 + 25,000원 쿠폰
17	1458	781	가입하기
17	1470	63	100% (4개)
17	1470	149	ㆍ
17	1470	193	리뷰 (1)
17	1544	36	마튀니순살치킨
17	1556	24	배달비 0원 + 3,000원 쿠폰
17	1598	36	27,000원
18	0	0	100% (10개)
18	0	0	ㆍ
18	0	0	리뷰 (11)
18	0	0	리뷰최고
18	0	0	부드러운 닭고기 속에 모짜렐라치즈가 듬뿍, 별 모양 크럼블로 더욱 바삭하고 특별하게 즐기는 치즈치킨
18	0	0	주문많음
18	0	36	맵슐랭순살치킨
18	66	155	자담치킨 서초교대점 내 메뉴를 찾아보세요
18	108	36	100% 닭다리살에 정통 마요소스와 청양고추가 한입에 쏘~옥 먹기 편한 맵단 순살치킨!
18	151	114	시그니처 메뉴
18	151	312	오리지널 치킨 메뉴
18	151	560	순살치킨(닭다리살) 메뉴
18	151	862	콤보치킨메뉴
18	182	51	3 / 3
18	186	63	100% (76개)
18	186	159	ㆍ
18	186	203	리뷰 (81)
18	248	317	자담치킨 서초교대점
18	260	36	맵쏘이킥치킨
18	298	404	4.9(1,532)
18	314	36	25,000원
18	372	36	맛있게 매운 핫후라이드를 흑마늘이 함유된 특제 간장소스에 버무리고 알싸한 파, 고추 토핑으로 마무리한 '킥이 살아있는' 치킨!
18	450	63	리뷰 (1)
18	524	36	맵쏘이킥순살치킨
18	578	36	27,000원
18	636	36	맛있게 매운 핫순살을 흑마늘이 함유된 특제 간장소스에 버무리고 알싸한 파, 고추 토핑으로 마무리한 '킥이 살아있는' 치킨!
18	714	63	100% (2개)
18	714	149	ㆍ
18	714	193	리뷰 (3)
18	788	36	마튀니치킨
18	842	36	25,000원
18	900	36	달달 짭조름한 허니갈릭소스와 황금빛 마늘 후레이크 시즈닝에 바삭한 통마늘 토핑을 더해 고소한 마늘 풍미를 풍부하게 즐길 수 있는 치킨
18	978	63	100% (4개)
18	978	149	ㆍ
18	978	193	리뷰 (1)
18	1052	36	마튀니순살치킨
18	1106	36	27,000원
18	1164	36	달달 짭조름한 허니갈릭소스와 황금빛 마늘 후레이크 시즈닝에 바삭한 통마늘 토핑을 더해 고소한 마늘 풍미를 풍부하게 즐길 수 있는 100% 국내산 닭다리살 순살치킨
18	1242	63	100% (3개)
18	1242	149	ㆍ
18	1242	193	리뷰 (1)
18	1316	36	소보로치킨L(750g)
18	1370	36	22,000원
18	1428	36	올록볼록 바삭한 튀김옷에 싸인 부드러운 국내산 닭가슴살의 담백한 맛
18	1441	121	지금 와우 가입하면 배달비 0원 + 25,000원 쿠폰
18	1458	781	가입하기
18	1476	63	100% (1개)
18	1550	36	치즈핑치킨
18	1556	24	배달비 0원 + 3,000원 쿠폰
19	0	0	98% (42개)
19	0	0	ㆍ
19	0	0	리뷰 (28)
19	39	36	맵쏘이킥순살치킨
19	66	155	자담치킨 서초교대점 내 메뉴를 찾아보세요
19	132	36	27,000원
19	151	36	맛있게 매운 핫순살을 흑마늘이 함유된 특제 간장소스에 버무리고 알싸한 파, 고추 토핑으로 마무리한 '킥이 살아있는' 치킨!
19	151	114	시그니처 메뉴
19	151	312	오리지널 치킨 메뉴
19	151	560	순살치킨(닭다리살) 메뉴
19	151	862	콤보치킨메뉴
19	182	51	1 / 3
19	229	63	100% (2개)
19	229	149	ㆍ
19	229	193	리뷰 (3)
19	248	317	자담치킨 서초교대점
19	298	404	4.9(1,532)
19	303	36	마튀니치킨
19	357	36	25,000원
19	415	36	달달 짭조름한 허니갈릭소스와 황금빛 마늘 후레이크 시즈닝에 바삭한 통마늘 토핑을 더해 고소한 마늘 풍미를 풍부하게 즐길 수 있는 치킨
19	493	63	100% (4개)
19	493	149	ㆍ
19	493	193	리뷰 (1)
19	567	36	마튀니순살치킨
19	621	36	27,000원
19	679	36	달달 짭조름한 허니갈릭소스와 황금빛 마늘 후레이크 시즈닝에 바삭한 통마늘 토핑을 더해 고소한 마늘 풍미를 풍부하게 즐길 수 있는 100% 국내산 닭다리살 순살치킨
19	757	63	100% (3개)
19	757	149	ㆍ
19	757	193	리뷰 (1)
19	831	36	소보로치킨L(750g)
19	885	36	22,000원
19	943	36	올록볼록 바삭한 튀김옷에 싸인 부드러운 국내산 닭가슴살의 담백한 맛
19	991	63	100% (1개)
19	1065	36	치즈핑치킨
19	1119	36	25,000원
19	1177	36	부드러운 닭고기 속에 모짜렐라치즈가 듬뿍, 별 모양 크럼블로 더욱 바삭하고 특별하게 즐기는 치즈치킨
19	1255	63	100% (10개)
19	1255	159	ㆍ
19	1255	203	리뷰 (11)
19	1359	42	오리지널 치킨 메뉴
19	1441	36	후라이드치킨
19	1441	121	지금 와우 가입하면 배달비 0원 + 25,000원 쿠폰
19	1458	781	가입하기
19	1495	36	23,000원
19	1553	36	신선함과 바삭함이 살아 있어 더 맛있는 치킨
19	1556	24	배달비 0원 + 3,000원 쿠폰
20	66	155	자담치킨 서초교대점 내 메뉴를 찾아보세요
20	74	36	마튀니순살치킨
20	132	36	27,000원
20	151	114	시그니처 메뉴
20	151	312	오리지널 치킨 메뉴
20	151	560	순살치킨(닭다리살) 메뉴
20	151	862	콤보치킨메뉴
20	182	51	2 / 3
20	186	36	달달 짭조름한 허니갈릭소스와 황금빛 마늘 후레이크 시즈닝에 바삭한 통마늘 토핑을 더해 고소한 마늘 풍미를 풍부하게 즐길 수 있는 100% 국내산 닭다리살 순살치킨
20	248	317	자담치킨 서초교대점
20	264	63	100% (3개)
20	264	149	ㆍ
20	264	193	리뷰 (1)
20	298	404	4.9(1,532)
20	338	36	소보로치킨L(750g)
20	392	36	22,000원
20	450	36	올록볼록 바삭한 튀김옷에 싸인 부드러운 국내산 닭가슴살의 담백한 맛
20	498	63	100% (1개)
20	572	36	치즈핑치킨
20	626	36	25,000원
20	684	36	부드러운 닭고기 속에 모짜렐라치즈가 듬뿍, 별 모양 크럼블로 더욱 바삭하고 특별하게 즐기는 치즈치킨
20	762	63	100% (10개)
20	762	159	ㆍ
20	762	203	리뷰 (11)
20	866	42	오리지널 치킨 메뉴
20	948	36	후라이드치킨
20	1002	36	23,000원
20	1060	36	신선함과 바삭함이 살아 있어 더 맛있는 치킨
20	1108	63	98% (42개)
20	1108	149	ㆍ
20	1108	193	리뷰 (28)
20	1182	36	양념치킨
20	1236	36	25,000원
20	1294	36	건강한 식재료와 천연재료로 양념하여 더욱 새콤달콤한 맛!
20	1342	63	100% (8개)
20	1342	149	ㆍ
20	1342	193	리뷰 (5)
20	1416	36	양념치킨(매운양념)
20	1441	121	지금 와우 가입하면 배달비 0원 + 25,000원 쿠폰
20	1458	781	가입하기
20	1470	36	26,000원
20	1528	36	건강한 식재료와 천연재료로 양념하여 더욱 새콤달콤한 맛!
20	1556	24	배달비 0원 + 3,000원 쿠폰
21	0	0	100% (8개)
21	0	0	ㆍ
21	0	0	강렬한 불닭소스와 매콤한 스리라차 소스에 크러시드 레드페퍼까지 더해져 진짜 맛있게 매운 왓더! 왓더핫치킨
21	0	0	리뷰 (4)
21	0	0	왓더핫치킨
21	66	155	자담치킨 서초교대점 내 메뉴를 찾아보세요
21	79	36	치즈핑치킨
21	133	36	25,000원
21	151	114	시그니처 메뉴
21	151	312	오리지널 치킨 메뉴
21	151	560	순살치킨(닭다리살) 메뉴
21	151	862	콤보치킨메뉴
21	182	51	3 / 3
21	191	36	부드러운 닭고기 속에 모짜렐라치즈가 듬뿍, 별 모양 크럼블로 더욱 바삭하고 특별하게 즐기는 치즈치킨
21	248	317	자담치킨 서초교대점
21	269	63	100% (10개)
21	269	159	ㆍ
21	269	203	리뷰 (11)
21	298	404	4.9(1,532)
21	373	42	오리지널 치킨 메뉴
21	455	36	후라이드치킨
21	509	36	23,000원
21	567	36	신선함과 바삭함이 살아 있어 더 맛있는 치킨
21	615	63	98% (42개)
21	615	149	ㆍ
21	615	193	리뷰 (28)
21	689	36	양념치킨
21	743	36	25,000원
21	801	36	건강한 식재료와 천연재료로 양념하여 더욱 새콤달콤한 맛!
21	849	63	100% (8개)
21	849	149	ㆍ
21	849	193	리뷰 (5)
21	923	36	양념치킨(매운양념)
21	977	36	26,000원
21	1035	36	건강한 식재료와 천연재료로 양념하여 더욱 새콤달콤한 맛!
21	1136	36	핫후라이드치킨
21	1190	36	24,000원
21	1248	36	닭속 깊게 배인 양념으로 매콤한 맛이 먹어도 먹어도 질리지 않는 메뉴
21	1296	63	100% (40개)
21	1296	159	ㆍ
21	1296	203	리뷰 (48)
21	1370	36	핫양념치킨
21	1424	36	26,000원
21	1441	121	지금 와우 가입하면 배달비 0원 + 25,000원 쿠폰
21	1458	781	가입하기
21	1482	36	건강한 식재료와 천연재료로 양념하여 더욱 새콤달콤한 맛!
21	1530	63	100% (1개)
21	1530	149	ㆍ
21	1530	193	리뷰 (1)
21	1556	24	배달비 0원 + 3,000원 쿠폰
22	0	0	100% (3개)
22	0	0	ㆍ
22	0	0	리뷰 (3)
22	0	0	최고급 후라이드가 달콤짭짤한 간장소스에 퐁당~ 자꾸자꾸 손이가는 한국식 전통메뉴
22	0	0	후라이드치킨
22	66	155	자담치킨 서초교대점 내 메뉴를 찾아보세요
22	73	36	신선함과 바삭함이 살아 있어 더 맛있는 치킨
22	121	63	98% (42개)
22	121	149	ㆍ
22	121	193	리뷰 (28)
22	151	114	오리지널 치킨 메뉴
22	151	362	순살치킨(닭다리살) 메뉴
22	151	664	콤보치킨메뉴
22	151	856	스틱치킨 메뉴
22	182	51	1 / 3
22	195	36	양념치킨
22	248	317	자담치킨 서초교대점
22	249	36	25,000원
22	298	404	4.9(1,532)
22	307	36	건강한 식재료와 천연재료로 양념하여 더욱 새콤달콤한 맛!
22	355	63	100% (8개)
22	355	149	ㆍ
22	355	193	리뷰 (5)
22	429	36	양념치킨(매운양념)
22	483	36	26,000원
22	541	36	건강한 식재료와 천연재료로 양념하여 더욱 새콤달콤한 맛!
22	642	36	핫후라이드치킨
22	696	36	24,000원
22	754	36	닭속 깊게 배인 양념으로 매콤한 맛이 먹어도 먹어도 질리지 않는 메뉴
22	802	63	100% (40개)
22	802	159	ㆍ
22	802	203	리뷰 (48)
22	876	36	핫양념치킨
22	930	36	26,000원
22	988	36	건강한 식재료와 천연재료로 양념하여 더욱 새콤달콤한 맛!
22	1036	63	100% (1개)
22	1036	149	ㆍ
22	1036	193	리뷰 (1)
22	1110	36	왓더핫치킨
22	1164	36	25,000원
22	1222	36	강렬한 불닭소스와 매콤한 스리라차 소스에 크러시드 레드페퍼까지 더해져 진짜 맛있게 매운 왓더! 왓더핫치킨
22	1300	63	100% (8개)
22	1300	149	ㆍ
22	1300	193	리뷰 (4)
22	1374	36	파닭치킨
22	1428	36	25,000원
22	1441	121	지금 와우 가입하면 배달비 0원 + 25,000원 쿠폰
22	1458	781	가입하기
22	1486	36	바삭하게 튀겨낸 후라이드와 오리엔탈 파소스를 버무려 더욱더 건강한 치킨
22	1556	24	배달비 0원 + 3,000원 쿠폰
22	1587	36	간장치킨
23	0	0	100% (1개)
23	0	0	치요링치킨
23	0	0	특제 에멘탈 치즈 시즈닝을 입힌 바삭한 치킨을 상큼달콤한 요거트소스에 퐁닭~
23	66	155	자담치킨 서초교대점 내 메뉴를 찾아보세요
23	148	36	핫후라이드치킨
23	151	114	오리지널 치킨 메뉴
23	151	362	순살치킨(닭다리살) 메뉴
23	151	664	콤보치킨메뉴
23	151	856	스틱치킨 메뉴
23	182	51	2 / 3
23	202	36	24,000원
23	248	317	자담치킨 서초교대점
23	260	36	닭속 깊게 배인 양념으로 매콤한 맛이 먹어도 먹어도 질리지 않는 메뉴
23	298	404	4.9(1,532)
23	308	63	100% (40개)
23	308	159	ㆍ
23	308	203	리뷰 (48)
23	382	36	핫양념치킨
23	436	36	26,000원
23	494	36	건강한 식재료와 천연재료로 양념하여 더욱 새콤달콤한 맛!
23	542	63	100% (1개)
23	542	149	ㆍ
23	542	193	리뷰 (1)
23	616	36	왓더핫치킨
23	670	36	25,000원
23	728	36	강렬한 불닭소스와 매콤한 스리라차 소스에 크러시드 레드페퍼까지 더해져 진짜 맛있게 매운 왓더! 왓더핫치킨
23	806	63	100% (8개)
23	806	149	ㆍ
23	806	193	리뷰 (4)
23	880	36	파닭치킨
23	934	36	25,000원
23	992	36	바삭하게 튀겨낸 후라이드와 오리엔탈 파소스를 버무려 더욱더 건강한 치킨
23	1093	36	간장치킨
23	1147	36	25,000원
23	1205	36	최고급 후라이드가 달콤짭짤한 간장소스에 퐁당~ 자꾸자꾸 손이가는 한국식 전통메뉴
23	1283	63	100% (3개)
23	1283	149	ㆍ
23	1283	193	리뷰 (3)
23	1357	36	불패치킨
23	1411	36	25,000원
23	1441	121	지금 와우 가입하면 배달비 0원 + 25,000원 쿠폰
23	1458	781	가입하기
23	1469	36	국내산 후라이드에 블랙페퍼를 함유한 스모크 소스를 더하고 고다치즈 소스로 풍부하게 마무리했다! 경쟁자가 없는 완벽한 맵단 치킨!
23	1547	63	리뷰 (1)
23	1556	24	배달비 0원 + 3,000원 쿠폰
24	0	0	허니갈릭 소스에 크런치 시즈닝을 더해 달콤함과 고소함을 완벽하게 조화시켰다! 매력 팡팡 터지는 온 가족 애정 치킨
24	0	0	허니팝치킨
24	66	155	자담치킨 서초교대점 내 메뉴를 찾아보세요
24	130	36	왓더핫치킨
24	151	114	오리지널 치킨 메뉴
24	151	362	순살치킨(닭다리살) 메뉴
24	151	664	콤보치킨메뉴
24	151	856	스틱치킨 메뉴
24	182	51	3 / 3
24	184	36	25,000원
24	242	36	강렬한 불닭소스와 매콤한 스리라차 소스에 크러시드 레드페퍼까지 더해져 진짜 맛있게 매운 왓더! 왓더핫치킨
24	248	317	자담치킨 서초교대점
24	298	404	4.9(1,532)
24	320	63	100% (8개)
24	320	149	ㆍ
24	320	193	리뷰 (4)
24	394	36	파닭치킨
24	448	36	25,000원
24	506	36	바삭하게 튀겨낸 후라이드와 오리엔탈 파소스를 버무려 더욱더 건강한 치킨
24	607	36	간장치킨
24	661	36	25,000원
24	719	36	최고급 후라이드가 달콤짭짤한 간장소스에 퐁당~ 자꾸자꾸 손이가는 한국식 전통메뉴
24	797	63	100% (3개)
24	797	149	ㆍ
24	797	193	리뷰 (3)
24	871	36	불패치킨
24	925	36	25,000원
24	983	36	국내산 후라이드에 블랙페퍼를 함유한 스모크 소스를 더하고 고다치즈 소스로 풍부하게 마무리했다! 경쟁자가 없는 완벽한 맵단 치킨!
24	1061	63	리뷰 (1)
24	1135	36	치요링치킨
24	1189	36	25,000원
24	1247	36	특제 에멘탈 치즈 시즈닝을 입힌 바삭한 치킨을 상큼달콤한 요거트소스에 퐁닭~
24	1325	63	100% (1개)
24	1399	36	크리미양파치킨
24	1441	121	지금 와우 가입하면 배달비 0원 + 25,000원 쿠폰
24	1453	36	25,000원
24	1458	781	가입하기
24	1511	36	새콤달콤 크리미 소스와 아삭한 양파 슬라이스에 찰떡궁합
24	1556	24	배달비 0원 + 3,000원 쿠폰
25	0	0	100% (47개)
25	0	0	ㆍ
25	0	0	리뷰 (29)
25	66	155	자담치킨 서초교대점 내 메뉴를 찾아보세요
25	121	36	간장치킨
25	151	114	오리지널 치킨 메뉴
25	151	362	순살치킨(닭다리살) 메뉴
25	151	664	콤보치킨메뉴
25	151	856	스틱치킨 메뉴
25	175	36	25,000원
25	182	51	1 / 3
25	233	36	최고급 후라이드가 달콤짭짤한 간장소스에 퐁당~ 자꾸자꾸 손이가는 한국식 전통메뉴
25	248	317	자담치킨 서초교대점
25	298	404	4.9(1,532)
25	311	63	100% (3개)
25	311	149	ㆍ
25	311	193	리뷰 (3)
25	385	36	불패치킨
25	439	36	25,000원
25	497	36	국내산 후라이드에 블랙페퍼를 함유한 스모크 소스를 더하고 고다치즈 소스로 풍부하게 마무리했다! 경쟁자가 없는 완벽한 맵단 치킨!
25	575	63	리뷰 (1)
25	649	36	치요링치킨
25	703	36	25,000원
25	761	36	특제 에멘탈 치즈 시즈닝을 입힌 바삭한 치킨을 상큼달콤한 요거트소스에 퐁닭~
25	839	63	100% (1개)
25	913	36	크리미양파치킨
25	967	36	25,000원
25	1025	36	새콤달콤 크리미 소스와 아삭한 양파 슬라이스에 찰떡궁합
25	1126	36	허니팝치킨
25	1180	36	25,000원
25	1238	36	허니갈릭 소스에 크런치 시즈닝을 더해 달콤함과 고소함을 완벽하게 조화시켰다! 매력 팡팡 터지는 온 가족 애정 치킨
25	1376	42	순살치킨(닭다리살) 메뉴
25	1441	121	지금 와우 가입하면 배달비 0원 + 25,000원 쿠폰
25	1458	36	순살치킨
25	1458	781	가입하기
25	1512	36	25,000원
25	1556	24	배달비 0원 + 3,000원 쿠폰
25	1570	36	닭다리살만 발라내어 부드럽고 쫄깃한 속살과 바삭함이 살아 있는 치킨
26	0	0	불패치킨
26	9	36	국내산 후라이드에 블랙페퍼를 함유한 스모크 소스를 더하고 고다치즈 소스로 풍부하게 마무리했다! 경쟁자가 없는 완벽한 맵단 치킨!
26	66	155	자담치킨 서초교대점 내 메뉴를 찾아보세요
26	87	63	리뷰 (1)
26	151	114	오리지널 치킨 메뉴
26	151	362	순살치킨(닭다리살) 메뉴
26	151	664	콤보치킨메뉴
26	151	856	스틱치킨 메뉴
26	161	36	치요링치킨
26	182	51	2 / 3
26	215	36	25,000원
26	248	317	자담치킨 서초교대점
26	273	36	특제 에멘탈 치즈 시즈닝을 입힌 바삭한 치킨을 상큼달콤한 요거트소스에 퐁닭~
26	298	404	4.9(1,532)
26	351	63	100% (1개)
26	425	36	크리미양파치킨
26	479	36	25,000원
26	537	36	새콤달콤 크리미 소스와 아삭한 양파 슬라이스에 찰떡궁합
26	638	36	허니팝치킨
26	692	36	25,000원
26	750	36	허니갈릭 소스에 크런치 시즈닝을 더해 달콤함과 고소함을 완벽하게 조화시켰다! 매력 팡팡 터지는 온 가족 애정 치킨
26	888	42	순살치킨(닭다리살) 메뉴
26	970	36	순살치킨
26	1024	36	25,000원
26	1082	36	닭다리살만 발라내어 부드럽고 쫄깃한 속살과 바삭함이 살아 있는 치킨
26	1130	63	100% (47개)
26	1130	159	ㆍ
26	1130	203	리뷰 (29)
26	1204	36	양념순살치킨
26	1258	36	27,000원
26	1316	36	건강한 식재료와 천연재료로 양념하여 더욱 새콤달콤한 맛!
26	1364	63	100% (10개)
26	1364	159	ㆍ
26	1364	203	리뷰 (15)
26	1438	36	양념순살치킨(매운양념)
26	1441	121	지금 와우 가입하면 배달비 0원 + 25,000원 쿠폰
26	1458	781	가입하기
26	1492	36	28,000원
26	1550	36	건강한 식재료와 천연재료로 양념하여 더욱 새콤달콤한 맛!
26	1556	24	배달비 0원 + 3,000원 쿠폰
27	0	0	100% (1개)
27	0	0	ㆍ
27	0	0	강렬한 불닭소스와 매콤한 스리라차 소스에 크러시드 레드페퍼까지 더해져 진짜 맛있게 매운 100% 국내산 닭다리살 치킨
27	0	0	리뷰 (1)
27	0	0	왓더핫순살치킨
27	66	155	자담치킨 서초교대점 내 메뉴를 찾아보세요
27	143	36	허니팝치킨
27	151	114	오리지널 치킨 메뉴
27	151	362	순살치킨(닭다리살) 메뉴
27	151	664	콤보치킨메뉴
27	151	856	스틱치킨 메뉴
27	182	51	3 / 3
27	197	36	25,000원
27	248	317	자담치킨 서초교대점
27	255	36	허니갈릭 소스에 크런치 시즈닝을 더해 달콤함과 고소함을 완벽하게 조화시켰다! 매력 팡팡 터지는 온 가족 애정 치킨
27	298	404	4.9(1,532)
27	393	42	순살치킨(닭다리살) 메뉴
27	475	36	순살치킨
27	529	36	25,000원
27	587	36	닭다리살만 발라내어 부드럽고 쫄깃한 속살과 바삭함이 살아 있는 치킨
27	635	63	100% (47개)
27	635	159	ㆍ
27	635	203	리뷰 (29)
27	709	36	양념순살치킨
27	763	36	27,000원
27	821	36	건강한 식재료와 천연재료로 양념하여 더욱 새콤달콤한 맛!
27	869	63	100% (10개)
27	869	159	ㆍ
27	869	203	리뷰 (15)
27	943	36	양념순살치킨(매운양념)
27	997	36	28,000원
27	1055	36	건강한 식재료와 천연재료로 양념하여 더욱 새콤달콤한 맛!
27	1156	36	핫순살치킨
27	1210	36	26,000원
27	1268	36	매콤한 파우더와 닭속 깊게 배인 양념으로 매콤한 맛이 일품
27	1316	63	94% (17개)
27	1316	149	ㆍ
27	1316	193	리뷰 (11)
27	1390	36	양념핫순살치킨
27	1441	121	지금 와우 가입하면 배달비 0원 + 25,000원 쿠폰
27	1444	36	28,000원
27	1458	781	가입하기
27	1502	36	매콤한 파우더와 닭속 깊게 배인 매콤한 맛이 일품 핫순살치킨에 천연재료로 양념하여 더욱 새콤달콤한 맛!
27	1556	24	배달비 0원 + 3,000원 쿠폰
28	0	0	100% (2개)
28	0	0	간장순살치킨
28	0	0	겉은 바삭, 속은 촉촉한 다릿살치킨에 달콤짭짤한 간장소스에 퐁당~ 자꾸자꾸 손이가는 한국식 전통메뉴
28	0	36	순살치킨
28	66	155	자담치킨 서초교대점 내 메뉴를 찾아보세요
28	98	36	닭다리살만 발라내어 부드럽고 쫄깃한 속살과 바삭함이 살아 있는 치킨
28	146	63	100% (47개)
28	146	159	ㆍ
28	146	203	리뷰 (29)
28	151	114	순살치킨(닭다리살) 메뉴
28	151	416	콤보치킨메뉴
28	151	608	스틱치킨 메뉴
28	151	806	윙봉스치킨 메뉴
28	182	51	1 / 3
28	220	36	양념순살치킨
28	248	317	자담치킨 서초교대점
28	274	36	27,000원
28	298	404	4.9(1,532)
28	332	36	건강한 식재료와 천연재료로 양념하여 더욱 새콤달콤한 맛!
28	380	63	100% (10개)
28	380	159	ㆍ
28	380	203	리뷰 (15)
28	454	36	양념순살치킨(매운양념)
28	508	36	28,000원
28	566	36	건강한 식재료와 천연재료로 양념하여 더욱 새콤달콤한 맛!
28	667	36	핫순살치킨
28	721	36	26,000원
28	779	36	매콤한 파우더와 닭속 깊게 배인 양념으로 매콤한 맛이 일품
28	827	63	94% (17개)
28	827	149	ㆍ
28	827	193	리뷰 (11)
28	901	36	양념핫순살치킨
28	955	36	28,000원
28	1013	36	매콤한 파우더와 닭속 깊게 배인 매콤한 맛이 일품 핫순살치킨에 천연재료로 양념하여 더욱 새콤달콤한 맛!
28	1121	36	왓더핫순살치킨
28	1175	36	27,000원
28	1233	36	강렬한 불닭소스와 매콤한 스리라차 소스에 크러시드 레드페퍼까지 더해져 진짜 맛있게 매운 100% 국내산 닭다리살 치킨
28	1311	63	100% (1개)
28	1311	149	ㆍ
28	1311	193	리뷰 (1)
28	1385	36	파닭순살치킨
28	1439	36	27,000원
28	1441	121	지금 와우 가입하면 배달비 0원 + 25,000원 쿠폰
28	1458	781	가입하기
28	1497	36	바삭하게 튀겨낸 순살과 오리엔탈 파소스를 버무려 더욱더 건강한 치킨
28	1545	63	100% (4개)
28	1545	149	ㆍ
28	1545	193	리뷰 (6)
28	1556	24	배달비 0원 + 3,000원 쿠폰
29	0	0	양념순살치킨(매운양념)
29	66	155	자담치킨 서초교대점 내 메뉴를 찾아보세요
29	72	36	건강한 식재료와 천연재료로 양념하여 더욱 새콤달콤한 맛!
29	151	114	순살치킨(닭다리살) 메뉴
29	151	416	콤보치킨메뉴
29	151	608	스틱치킨 메뉴
29	151	806	윙봉스치킨 메뉴
29	173	36	핫순살치킨
29	182	51	2 / 3
29	227	36	26,000원
29	248	317	자담치킨 서초교대점
29	285	36	매콤한 파우더와 닭속 깊게 배인 양념으로 매콤한 맛이 일품
29	298	404	4.9(1,532)
29	333	63	94% (17개)
29	333	149	ㆍ
29	333	193	리뷰 (11)
29	407	36	양념핫순살치킨
29	461	36	28,000원
29	519	36	매콤한 파우더와 닭속 깊게 배인 매콤한 맛이 일품 핫순살치킨에 천연재료로 양념하여 더욱 새콤달콤한 맛!
29	627	36	왓더핫순살치킨
29	681	36	27,000원
29	739	36	강렬한 불닭소스와 매콤한 스리라차 소스에 크러시드 레드페퍼까지 더해져 진짜 맛있게 매운 100% 국내산 닭다리살 치킨
29	817	63	100% (1개)
29	817	149	ㆍ
29	817	193	리뷰 (1)
29	891	36	파닭순살치킨
29	945	36	27,000원
29	1003	36	바삭하게 튀겨낸 순살과 오리엔탈 파소스를 버무려 더욱더 건강한 치킨
29	1051	63	100% (4개)
29	1051	149	ㆍ
29	1051	193	리뷰 (6)
29	1125	36	간장순살치킨
29	1179	36	27,000원
29	1237	36	겉은 바삭, 속은 촉촉한 다릿살치킨에 달콤짭짤한 간장소스에 퐁당~ 자꾸자꾸 손이가는 한국식 전통메뉴
29	1315	63	100% (2개)
29	1389	36	불패순살치킨
29	1441	121	지금 와우 가입하면 배달비 0원 + 25,000원 쿠폰
29	1443	36	27,000원
29	1458	781	가입하기
29	1501	36	100% 닭다리살에 블랙페퍼와 매콤한 스모크 소스를 더하고 고다치즈 소스로 풍부하게 마무리한 완벽한 맵단 치킨!
29	1556	24	배달비 0원 + 3,000원 쿠폰
29	1579	63	100% (1개)
30	66	155	자담치킨 서초교대점 내 메뉴를 찾아보세요
30	133	36	왓더핫순살치킨
30	151	114	순살치킨(닭다리살) 메뉴
30	151	416	콤보치킨메뉴
30	151	608	스틱치킨 메뉴
30	151	806	윙봉스치킨 메뉴
30	182	51	3 / 3
30	187	36	27,000원
30	245	36	강렬한 불닭소스와 매콤한 스리라차 소스에 크러시드 레드페퍼까지 더해져 진짜 맛있게 매운 100% 국내산 닭다리살 치킨
30	248	317	자담치킨 서초교대점
30	298	404	4.9(1,532)
30	323	63	100% (1개)
30	323	149	ㆍ
30	323	193	리뷰 (1)
30	397	36	파닭순살치킨
30	451	36	27,000원
30	509	36	바삭하게 튀겨낸 순살과 오리엔탈 파소스를 버무려 더욱더 건강한 치킨
30	557	63	100% (4개)
30	557	149	ㆍ
30	557	193	리뷰 (6)
30	631	36	간장순살치킨
30	685	36	27,000원
30	743	36	겉은 바삭, 속은 촉촉한 다릿살치킨에 달콤짭짤한 간장소스에 퐁당~ 자꾸자꾸 손이가는 한국식 전통메뉴
30	821	63	100% (2개)
30	895	36	불패순살치킨
30	949	36	27,000원
30	1007	36	100% 닭다리살에 블랙페퍼와 매콤한 스모크 소스를 더하고 고다치즈 소스로 풍부하게 마무리한 완벽한 맵단 치킨!
30	1085	63	100% (1개)
30	1159	36	치요링순살치킨
30	1213	36	27,000원
30	1271	36	특제 에멘탈 치즈 시즈닝을 입은 바삭한 치킨을 상큼달콤한 요거트소스에 퐁닭~
30	1349	63	100% (3개)
30	1349	149	ㆍ
30	1349	193	리뷰 (4)
30	1423	36	크리미양파순살치킨
30	1441	121	지금 와우 가입하면 배달비 0원 + 25,000원 쿠폰
30	1458	781	가입하기
30	1477	36	27,000원
30	1535	36	새콤달콤 크리미 소스와 아삭한 양파 슬라이스의 찰떡궁합
30	1556	24	배달비 0원 + 3,000원 쿠폰
31	0	0	100% (8개)
31	0	0	ㆍ
31	0	0	다리 4조각+윙 6조각+봉 6조각, 신선함과 바삭함이 살아 있어 더 맛있는 치킨
31	0	0	리뷰 (12)
31	66	155	자담치킨 서초교대점 내 메뉴를 찾아보세요
31	137	36	간장순살치킨
31	151	114	순살치킨(닭다리살) 메뉴
31	151	416	콤보치킨메뉴
31	151	608	스틱치킨 메뉴
31	151	806	윙봉스치킨 메뉴
31	182	51	1 / 3
31	191	36	27,000원
31	248	317	자담치킨 서초교대점
31	249	36	겉은 바삭, 속은 촉촉한 다릿살치킨에 달콤짭짤한 간장소스에 퐁당~ 자꾸자꾸 손이가는 한국식 전통메뉴
31	298	404	4.9(1,532)
31	327	63	100% (2개)
31	401	36	불패순살치킨
31	455	36	27,000원
31	513	36	100% 닭다리살에 블랙페퍼와 매콤한 스모크 소스를 더하고 고다치즈 소스로 풍부하게 마무리한 완벽한 맵단 치킨!
31	591	63	100% (1개)
31	665	36	치요링순살치킨
31	719	36	27,000원
31	777	36	특제 에멘탈 치즈 시즈닝을 입은 바삭한 치킨을 상큼달콤한 요거트소스에 퐁닭~
31	855	63	100% (3개)
31	855	149	ㆍ
31	855	193	리뷰 (4)
31	929	36	크리미양파순살치킨
31	983	36	27,000원
31	1041	36	새콤달콤 크리미 소스와 아삭한 양파 슬라이스의 찰떡궁합
31	1142	36	허니팝순살치킨
31	1196	36	27,000원
31	1254	36	100% 닭다리살에 허니갈릭 소스와 크런치 시즈닝을 더해 달콤함과 고소함을 완벽하게 조화시켰다! 매력 팡팡 터지는 온 가족 애정 치킨
31	1332	63	100% (1개)
31	1332	149	ㆍ
31	1332	193	리뷰 (1)
31	1436	42	콤보치킨메뉴
31	1441	121	지금 와우 가입하면 배달비 0원 + 25,000원 쿠폰
31	1458	781	가입하기
31	1518	36	콤보치킨
31	1556	24	배달비 0원 + 3,000원 쿠폰
31	1572	36	26,000원
32	0	0	다리 4조각+윙 6조각+봉 6조각, 건강한 식재료와 천연재료로 맵게 양념하여 더욱 매운맛!
32	0	0	불패순살치킨
32	30	36	100% 닭다리살에 블랙페퍼와 매콤한 스모크 소스를 더하고 고다치즈 소스로 풍부하게 마무리한 완벽한 맵단 치킨!
32	66	155	자담치킨 서초교대점 내 메뉴를 찾아보세요
32	108	63	100% (1개)
32	151	114	순살치킨(닭다리살) 메뉴
32	151	416	콤보치킨메뉴
32	151	608	스틱치킨 메뉴
32	151	806	윙봉스치킨 메뉴
32	182	36	치요링순살치킨
32	182	51	2 / 3
32	236	36	27,000원
32	248	317	자담치킨 서초교대점
32	294	36	특제 에멘탈 치즈 시즈닝을 입은 바삭한 치킨을 상큼달콤한 요거트소스에 퐁닭~
32	298	404	4.9(1,532)
32	372	63	100% (3개)
32	372	149	ㆍ
32	372	193	리뷰 (4)
32	446	36	크리미양파순살치킨
32	500	36	27,000원
32	558	36	새콤달콤 크리미 소스와 아삭한 양파 슬라이스의 찰떡궁합
32	659	36	허니팝순살치킨
32	713	36	27,000원
32	771	36	100% 닭다리살에 허니갈릭 소스와 크런치 시즈닝을 더해 달콤함과 고소함을 완벽하게 조화시켰다! 매력 팡팡 터지는 온 가족 애정 치킨
32	849	63	100% (1개)
32	849	149	ㆍ
32	849	193	리뷰 (1)
32	953	42	콤보치킨메뉴
32	1035	36	콤보치킨
32	1089	36	26,000원
32	1147	36	다리 4조각+윙 6조각+봉 6조각, 신선함과 바삭함이 살아 있어 더 맛있는 치킨
32	1225	63	100% (8개)
32	1225	149	ㆍ
32	1225	193	리뷰 (12)
32	1299	36	양념콤보치킨
32	1353	36	28,000원
32	1411	36	다리 4조각+윙 6조각+봉 6조각, 건강한 식재료와 천연재료로 양념하여 더욱 새콤달콤한 맛!
32	1441	121	지금 와우 가입하면 배달비 0원 + 25,000원 쿠폰
32	1458	781	가입하기
32	1489	63	100% (2개)
32	1489	149	ㆍ
32	1489	193	리뷰 (2)
32	1556	24	배달비 0원 + 3,000원 쿠폰
32	1563	36	양념콤보치킨(매운양념)
33	0	0	75% (4개)
33	0	0	ㆍ
33	0	0	리뷰 (4)
33	0	0	정통 마요소스와 청양고추가 어우러져 달고 부드러운 매운맛이 일품!
33	0	0	크리미양파순살치킨
33	63	36	새콤달콤 크리미 소스와 아삭한 양파 슬라이스의 찰떡궁합
33	66	155	자담치킨 서초교대점 내 메뉴를 찾아보세요
33	151	114	순살치킨(닭다리살) 메뉴
33	151	416	콤보치킨메뉴
33	151	608	스틱치킨 메뉴
33	151	806	윙봉스치킨 메뉴
33	164	36	허니팝순살치킨
33	182	51	3 / 3
33	218	36	27,000원
33	248	317	자담치킨 서초교대점
33	276	36	100% 닭다리살에 허니갈릭 소스와 크런치 시즈닝을 더해 달콤함과 고소함을 완벽하게 조화시켰다! 매력 팡팡 터지는 온 가족 애정 치킨
33	298	404	4.9(1,532)
33	354	63	100% (1개)
33	354	149	ㆍ
33	354	193	리뷰 (1)
33	458	42	콤보치킨메뉴
33	540	36	콤보치킨
33	594	36	26,000원
33	652	36	다리 4조각+윙 6조각+봉 6조각, 신선함과 바삭함이 살아 있어 더 맛있는 치킨
33	730	63	100% (8개)
33	730	149	ㆍ
33	730	193	리뷰 (12)
33	804	36	양념콤보치킨
33	858	36	28,000원
33	916	36	다리 4조각+윙 6조각+봉 6조각, 건강한 식재료와 천연재료로 양념하여 더욱 새콤달콤한 맛!
33	994	63	100% (2개)
33	994	149	ㆍ
33	994	193	리뷰 (2)
33	1068	36	양념콤보치킨(매운양념)
33	1122	36	28,000원
33	1180	36	다리 4조각+윙 6조각+봉 6조각, 건강한 식재료와 천연재료로 맵게 양념하여 더욱 매운맛!
33	1297	36	반반콤보치킨
33	1345	36	28,000원
33	1403	36	다리 4조각+윙 6조각+봉 6조각, 신선하고 바삭한 후라이드와 새콤달콤한 양념맛을 한번에~
33	1441	121	지금 와우 가입하면 배달비 0원 + 25,000원 쿠폰
33	1458	781	가입하기
33	1481	63	100% (4개)
33	1481	149	ㆍ
33	1481	193	리뷰 (5)
33	1555	36	맵슐랭(마일드)콤보치킨
33	1556	24	배달비 0원 + 3,000원 쿠폰
34	0	0	허니갈릭 소스에 크런치 시즈닝을 더해 달콤함과 고소함을 완벽하게 조화시켰다! 매력 팡팡 터지는 온 가족 애정 치킨
34	48	36	콤보치킨
34	66	155	자담치킨 서초교대점 내 메뉴를 찾아보세요
34	132	36	26,000원
34	151	114	콤보치킨메뉴
34	151	306	스틱치킨 메뉴
34	151	504	윙봉스치킨 메뉴
34	151	724	3반세트메뉴
34	160	36	다리 4조각+윙 6조각+봉 6조각, 신선함과 바삭함이 살아 있어 더 맛있는 치킨
34	182	51	1 / 3
34	238	63	100% (8개)
34	238	149	ㆍ
34	238	193	리뷰 (12)
34	248	317	자담치킨 서초교대점
34	298	404	4.9(1,532)
34	312	36	양념콤보치킨
34	366	36	28,000원
34	424	36	다리 4조각+윙 6조각+봉 6조각, 건강한 식재료와 천연재료로 양념하여 더욱 새콤달콤한 맛!
34	502	63	100% (2개)
34	502	149	ㆍ
34	502	193	리뷰 (2)
34	576	36	양념콤보치킨(매운양념)
34	630	36	28,000원
34	688	36	다리 4조각+윙 6조각+봉 6조각, 건강한 식재료와 천연재료로 맵게 양념하여 더욱 매운맛!
34	805	36	반반콤보치킨
34	853	36	28,000원
34	911	36	다리 4조각+윙 6조각+봉 6조각, 신선하고 바삭한 후라이드와 새콤달콤한 양념맛을 한번에~
34	989	63	100% (4개)
34	989	149	ㆍ
34	989	193	리뷰 (5)
34	1063	36	맵슐랭(마일드)콤보치킨
34	1117	36	28,000원
34	1175	36	정통 마요소스와 청양고추가 어우러져 달고 부드러운 매운맛이 일품!
34	1223	63	75% (4개)
34	1223	139	ㆍ
34	1223	183	리뷰 (4)
34	1306	36	맵쏘이킥(마일드)콤보치킨
34	1354	36	28,000원
34	1412	36	흑마늘이 함유된 특제 간장소스에 버무리고 알싸한 파, 고추 토핑으로 마무리한 '킥이 살아있는' 치킨!
34	1441	121	지금 와우 가입하면 배달비 0원 + 25,000원 쿠폰
34	1458	781	가입하기
34	1490	63	리뷰 (2)
34	1556	24	배달비 0원 + 3,000원 쿠폰
34	1575	36	허니팝콤보치킨
35	0	0	달달 짭조름한 허니갈릭소스와 황금빛 마늘 후레이크 시즈닝에 바삭한 통마늘 토핑을 더해 고소한 마늘 풍미를 풍부하게 즐길 수 있는 콤보치킨
35	66	155	자담치킨 서초교대점 내 메뉴를 찾아보세요
35	89	36	양념콤보치킨(매운양념)
35	143	36	28,000원
35	151	114	콤보치킨메뉴
35	151	306	스틱치킨 메뉴
35	151	504	윙봉스치킨 메뉴
35	151	724	3반세트메뉴
35	182	51	2 / 3
35	201	36	다리 4조각+윙 6조각+봉 6조각, 건강한 식재료와 천연재료로 맵게 양념하여 더욱 매운맛!
35	248	317	자담치킨 서초교대점
35	298	404	4.9(1,532)
35	318	36	반반콤보치킨
35	366	36	28,000원
35	424	36	다리 4조각+윙 6조각+봉 6조각, 신선하고 바삭한 후라이드와 새콤달콤한 양념맛을 한번에~
35	502	63	100% (4개)
35	502	149	ㆍ
35	502	193	리뷰 (5)
35	576	36	맵슐랭(마일드)콤보치킨
35	630	36	28,000원
35	688	36	정통 마요소스와 청양고추가 어우러져 달고 부드러운 매운맛이 일품!
35	736	63	75% (4개)
35	736	139	ㆍ
35	736	183	리뷰 (4)
35	819	36	맵쏘이킥(마일드)콤보치킨
35	867	36	28,000원
35	925	36	흑마늘이 함유된 특제 간장소스에 버무리고 알싸한 파, 고추 토핑으로 마무리한 '킥이 살아있는' 치킨!
35	1003	63	리뷰 (2)
35	1088	36	허니팝콤보치킨
35	1136	36	28,000원
35	1194	36	허니갈릭 소스에 크런치 시즈닝을 더해 달콤함과 고소함을 완벽하게 조화시켰다! 매력 팡팡 터지는 온 가족 애정 치킨
35	1313	36	왓더핫(마일드)콤보치킨
35	1361	36	28,000원
35	1419	36	인기 부위만 모은 콤보치킨에 강렬한 불닭소스와 매콤한 스리라차 소스, 크러시드 레드페퍼까지 더해져 진짜 맛있게 매운 치킨
35	1441	121	지금 와우 가입하면 배달비 0원 + 25,000원 쿠폰
35	1458	781	가입하기
35	1538	36	마튀니콤보치킨
35	1556	24	배달비 0원 + 3,000원 쿠폰
35	1586	36	28,000원
36	0	0	다리 4조각+윙 6조각+봉 6조각, 달콤짭짤한 간장소스에 버무린 전통메뉴
36	66	155	자담치킨 서초교대점 내 메뉴를 찾아보세요
36	90	36	맵슐랭(마일드)콤보치킨
36	144	36	28,000원
36	151	114	콤보치킨메뉴
36	151	306	스틱치킨 메뉴
36	151	504	윙봉스치킨 메뉴
36	151	724	3반세트메뉴
36	182	51	3 / 3
36	202	36	정통 마요소스와 청양고추가 어우러져 달고 부드러운 매운맛이 일품!
36	248	317	자담치킨 서초교대점
36	250	63	75% (4개)
36	250	139	ㆍ
36	250	183	리뷰 (4)
36	298	404	4.9(1,532)
36	333	36	맵쏘이킥(마일드)콤보치킨
36	381	36	28,000원
36	439	36	흑마늘이 함유된 특제 간장소스에 버무리고 알싸한 파, 고추 토핑으로 마무리한 '킥이 살아있는' 치킨!
36	517	63	리뷰 (2)
36	602	36	허니팝콤보치킨
36	650	36	28,000원
36	708	36	허니갈릭 소스에 크런치 시즈닝을 더해 달콤함과 고소함을 완벽하게 조화시켰다! 매력 팡팡 터지는 온 가족 애정 치킨
36	827	36	왓더핫(마일드)콤보치킨
36	875	36	28,000원
36	933	36	인기 부위만 모은 콤보치킨에 강렬한 불닭소스와 매콤한 스리라차 소스, 크러시드 레드페퍼까지 더해져 진짜 맛있게 매운 치킨
36	1052	36	마튀니콤보치킨
36	1100	36	28,000원
36	1158	36	달달 짭조름한 허니갈릭소스와 황금빛 마늘 후레이크 시즈닝에 바삭한 통마늘 토핑을 더해 고소한 마늘 풍미를 풍부하게 즐길 수 있는 콤보치킨
36	1266	36	파닭콤보치킨
36	1320	36	28,000원
36	1378	36	다리 4조각+윙 6조각+봉 6조각, 오리엔탈 파소스를 버무려 더욱더 건강한 치킨
36	1441	121	지금 와우 가입하면 배달비 0원 + 25,000원 쿠폰
36	1456	63	100% (3개)
36	1456	149	ㆍ
36	1456	193	리뷰 (1)
36	1458	781	가입하기
36	1530	36	간장콤보치킨
36	1556	24	배달비 0원 + 3,000원 쿠폰
36	1584	36	28,000원
37	66	155	자담치킨 서초교대점 내 메뉴를 찾아보세요
37	110	36	허니팝콤보치킨
37	151	114	콤보치킨메뉴
37	151	306	스틱치킨 메뉴
37	151	504	윙봉스치킨 메뉴
37	151	724	3반세트메뉴
37	158	36	28,000원
37	182	51	1 / 3
37	216	36	허니갈릭 소스에 크런치 시즈닝을 더해 달콤함과 고소함을 완벽하게 조화시켰다! 매력 팡팡 터지는 온 가족 애정 치킨
37	248	317	자담치킨 서초교대점
37	298	404	4.9(1,532)
37	335	36	왓더핫(마일드)콤보치킨
37	383	36	28,000원
37	441	36	인기 부위만 모은 콤보치킨에 강렬한 불닭소스와 매콤한 스리라차 소스, 크러시드 레드페퍼까지 더해져 진짜 맛있게 매운 치킨
37	560	36	마튀니콤보치킨
37	608	36	28,000원
37	666	36	달달 짭조름한 허니갈릭소스와 황금빛 마늘 후레이크 시즈닝에 바삭한 통마늘 토핑을 더해 고소한 마늘 풍미를 풍부하게 즐길 수 있는 콤보치킨
37	774	36	파닭콤보치킨
37	828	36	28,000원
37	886	36	다리 4조각+윙 6조각+봉 6조각, 오리엔탈 파소스를 버무려 더욱더 건강한 치킨
37	964	63	100% (3개)
37	964	149	ㆍ
37	964	193	리뷰 (1)
37	1038	36	간장콤보치킨
37	1092	36	28,000원
37	1150	36	다리 4조각+윙 6조각+봉 6조각, 달콤짭짤한 간장소스에 버무린 전통메뉴
37	1260	36	불패콤보치킨
37	1308	36	28,000원
37	1366	36	다리 4조각+윙 6조각+봉 6조각, 블랙페퍼를 함유한 스모크 소스를 더하고 고다치즈 소스로 풍부하게 마무리했다!
37	1441	121	지금 와우 가입하면 배달비 0원 + 25,000원 쿠폰
37	1458	781	가입하기
37	1485	36	치요링콤보치킨
37	1533	36	28,000원
37	1556	24	배달비 0원 + 3,000원 쿠폰
37	1591	36	다리 4조각+윙 6조각+봉 6조각, 특제 에멘탈 치즈 시즈닝을 입은 바삭한 치킨을 상큼달콤한 요거트소스에 퐁닭~
38	0	0	100% (1개)
38	0	0	ㆍ
38	0	0	다리 10조각, 신선함과 바삭함이 살아 있어 더 맛있는 치킨
38	0	0	리뷰 (2)
38	66	155	자담치킨 서초교대점 내 메뉴를 찾아보세요
38	72	36	마튀니콤보치킨
38	132	36	28,000원
38	151	114	콤보치킨메뉴
38	151	306	스틱치킨 메뉴
38	151	504	윙봉스치킨 메뉴
38	151	724	3반세트메뉴
38	178	36	달달 짭조름한 허니갈릭소스와 황금빛 마늘 후레이크 시즈닝에 바삭한 통마늘 토핑을 더해 고소한 마늘 풍미를 풍부하게 즐길 수 있는 콤보치킨
38	182	51	2 / 3
38	248	317	자담치킨 서초교대점
38	286	36	파닭콤보치킨
38	298	404	4.9(1,532)
38	340	36	28,000원
38	398	36	다리 4조각+윙 6조각+봉 6조각, 오리엔탈 파소스를 버무려 더욱더 건강한 치킨
38	476	63	100% (3개)
38	476	149	ㆍ
38	476	193	리뷰 (1)
38	550	36	간장콤보치킨
38	604	36	28,000원
38	662	36	다리 4조각+윙 6조각+봉 6조각, 달콤짭짤한 간장소스에 버무린 전통메뉴
38	772	36	불패콤보치킨
38	820	36	28,000원
38	878	36	다리 4조각+윙 6조각+봉 6조각, 블랙페퍼를 함유한 스모크 소스를 더하고 고다치즈 소스로 풍부하게 마무리했다!
38	997	36	치요링콤보치킨
38	1045	36	28,000원
38	1103	36	다리 4조각+윙 6조각+봉 6조각, 특제 에멘탈 치즈 시즈닝을 입은 바삭한 치킨을 상큼달콤한 요거트소스에 퐁닭~
38	1211	36	크리미양파콤보치킨
38	1265	36	28,000원
38	1323	36	다리 4조각+윙 6조각+봉 6조각, 새콤달콤 크리미 소스와 아삭한 양파 슬라이스에 찰떡궁합
38	1441	121	지금 와우 가입하면 배달비 0원 + 25,000원 쿠폰
38	1458	781	가입하기
38	1461	42	스틱치킨 메뉴
38	1543	36	스틱치킨
38	1556	24	배달비 0원 + 3,000원 쿠폰
38	1597	36	26,000원
39	57	36	간장콤보치킨
39	66	155	자담치킨 서초교대점 내 메뉴를 찾아보세요
39	132	36	28,000원
39	151	114	콤보치킨메뉴
39	151	306	스틱치킨 메뉴
39	151	504	윙봉스치킨 메뉴
39	151	724	3반세트메뉴
39	169	36	다리 4조각+윙 6조각+봉 6조각, 달콤짭짤한 간장소스에 버무린 전통메뉴
39	182	51	3 / 3
39	248	317	자담치킨 서초교대점
39	279	36	불패콤보치킨
39	298	404	4.9(1,532)
39	327	36	28,000원
39	385	36	다리 4조각+윙 6조각+봉 6조각, 블랙페퍼를 함유한 스모크 소스를 더하고 고다치즈 소스로 풍부하게 마무리했다!
39	504	36	치요링콤보치킨
39	552	36	28,000원
39	610	36	다리 4조각+윙 6조각+봉 6조각, 특제 에멘탈 치즈 시즈닝을 입은 바삭한 치킨을 상큼달콤한 요거트소스에 퐁닭~
39	718	36	크리미양파콤보치킨
39	772	36	28,000원
39	830	36	다리 4조각+윙 6조각+봉 6조각, 새콤달콤 크리미 소스와 아삭한 양파 슬라이스에 찰떡궁합
39	968	42	스틱치킨 메뉴
39	1050	36	스틱치킨
39	1104	36	26,000원
39	1162	36	다리 10조각, 신선함과 바삭함이 살아 있어 더 맛있는 치킨
39	1210	63	100% (1개)
39	1210	149	ㆍ
39	1210	193	리뷰 (2)
39	1293	36	양념스틱치킨
39	1341	36	28,000원
39	1399	36	다리 10조각, 건강한 식재료와 천연재료로 양념하여 더욱 새콤달콤한 맛!
39	1441	121	지금 와우 가입하면 배달비 0원 + 25,000원 쿠폰
39	1458	781	가입하기
39	1488	36	양념스틱치킨(매운양념)
39	1536	36	28,000원
39	1556	24	배달비 0원 + 3,000원 쿠폰
39	1594	36	10조각, 건강한 식재료와 천연재료로 맵게 양념하여 더욱 매운맛!
40	0	0	맵쏘이킥(마일드)스틱치킨
40	0	0	흑마늘이 함유된 특제 간장소스에 버무리고 알싸한 파, 고추 토핑으로 마무리한 '킥이 살아있는' 치킨!
40	13	36	치요링콤보치킨
40	66	155	자담치킨 서초교대점 내 메뉴를 찾아보세요
40	119	36	다리 4조각+윙 6조각+봉 6조각, 특제 에멘탈 치즈 시즈닝을 입은 바삭한 치킨을 상큼달콤한 요거트소스에 퐁닭~
40	151	114	콤보치킨메뉴
40	151	306	스틱치킨 메뉴
40	151	504	윙봉스치킨 메뉴
40	151	724	3반세트메뉴
40	182	51	1 / 3
40	227	36	크리미양파콤보치킨
40	248	317	자담치킨 서초교대점
40	281	36	28,000원
40	298	404	4.9(1,532)
40	339	36	다리 4조각+윙 6조각+봉 6조각, 새콤달콤 크리미 소스와 아삭한 양파 슬라이스에 찰떡궁합
40	477	42	스틱치킨 메뉴
40	559	36	스틱치킨
40	613	36	26,000원
40	671	36	다리 10조각, 신선함과 바삭함이 살아 있어 더 맛있는 치킨
40	719	63	100% (1개)
40	719	149	ㆍ
40	719	193	리뷰 (2)
40	802	36	양념스틱치킨
40	850	36	28,000원
40	908	36	다리 10조각, 건강한 식재료와 천연재료로 양념하여 더욱 새콤달콤한 맛!
40	997	36	양념스틱치킨(매운양념)
40	1045	36	28,000원
40	1103	36	10조각, 건강한 식재료와 천연재료로 맵게 양념하여 더욱 매운맛!
40	1192	36	반반스틱치킨
40	1240	36	28,000원
40	1298	36	다리 10조각, 신선하고 바삭한 후라이드와 새콤달콤한 양념맛을 한번에~
40	1346	63	100% (2개)
40	1346	149	ㆍ
40	1346	193	리뷰 (3)
40	1431	36	맵슐랭(마일드)스틱치킨
40	1441	121	지금 와우 가입하면 배달비 0원 + 25,000원 쿠폰
40	1458	781	가입하기
40	1479	36	28,000원
40	1537	36	정통 마요소스와 청양고추가 어우러져 달고 부드러운 매운맛이 일품!
40	1556	24	배달비 0원 + 3,000원 쿠폰
41	0	0	닭다리만으로 구성한 스틱치킨에 강렬한 불닭소스와 매콤한 스리라차 소스, 크러시드 레드페퍼까지 더해져 진짜 맛있게 매운 치킨
41	66	155	자담치킨 서초교대점 내 메뉴를 찾아보세요
41	74	36	스틱치킨
41	132	36	26,000원
41	151	114	스틱치킨 메뉴
41	151	312	윙봉스치킨 메뉴
41	151	532	3반세트메뉴
41	151	715	반마리 메뉴
41	182	51	2 / 3
41	186	36	다리 10조각, 신선함과 바삭함이 살아 있어 더 맛있는 치킨
41	234	63	100% (1개)
41	234	149	ㆍ
41	234	193	리뷰 (2)
41	248	317	자담치킨 서초교대점
41	298	404	4.9(1,532)
41	317	36	양념스틱치킨
41	365	36	28,000원
41	423	36	다리 10조각, 건강한 식재료와 천연재료로 양념하여 더욱 새콤달콤한 맛!
41	512	36	양념스틱치킨(매운양념)
41	560	36	28,000원
41	618	36	10조각, 건강한 식재료와 천연재료로 맵게 양념하여 더욱 매운맛!
41	707	36	반반스틱치킨
41	755	36	28,000원
41	813	36	다리 10조각, 신선하고 바삭한 후라이드와 새콤달콤한 양념맛을 한번에~
41	861	63	100% (2개)
41	861	149	ㆍ
41	861	193	리뷰 (3)
41	946	36	맵슐랭(마일드)스틱치킨
41	994	36	28,000원
41	1052	36	정통 마요소스와 청양고추가 어우러져 달고 부드러운 매운맛이 일품!
41	1141	36	맵쏘이킥(마일드)스틱치킨
41	1189	36	28,000원
41	1247	36	흑마늘이 함유된 특제 간장소스에 버무리고 알싸한 파, 고추 토핑으로 마무리한 '킥이 살아있는' 치킨!
41	1366	36	허니팝스틱치킨
41	1414	36	28,000원
41	1441	121	지금 와우 가입하면 배달비 0원 + 25,000원 쿠폰
41	1458	781	가입하기
41	1472	36	허니갈릭 소스에 크런치 시즈닝을 더해 달콤함과 고소함을 완벽하게 조화시켰다! 매력 팡팡 터지는 온 가족 애정 치킨
41	1556	24	배달비 0원 + 3,000원 쿠폰
41	1591	36	왓더핫(마일드)스틱치킨
42	0	0	다리 10조각, 오리엔탈 파소스를 버무려 더욱더 건강한 치킨
42	27	36	양념스틱치킨(매운양념)
42	66	155	자담치킨 서초교대점 내 메뉴를 찾아보세요
42	133	36	10조각, 건강한 식재료와 천연재료로 맵게 양념하여 더욱 매운맛!
42	151	114	스틱치킨 메뉴
42	151	312	윙봉스치킨 메뉴
42	151	532	3반세트메뉴
42	151	715	반마리 메뉴
42	182	51	3 / 3
42	222	36	반반스틱치킨
42	248	317	자담치킨 서초교대점
42	270	36	28,000원
42	298	404	4.9(1,532)
42	328	36	다리 10조각, 신선하고 바삭한 후라이드와 새콤달콤한 양념맛을 한번에~
42	376	63	100% (2개)
42	376	149	ㆍ
42	376	193	리뷰 (3)
42	461	36	맵슐랭(마일드)스틱치킨
42	509	36	28,000원
42	567	36	정통 마요소스와 청양고추가 어우러져 달고 부드러운 매운맛이 일품!
42	656	36	맵쏘이킥(마일드)스틱치킨
42	704	36	28,000원
42	762	36	흑마늘이 함유된 특제 간장소스에 버무리고 알싸한 파, 고추 토핑으로 마무리한 '킥이 살아있는' 치킨!
42	881	36	허니팝스틱치킨
42	929	36	28,000원
42	987	36	허니갈릭 소스에 크런치 시즈닝을 더해 달콤함과 고소함을 완벽하게 조화시켰다! 매력 팡팡 터지는 온 가족 애정 치킨
42	1106	36	왓더핫(마일드)스틱치킨
42	1154	36	28,000원
42	1212	36	닭다리만으로 구성한 스틱치킨에 강렬한 불닭소스와 매콤한 스리라차 소스, 크러시드 레드페퍼까지 더해져 진짜 맛있게 매운 치킨
42	1331	36	마튀니스틱치킨
42	1379	36	28,000원
42	1437	36	달달 짭조름한 허니갈릭소스와 황금빛 마늘 후레이크 시즈닝에 바삭한 통마늘 토핑을 더해 고소한 마늘 풍미를 풍부하게 즐길 수 있는 스틱치킨
42	1441	121	지금 와우 가입하면 배달비 0원 + 25,000원 쿠폰
42	1458	781	가입하기
42	1556	24	배달비 0원 + 3,000원 쿠폰
42	1556	36	파닭스틱치킨
43	66	155	자담치킨 서초교대점 내 메뉴를 찾아보세요
43	151	114	스틱치킨 메뉴
43	151	312	윙봉스치킨 메뉴
43	151	532	3반세트메뉴
43	151	715	반마리 메뉴
43	162	36	맵쏘이킥(마일드)스틱치킨
43	182	51	1 / 3
43	210	36	28,000원
43	248	317	자담치킨 서초교대점
43	268	36	흑마늘이 함유된 특제 간장소스에 버무리고 알싸한 파, 고추 토핑으로 마무리한 '킥이 살아있는' 치킨!
43	298	404	4.9(1,532)
43	387	36	허니팝스틱치킨
43	435	36	28,000원
43	493	36	허니갈릭 소스에 크런치 시즈닝을 더해 달콤함과 고소함을 완벽하게 조화시켰다! 매력 팡팡 터지는 온 가족 애정 치킨
43	612	36	왓더핫(마일드)스틱치킨
43	660	36	28,000원
43	718	36	닭다리만으로 구성한 스틱치킨에 강렬한 불닭소스와 매콤한 스리라차 소스, 크러시드 레드페퍼까지 더해져 진짜 맛있게 매운 치킨
43	837	36	마튀니스틱치킨
43	885	36	28,000원
43	943	36	달달 짭조름한 허니갈릭소스와 황금빛 마늘 후레이크 시즈닝에 바삭한 통마늘 토핑을 더해 고소한 마늘 풍미를 풍부하게 즐길 수 있는 스틱치킨
43	1062	36	파닭스틱치킨
43	1110	36	28,000원
43	1168	36	다리 10조각, 오리엔탈 파소스를 버무려 더욱더 건강한 치킨
43	1257	36	간장스틱치킨
43	1305	36	28,000원
43	1363	36	다리 10조각, 달콤짭짤한 간장소스에 버무린 전통메뉴
43	1441	121	지금 와우 가입하면 배달비 0원 + 25,000원 쿠폰
43	1452	36	불패스틱치킨
43	1458	781	가입하기
43	1500	36	28,000원
43	1556	24	배달비 0원 + 3,000원 쿠폰
43	1558	36	다리 10조각, 블랙페퍼를 함유한 스모크 소스를 더하고 고다치즈 소스로 풍부하게 마무리했다!
44	66	155	자담치킨 서초교대점 내 메뉴를 찾아보세요
44	118	36	왓더핫(마일드)스틱치킨
44	151	114	스틱치킨 메뉴
44	151	312	윙봉스치킨 메뉴
44	151	532	3반세트메뉴
44	151	715	반마리 메뉴
44	166	36	28,000원
44	182	51	2 / 3
44	224	36	닭다리만으로 구성한 스틱치킨에 강렬한 불닭소스와 매콤한 스리라차 소스, 크러시드 레드페퍼까지 더해져 진짜 맛있게 매운 치킨
44	248	317	자담치킨 서초교대점
44	298	404	4.9(1,532)
44	343	36	마튀니스틱치킨
44	391	36	28,000원
44	449	36	달달 짭조름한 허니갈릭소스와 황금빛 마늘 후레이크 시즈닝에 바삭한 통마늘 토핑을 더해 고소한 마늘 풍미를 풍부하게 즐길 수 있는 스틱치킨
44	568	36	파닭스틱치킨
44	616	36	28,000원
44	674	36	다리 10조각, 오리엔탈 파소스를 버무려 더욱더 건강한 치킨
44	763	36	간장스틱치킨
44	811	36	28,000원
44	869	36	다리 10조각, 달콤짭짤한 간장소스에 버무린 전통메뉴
44	958	36	불패스틱치킨
44	1006	36	28,000원
44	1064	36	다리 10조각, 블랙페퍼를 함유한 스모크 소스를 더하고 고다치즈 소스로 풍부하게 마무리했다!
44	1183	36	치요링스틱치킨
44	1231	36	28,000원
44	1289	36	다리 10조각, 특제 에멘탈 치즈 시즈닝을 입은 바삭한 치킨을 상큼달콤한 요거트소스에 퐁닭~
44	1408	36	크리미양파스틱치킨
44	1441	121	지금 와우 가입하면 배달비 0원 + 25,000원 쿠폰
44	1456	36	28,000원
44	1458	781	가입하기
44	1514	36	다리 10조각, 새콤달콤 크리미 소스와 아삭한 양파 슬라이스에 찰떡궁합
44	1556	24	배달비 0원 + 3,000원 쿠폰
45	0	0	100% (1개)
45	0	0	ㆍ
45	0	0	리뷰 (1)
45	66	155	자담치킨 서초교대점 내 메뉴를 찾아보세요
45	74	36	파닭스틱치킨
45	132	36	28,000원
45	151	114	스틱치킨 메뉴
45	151	312	윙봉스치킨 메뉴
45	151	532	3반세트메뉴
45	151	715	반마리 메뉴
45	180	36	다리 10조각, 오리엔탈 파소스를 버무려 더욱더 건강한 치킨
45	182	51	3 / 3
45	248	317	자담치킨 서초교대점
45	269	36	간장스틱치킨
45	298	404	4.9(1,532)
45	317	36	28,000원
45	375	36	다리 10조각, 달콤짭짤한 간장소스에 버무린 전통메뉴
45	464	36	불패스틱치킨
45	512	36	28,000원
45	570	36	다리 10조각, 블랙페퍼를 함유한 스모크 소스를 더하고 고다치즈 소스로 풍부하게 마무리했다!
45	689	36	치요링스틱치킨
45	737	36	28,000원
45	795	36	다리 10조각, 특제 에멘탈 치즈 시즈닝을 입은 바삭한 치킨을 상큼달콤한 요거트소스에 퐁닭~
45	914	36	크리미양파스틱치킨
45	962	36	28,000원
45	1020	36	다리 10조각, 새콤달콤 크리미 소스와 아삭한 양파 슬라이스에 찰떡궁합
45	1128	42	윙봉스치킨 메뉴
45	1210	36	윙봉스치킨
45	1264	36	26,000원
45	1322	36	콜라겐 성분이 다량 함유되어 피부 미용과 영양 섭취에 최고인 부분육의 대표메뉴
45	1400	63	리뷰 (2)
45	1441	121	지금 와우 가입하면 배달비 0원 + 25,000원 쿠폰
45	1458	781	가입하기
45	1474	36	양념윙봉스치킨
45	1528	36	28,000원
45	1556	24	배달비 0원 + 3,000원 쿠폰
45	1586	36	콜라겐 성분이 다량 함유되어 피부 미용과 영양 섭취에 최고인 부분육의 대표메뉴
46	0	0	100% (4개)
46	0	0	ㆍ
46	0	0	리뷰 (1)
46	0	36	불패스틱치킨
46	66	155	자담치킨 서초교대점 내 메뉴를 찾아보세요
46	83	36	다리 10조각, 블랙페퍼를 함유한 스모크 소스를 더하고 고다치즈 소스로 풍부하게 마무리했다!
46	151	114	스틱치킨 메뉴
46	151	312	윙봉스치킨 메뉴
46	151	532	3반세트메뉴
46	151	715	반마리 메뉴
46	182	51	1 / 3
46	202	36	치요링스틱치킨
46	248	317	자담치킨 서초교대점
46	250	36	28,000원
46	298	404	4.9(1,532)
46	308	36	다리 10조각, 특제 에멘탈 치즈 시즈닝을 입은 바삭한 치킨을 상큼달콤한 요거트소스에 퐁닭~
46	427	36	크리미양파스틱치킨
46	475	36	28,000원
46	533	36	다리 10조각, 새콤달콤 크리미 소스와 아삭한 양파 슬라이스에 찰떡궁합
46	641	42	윙봉스치킨 메뉴
46	723	36	윙봉스치킨
46	777	36	26,000원
46	835	36	콜라겐 성분이 다량 함유되어 피부 미용과 영양 섭취에 최고인 부분육의 대표메뉴
46	913	63	리뷰 (2)
46	987	36	양념윙봉스치킨
46	1041	36	28,000원
46	1099	36	콜라겐 성분이 다량 함유되어 피부 미용과 영양 섭취에 최고인 부분육의 대표메뉴
46	1177	63	100% (1개)
46	1177	149	ㆍ
46	1177	193	리뷰 (1)
46	1260	36	양념윙봉스치킨(매운양념)
46	1308	36	28,000원
46	1366	36	콜라겐 성분이 다량 함유되어 피부 미용과 영양 섭취에 최고인 부분육의 대표메뉴
46	1441	121	지금 와우 가입하면 배달비 0원 + 25,000원 쿠폰
46	1455	36	반반윙봉스치킨
46	1458	781	가입하기
46	1503	36	28,000원
46	1556	24	배달비 0원 + 3,000원 쿠폰
46	1561	36	콜라겐 성분이 다량 함유되어 피부 미용과 영양 섭취에 최고인 부분육의 대표메뉴와 다양한 반반 메뉴를 즐기세요
47	0	0	100% (1개)
47	0	0	흑마늘이 함유된 특제 간장소스에 버무리고 알싸한 파, 고추 토핑으로 마무리한 '킥이 살아있는' 치킨!
47	66	155	자담치킨 서초교대점 내 메뉴를 찾아보세요
47	148	42	윙봉스치킨 메뉴
47	151	114	윙봉스치킨 메뉴
47	151	334	3반세트메뉴
47	151	517	반마리 메뉴
47	151	693	피자메뉴
47	151	841	사이드 메뉴
47	182	51	2 / 3
47	230	36	윙봉스치킨
47	248	317	자담치킨 서초교대점
47	284	36	26,000원
47	298	404	4.9(1,532)
47	342	36	콜라겐 성분이 다량 함유되어 피부 미용과 영양 섭취에 최고인 부분육의 대표메뉴
47	420	63	리뷰 (2)
47	494	36	양념윙봉스치킨
47	548	36	28,000원
47	606	36	콜라겐 성분이 다량 함유되어 피부 미용과 영양 섭취에 최고인 부분육의 대표메뉴
47	684	63	100% (1개)
47	684	149	ㆍ
47	684	193	리뷰 (1)
47	767	36	양념윙봉스치킨(매운양념)
47	815	36	28,000원
47	873	36	콜라겐 성분이 다량 함유되어 피부 미용과 영양 섭취에 최고인 부분육의 대표메뉴
47	962	36	반반윙봉스치킨
47	1010	36	28,000원
47	1068	36	콜라겐 성분이 다량 함유되어 피부 미용과 영양 섭취에 최고인 부분육의 대표메뉴와 다양한 반반 메뉴를 즐기세요
47	1146	63	100% (4개)
47	1146	149	ㆍ
47	1146	193	리뷰 (1)
47	1231	36	맵슐랭(마일드)윙봉스치킨
47	1279	36	28,000원
47	1337	36	콜라겐 성분이 다량 함유된 윙봉스치킨에 마요소스와 청양고추가 어우러져 달고 부드러운 매운맛이 일품!
47	1415	63	리뷰 (1)
47	1441	121	지금 와우 가입하면 배달비 0원 + 25,000원 쿠폰
47	1458	781	가입하기
47	1500	36	맵쏘이킥(마일드)윙봉스치킨
47	1548	36	28,000원
47	1556	24	배달비 0원 + 3,000원 쿠폰
48	0	0	콜라겐 성분으로 더욱 쫄깃한 윙봉스치킨에 강렬한 불닭소스와 매콤한 스리라차 소스, 크러시드 레드페퍼까지 더해져 진짜 맛있게 매운 치킨
48	8	36	양념윙봉스치킨
48	66	155	자담치킨 서초교대점 내 메뉴를 찾아보세요
48	120	36	콜라겐 성분이 다량 함유되어 피부 미용과 영양 섭취에 최고인 부분육의 대표메뉴
48	151	114	윙봉스치킨 메뉴
48	151	334	3반세트메뉴
48	151	517	반마리 메뉴
48	151	693	피자메뉴
48	151	841	사이드 메뉴
48	182	51	3 / 3
48	198	63	100% (1개)
48	198	149	ㆍ
48	198	193	리뷰 (1)
48	248	317	자담치킨 서초교대점
48	281	36	양념윙봉스치킨(매운양념)
48	298	404	4.9(1,532)
48	329	36	28,000원
48	387	36	콜라겐 성분이 다량 함유되어 피부 미용과 영양 섭취에 최고인 부분육의 대표메뉴
48	476	36	반반윙봉스치킨
48	524	36	28,000원
48	582	36	콜라겐 성분이 다량 함유되어 피부 미용과 영양 섭취에 최고인 부분육의 대표메뉴와 다양한 반반 메뉴를 즐기세요
48	660	63	100% (4개)
48	660	149	ㆍ
48	660	193	리뷰 (1)
48	745	36	맵슐랭(마일드)윙봉스치킨
48	793	36	28,000원
48	851	36	콜라겐 성분이 다량 함유된 윙봉스치킨에 마요소스와 청양고추가 어우러져 달고 부드러운 매운맛이 일품!
48	929	63	리뷰 (1)
48	1014	36	맵쏘이킥(마일드)윙봉스치킨
48	1062	36	28,000원
48	1120	36	흑마늘이 함유된 특제 간장소스에 버무리고 알싸한 파, 고추 토핑으로 마무리한 '킥이 살아있는' 치킨!
48	1198	63	100% (1개)
48	1283	36	허니팝윙봉스치킨
48	1331	36	28,000원
48	1389	36	허니갈릭 소스에 크런치 시즈닝을 더해 달콤함과 고소함을 완벽하게 조화시켰다! 매력 팡팡 터지는 온 가족 애정 치킨
48	1441	121	지금 와우 가입하면 배달비 0원 + 25,000원 쿠폰
48	1458	781	가입하기
48	1508	36	왓더핫(마일드)윙봉스치킨
48	1556	24	배달비 0원 + 3,000원 쿠폰
48	1556	36	28,000원
49	0	0	콜라겐 성분이 다량 함유되어 피부 미용과 영양 섭취에 최고인 부분육의 대표메뉴
49	0	36	반반윙봉스치킨
49	66	155	자담치킨 서초교대점 내 메뉴를 찾아보세요
49	87	36	콜라겐 성분이 다량 함유되어 피부 미용과 영양 섭취에 최고인 부분육의 대표메뉴와 다양한 반반 메뉴를 즐기세요
49	151	114	윙봉스치킨 메뉴
49	151	334	3반세트메뉴
49	151	517	반마리 메뉴
49	151	693	피자메뉴
49	151	841	사이드 메뉴
49	165	63	100% (4개)
49	165	149	ㆍ
49	165	193	리뷰 (1)
49	182	51	1 / 3
49	248	317	자담치킨 서초교대점
49	250	36	맵슐랭(마일드)윙봉스치킨
49	298	36	28,000원
49	298	404	4.9(1,532)
49	356	36	콜라겐 성분이 다량 함유된 윙봉스치킨에 마요소스와 청양고추가 어우러져 달고 부드러운 매운맛이 일품!
49	434	63	리뷰 (1)
49	519	36	맵쏘이킥(마일드)윙봉스치킨
49	567	36	28,000원
49	625	36	흑마늘이 함유된 특제 간장소스에 버무리고 알싸한 파, 고추 토핑으로 마무리한 '킥이 살아있는' 치킨!
49	703	63	100% (1개)
49	788	36	허니팝윙봉스치킨
49	836	36	28,000원
49	894	36	허니갈릭 소스에 크런치 시즈닝을 더해 달콤함과 고소함을 완벽하게 조화시켰다! 매력 팡팡 터지는 온 가족 애정 치킨
49	1013	36	왓더핫(마일드)윙봉스치킨
49	1061	36	28,000원
49	1119	36	콜라겐 성분으로 더욱 쫄깃한 윙봉스치킨에 강렬한 불닭소스와 매콤한 스리라차 소스, 크러시드 레드페퍼까지 더해져 진짜 맛있게 매운 치킨
49	1238	36	마튀니윙봉스치킨
49	1286	36	28,000원
49	1344	36	달달 짭조름한 허니갈릭소스와 황금빛 마늘 후레이크 시즈닝에 바삭한 통마늘 토핑을 더해 고소한 마늘 풍미를 풍부하게 즐길 수 있는 윙봉스치킨
49	1422	63	100% (1개)
49	1441	121	지금 와우 가입하면 배달비 0원 + 25,000원 쿠폰
49	1458	781	가입하기
49	1507	36	파닭윙봉스치킨
49	1555	36	28,000원
49	1556	24	배달비 0원 + 3,000원 쿠폰
50	0	0	치요링윙봉스치킨
50	0	0	콜라겐 성분이 다량 함유되어 피부 미용과 영양 섭취에 최고인 부분육의 대표메뉴
50	34	36	맵쏘이킥(마일드)윙봉스치킨
50	66	155	자담치킨 서초교대점 내 메뉴를 찾아보세요
50	140	36	흑마늘이 함유된 특제 간장소스에 버무리고 알싸한 파, 고추 토핑으로 마무리한 '킥이 살아있는' 치킨!
50	151	114	윙봉스치킨 메뉴
50	151	334	3반세트메뉴
50	151	517	반마리 메뉴
50	151	693	피자메뉴
50	151	841	사이드 메뉴
50	182	51	2 / 3
50	218	63	100% (1개)
50	248	317	자담치킨 서초교대점
50	298	404	4.9(1,532)
50	303	36	허니팝윙봉스치킨
50	351	36	28,000원
50	409	36	허니갈릭 소스에 크런치 시즈닝을 더해 달콤함과 고소함을 완벽하게 조화시켰다! 매력 팡팡 터지는 온 가족 애정 치킨
50	528	36	왓더핫(마일드)윙봉스치킨
50	576	36	28,000원
50	634	36	콜라겐 성분으로 더욱 쫄깃한 윙봉스치킨에 강렬한 불닭소스와 매콤한 스리라차 소스, 크러시드 레드페퍼까지 더해져 진짜 맛있게 매운 치킨
50	753	36	마튀니윙봉스치킨
50	801	36	28,000원
50	859	36	달달 짭조름한 허니갈릭소스와 황금빛 마늘 후레이크 시즈닝에 바삭한 통마늘 토핑을 더해 고소한 마늘 풍미를 풍부하게 즐길 수 있는 윙봉스치킨
50	937	63	100% (1개)
50	1022	36	파닭윙봉스치킨
50	1070	36	28,000원
50	1128	36	콜라겐 성분이 다량 함유되어 피부 미용과 영양 섭취에 최고인 부분육의 대표메뉴
50	1206	36	간장윙봉스치킨
50	1260	36	28,000원
50	1318	36	콜라겐 성분이 다량 함유되어 피부 미용과 영양 섭취에 최고인 부분육의 대표메뉴
50	1435	36	불패윙봉스치킨
50	1441	121	지금 와우 가입하면 배달비 0원 + 25,000원 쿠폰
50	1458	781	가입하기
50	1483	36	28,000원
50	1541	36	콜라겐 성분이 다량 함유되어 피부 미용과 영양 섭취에 최고인 부분육의 대표메뉴
50	1556	24	배달비 0원 + 3,000원 쿠폰
51	41	36	왓더핫(마일드)윙봉스치킨
51	66	155	자담치킨 서초교대점 내 메뉴를 찾아보세요
51	147	36	콜라겐 성분으로 더욱 쫄깃한 윙봉스치킨에 강렬한 불닭소스와 매콤한 스리라차 소스, 크러시드 레드페퍼까지 더해져 진짜 맛있게 매운 치킨
51	151	114	윙봉스치킨 메뉴
51	151	334	3반세트메뉴
51	151	517	반마리 메뉴
51	151	693	피자메뉴
51	151	841	사이드 메뉴
51	182	51	3 / 3
51	248	317	자담치킨 서초교대점
51	266	36	마튀니윙봉스치킨
51	298	404	4.9(1,532)
51	314	36	28,000원
51	372	36	달달 짭조름한 허니갈릭소스와 황금빛 마늘 후레이크 시즈닝에 바삭한 통마늘 토핑을 더해 고소한 마늘 풍미를 풍부하게 즐길 수 있는 윙봉스치킨
51	450	63	100% (1개)
51	535	36	파닭윙봉스치킨
51	583	36	28,000원
51	641	36	콜라겐 성분이 다량 함유되어 피부 미용과 영양 섭취에 최고인 부분육의 대표메뉴
51	719	36	간장윙봉스치킨
51	773	36	28,000원
51	831	36	콜라겐 성분이 다량 함유되어 피부 미용과 영양 섭취에 최고인 부분육의 대표메뉴
51	948	36	불패윙봉스치킨
51	996	36	28,000원
51	1054	36	콜라겐 성분이 다량 함유되어 피부 미용과 영양 섭취에 최고인 부분육의 대표메뉴
51	1143	36	치요링윙봉스치킨
51	1191	36	28,000원
51	1249	36	콜라겐 성분이 다량 함유되어 피부 미용과 영양 섭취에 최고인 부분육의 대표메뉴
51	1338	36	크리미양파윙봉스치킨
51	1386	36	28,000원
51	1441	121	지금 와우 가입하면 배달비 0원 + 25,000원 쿠폰
51	1444	36	콜라겐 성분이 다량 함유되어 피부 미용과 영양 섭취에 최고인 부분육의 대표메뉴
51	1458	781	가입하기
51	1552	42	3반세트메뉴
51	1556	24	배달비 0원 + 3,000원 쿠폰
52	0	0	100% (16개)
52	0	0	ㆍ
52	0	0	리뷰 (8)
52	48	36	파닭윙봉스치킨
52	66	155	자담치킨 서초교대점 내 메뉴를 찾아보세요
52	132	36	28,000원
52	151	114	윙봉스치킨 메뉴
52	151	334	3반세트메뉴
52	151	517	반마리 메뉴
52	151	693	피자메뉴
52	151	841	사이드 메뉴
52	154	36	콜라겐 성분이 다량 함유되어 피부 미용과 영양 섭취에 최고인 부분육의 대표메뉴
52	182	51	1 / 3
52	232	36	간장윙봉스치킨
52	248	317	자담치킨 서초교대점
52	286	36	28,000원
52	298	404	4.9(1,532)
52	344	36	콜라겐 성분이 다량 함유되어 피부 미용과 영양 섭취에 최고인 부분육의 대표메뉴
52	461	36	불패윙봉스치킨
52	509	36	28,000원
52	567	36	콜라겐 성분이 다량 함유되어 피부 미용과 영양 섭취에 최고인 부분육의 대표메뉴
52	656	36	치요링윙봉스치킨
52	704	36	28,000원
52	762	36	콜라겐 성분이 다량 함유되어 피부 미용과 영양 섭취에 최고인 부분육의 대표메뉴
52	851	36	크리미양파윙봉스치킨
52	899	36	28,000원
52	957	36	콜라겐 성분이 다량 함유되어 피부 미용과 영양 섭취에 최고인 부분육의 대표메뉴
52	1065	42	3반세트메뉴
52	1147	36	3반치킨세트(후라이드+양념+1가지맛선택)
52	1201	36	35,000원
52	1259	36	정가 36,500원에서 1,500원 할인, 35,000원에 즐길 수 있는 세트 메뉴 세가지맛을 동시에 즐길 수 있는 후라이드치킨세트
52	1337	63	100% (6개)
52	1337	149	ㆍ
52	1337	193	리뷰 (1)
52	1411	36	3반순살치킨세트(후라이드+양념+1가지맛선택)
52	1441	121	지금 와우 가입하면 배달비 0원 + 25,000원 쿠폰
52	1458	781	가입하기
52	1465	36	37,500원
52	1523	36	정가 39,500원에서 2,000원 할인, 37,500원에 즐길 수 있는 세트 메뉴 세가지맛을 동시에 즐길 수 있는 순살치킨세트
52	1556	24	배달비 0원 + 3,000원 쿠폰
53	0	36	불패윙봉스치킨
53	66	155	자담치킨 서초교대점 내 메뉴를 찾아보세요
53	80	36	콜라겐 성분이 다량 함유되어 피부 미용과 영양 섭취에 최고인 부분육의 대표메뉴
53	151	114	윙봉스치킨 메뉴
53	151	334	3반세트메뉴
53	151	517	반마리 메뉴
53	151	693	피자메뉴
53	151	841	사이드 메뉴
53	169	36	치요링윙봉스치킨
53	182	51	2 / 3
53	217	36	28,000원
53	248	317	자담치킨 서초교대점
53	275	36	콜라겐 성분이 다량 함유되어 피부 미용과 영양 섭취에 최고인 부분육의 대표메뉴
53	298	404	4.9(1,532)
53	364	36	크리미양파윙봉스치킨
53	412	36	28,000원
53	470	36	콜라겐 성분이 다량 함유되어 피부 미용과 영양 섭취에 최고인 부분육의 대표메뉴
53	578	42	3반세트메뉴
53	660	36	3반치킨세트(후라이드+양념+1가지맛선택)
53	714	36	35,000원
53	772	36	정가 36,500원에서 1,500원 할인, 35,000원에 즐길 수 있는 세트 메뉴 세가지맛을 동시에 즐길 수 있는 후라이드치킨세트
53	850	63	100% (6개)
53	850	149	ㆍ
53	850	193	리뷰 (1)
53	924	36	3반순살치킨세트(후라이드+양념+1가지맛선택)
53	978	36	37,500원
53	1036	36	정가 39,500원에서 2,000원 할인, 37,500원에 즐길 수 있는 세트 메뉴 세가지맛을 동시에 즐길 수 있는 순살치킨세트
53	1114	63	100% (16개)
53	1114	159	ㆍ
53	1114	203	리뷰 (8)
53	1188	36	3반콤보치킨세트(후라이드+양념+1가지맛선택)
53	1242	36	39,500원
53	1300	36	정가 41,000원에서 1,500원 할인, 39,500원에 즐길 수 있는 세트 메뉴 세가지맛을 동시에 즐길 수 있는 콤보치킨세트
53	1378	63	100% (1개)
53	1378	149	ㆍ
53	1378	193	리뷰 (1)
53	1441	121	지금 와우 가입하면 배달비 0원 + 25,000원 쿠폰
53	1458	781	가입하기
53	1461	36	3반소보로순살치킨세트(후라이드순살반+양념순살반+소보로반)
53	1509	36	35,500원
53	1556	24	배달비 0원 + 3,000원 쿠폰
53	1567	36	정가 38,000원에서 2,500원 할인, 35,500원에 즐길 수 있는 세트 메뉴 세가지맛을 동시에 즐길 수 있는 순살치킨세트
54	66	155	자담치킨 서초교대점 내 메뉴를 찾아보세요
54	132	42	3반세트메뉴
54	151	114	3반세트메뉴
54	151	298	반마리 메뉴
54	151	474	피자메뉴
54	151	622	사이드 메뉴
54	151	798	안주 메뉴
54	175	36	3반치킨세트(후라이드+양념+1가지맛선택)
54	182	51	3 / 3
54	229	36	35,000원
54	248	317	자담치킨 서초교대점
54	287	36	정가 36,500원에서 1,500원 할인, 35,000원에 즐길 수 있는 세트 메뉴 세가지맛을 동시에 즐길 수 있는 후라이드치킨세트
54	298	404	4.9(1,532)
54	365	63	100% (6개)
54	365	149	ㆍ
54	365	193	리뷰 (1)
54	439	36	3반순살치킨세트(후라이드+양념+1가지맛선택)
54	493	36	37,500원
54	551	36	정가 39,500원에서 2,000원 할인, 37,500원에 즐길 수 있는 세트 메뉴 세가지맛을 동시에 즐길 수 있는 순살치킨세트
54	629	63	100% (16개)
54	629	159	ㆍ
54	629	203	리뷰 (8)
54	703	36	3반콤보치킨세트(후라이드+양념+1가지맛선택)
54	757	36	39,500원
54	815	36	정가 41,000원에서 1,500원 할인, 39,500원에 즐길 수 있는 세트 메뉴 세가지맛을 동시에 즐길 수 있는 콤보치킨세트
54	893	63	100% (1개)
54	893	149	ㆍ
54	893	193	리뷰 (1)
54	976	36	3반소보로순살치킨세트(후라이드순살반+양념순살반+소보로반)
54	1024	36	35,500원
54	1082	36	정가 38,000원에서 2,500원 할인, 35,500원에 즐길 수 있는 세트 메뉴 세가지맛을 동시에 즐길 수 있는 순살치킨세트
54	1201	36	3반치즈핑순살치킨세트(후라이드순살반+양념순살반+치즈핑반)
54	1249	36	37,500원
54	1307	36	정가 39,500원에서 2,000원 할인, 37,500원에 즐길 수 있는 세트 메뉴 세가지맛을 동시에 즐길 수 있는 순살치킨세트
54	1385	63	100% (1개)
54	1441	121	지금 와우 가입하면 배달비 0원 + 25,000원 쿠폰
54	1458	781	가입하기
54	1470	36	3반뿌슐랭순살치킨세트(후라이드순살반+양념순살반+뿌슐랭반)
54	1518	36	38,000원
54	1556	24	배달비 0원 + 3,000원 쿠폰
54	1576	36	정가 40,000원에서 2,000원 할인, 38,000원에 즐길 수 있는 세트 메뉴 세가지맛을 동시에 즐길 수 있는 순살치킨세트
55	0	0	(치킨무 제공/콜라 별도 구매) 1마리가 부담스러울때! 혼밥족들을 위한 실속 메뉴!
55	0	0	100% (15개)
55	0	0	3반순살치킨세트(후라이드+양념+1가지맛선택)
55	0	0	ㆍ
55	0	0	리뷰 (10)
55	57	36	정가 39,500원에서 2,000원 할인, 37,500원에 즐길 수 있는 세트 메뉴 세가지맛을 동시에 즐길 수 있는 순살치킨세트
55	66	155	자담치킨 서초교대점 내 메뉴를 찾아보세요
55	135	63	100% (16개)
55	135	159	ㆍ
55	135	203	리뷰 (8)
55	151	114	3반세트메뉴
55	151	298	반마리 메뉴
55	151	474	피자메뉴
55	151	622	사이드 메뉴
55	151	798	안주 메뉴
55	182	51	1 / 3
55	209	36	3반콤보치킨세트(후라이드+양념+1가지맛선택)
55	248	317	자담치킨 서초교대점
55	263	36	39,500원
55	298	404	4.9(1,532)
55	321	36	정가 41,000원에서 1,500원 할인, 39,500원에 즐길 수 있는 세트 메뉴 세가지맛을 동시에 즐길 수 있는 콤보치킨세트
55	399	63	100% (1개)
55	399	149	ㆍ
55	399	193	리뷰 (1)
55	482	36	3반소보로순살치킨세트(후라이드순살반+양념순살반+소보로반)
55	530	36	35,500원
55	588	36	정가 38,000원에서 2,500원 할인, 35,500원에 즐길 수 있는 세트 메뉴 세가지맛을 동시에 즐길 수 있는 순살치킨세트
55	707	36	3반치즈핑순살치킨세트(후라이드순살반+양념순살반+치즈핑반)
55	755	36	37,500원
55	813	36	정가 39,500원에서 2,000원 할인, 37,500원에 즐길 수 있는 세트 메뉴 세가지맛을 동시에 즐길 수 있는 순살치킨세트
55	891	63	100% (1개)
55	976	36	3반뿌슐랭순살치킨세트(후라이드순살반+양념순살반+뿌슐랭반)
55	1024	36	38,000원
55	1082	36	정가 40,000원에서 2,000원 할인, 38,000원에 즐길 수 있는 세트 메뉴 세가지맛을 동시에 즐길 수 있는 순살치킨세트
55	1220	42	반마리 메뉴
55	1302	36	후라이드 반마리
55	1356	36	14,000원
55	1414	36	(치킨무 제공/콜라 별도 구매) 1마리가 부담스러울때! 혼밥족들을 위한 실속 메뉴!
55	1441	121	지금 와우 가입하면 배달비 0원 + 25,000원 쿠폰
55	1458	781	가입하기
55	1492	63	100% (4개)
55	1492	149	ㆍ
55	1492	193	리뷰 (2)
55	1556	24	배달비 0원 + 3,000원 쿠폰
55	1566	36	순살 반마리
56	0	0	리뷰 (1)
56	0	36	3반소보로순살치킨세트(후라이드순살반+양념순살반+소보로반)
56	66	155	자담치킨 서초교대점 내 메뉴를 찾아보세요
56	91	36	정가 38,000원에서 2,500원 할인, 35,500원에 즐길 수 있는 세트 메뉴 세가지맛을 동시에 즐길 수 있는 순살치킨세트
56	151	114	3반세트메뉴
56	151	298	반마리 메뉴
56	151	474	피자메뉴
56	151	622	사이드 메뉴
56	151	798	안주 메뉴
56	182	51	2 / 3
56	210	36	3반치즈핑순살치킨세트(후라이드순살반+양념순살반+치즈핑반)
56	248	317	자담치킨 서초교대점
56	258	36	37,500원
56	298	404	4.9(1,532)
56	316	36	정가 39,500원에서 2,000원 할인, 37,500원에 즐길 수 있는 세트 메뉴 세가지맛을 동시에 즐길 수 있는 순살치킨세트
56	394	63	100% (1개)
56	479	36	3반뿌슐랭순살치킨세트(후라이드순살반+양념순살반+뿌슐랭반)
56	527	36	38,000원
56	585	36	정가 40,000원에서 2,000원 할인, 38,000원에 즐길 수 있는 세트 메뉴 세가지맛을 동시에 즐길 수 있는 순살치킨세트
56	723	42	반마리 메뉴
56	805	36	후라이드 반마리
56	859	36	14,000원
56	917	36	(치킨무 제공/콜라 별도 구매) 1마리가 부담스러울때! 혼밥족들을 위한 실속 메뉴!
56	995	63	100% (4개)
56	995	149	ㆍ
56	995	193	리뷰 (2)
56	1069	36	순살 반마리
56	1123	36	15,500원
56	1181	36	(치킨무 제공/콜라 별도 구매) 1마리가 부담스러울때! 혼밥족들을 위한 실속 메뉴!
56	1259	63	100% (15개)
56	1259	159	ㆍ
56	1259	203	리뷰 (10)
56	1363	42	피자메뉴
56	1441	121	지금 와우 가입하면 배달비 0원 + 25,000원 쿠폰
56	1445	36	페퍼로니화덕피자M
56	1458	781	가입하기
56	1499	36	16,900원
56	1556	24	배달비 0원 + 3,000원 쿠폰
56	1557	36	쫀득하고 담백한 화덕 도우의 풍미에 페퍼로니만의 진한 향과 매콤함을 즐길 수 있는 피자
57	0	0	큼직한 고추 속을 고기와 야채로 알차게 채워 바삭하게 튀겨낸 프리미엄 고추튀김
57	0	36	3반뿌슐랭순살치킨세트(후라이드순살반+양념순살반+뿌슐랭반)
57	66	155	자담치킨 서초교대점 내 메뉴를 찾아보세요
57	99	36	정가 40,000원에서 2,000원 할인, 38,000원에 즐길 수 있는 세트 메뉴 세가지맛을 동시에 즐길 수 있는 순살치킨세트
57	151	114	3반세트메뉴
57	151	298	반마리 메뉴
57	151	474	피자메뉴
57	151	622	사이드 메뉴
57	151	798	안주 메뉴
57	182	51	3 / 3
57	237	42	반마리 메뉴
57	248	317	자담치킨 서초교대점
57	298	404	4.9(1,532)
57	319	36	후라이드 반마리
57	373	36	14,000원
57	431	36	(치킨무 제공/콜라 별도 구매) 1마리가 부담스러울때! 혼밥족들을 위한 실속 메뉴!
57	509	63	100% (4개)
57	509	149	ㆍ
57	509	193	리뷰 (2)
57	583	36	순살 반마리
57	637	36	15,500원
57	695	36	(치킨무 제공/콜라 별도 구매) 1마리가 부담스러울때! 혼밥족들을 위한 실속 메뉴!
57	773	63	100% (15개)
57	773	159	ㆍ
57	773	203	리뷰 (10)
57	877	42	피자메뉴
57	959	36	페퍼로니화덕피자M
57	1013	36	16,900원
57	1071	36	쫀득하고 담백한 화덕 도우의 풍미에 페퍼로니만의 진한 향과 매콤함을 즐길 수 있는 피자
57	1149	63	리뷰 (1)
57	1223	36	맵슐랭화덕피자M
57	1277	36	18,900원
57	1335	36	쫀득하고 담백한 화덕 도우의 풍미에 자담치킨의 시그니처인 맵슐랭소스와 핫치킨이 환상적으로 어우러진 맵단 토핑 피자
57	1413	63	100% (1개)
57	1441	121	지금 와우 가입하면 배달비 0원 + 25,000원 쿠폰
57	1458	781	가입하기
57	1517	42	사이드 메뉴
57	1556	24	배달비 0원 + 3,000원 쿠폰
57	1599	36	고추튀김
58	0	0	바삭하고 고소한 라면 스낵 안에 육즙 가득하고 부드러운 100% 국내산 닭다리 순살!
58	66	155	자담치킨 서초교대점 내 메뉴를 찾아보세요
58	96	36	순살 반마리
58	150	36	15,500원
58	151	114	반마리 메뉴
58	151	290	피자메뉴
58	151	438	사이드 메뉴
58	151	614	안주 메뉴
58	151	768	소스
58	151	872	음료
58	182	51	1 / 3
58	208	36	(치킨무 제공/콜라 별도 구매) 1마리가 부담스러울때! 혼밥족들을 위한 실속 메뉴!
58	248	317	자담치킨 서초교대점
58	286	63	100% (15개)
58	286	159	ㆍ
58	286	203	리뷰 (10)
58	298	404	4.9(1,532)
58	390	42	피자메뉴
58	472	36	페퍼로니화덕피자M
58	526	36	16,900원
58	584	36	쫀득하고 담백한 화덕 도우의 풍미에 페퍼로니만의 진한 향과 매콤함을 즐길 수 있는 피자
58	662	63	리뷰 (1)
58	736	36	맵슐랭화덕피자M
58	790	36	18,900원
58	848	36	쫀득하고 담백한 화덕 도우의 풍미에 자담치킨의 시그니처인 맵슐랭소스와 핫치킨이 환상적으로 어우러진 맵단 토핑 피자
58	926	63	100% (1개)
58	1030	42	사이드 메뉴
58	1112	36	고추튀김
58	1166	36	8,000원
58	1224	36	큼직한 고추 속을 고기와 야채로 알차게 채워 바삭하게 튀겨낸 프리미엄 고추튀김
58	1332	36	칠리치즈스틱
58	1386	36	5,000원
58	1441	121	지금 와우 가입하면 배달비 0원 + 25,000원 쿠폰
58	1444	36	매콤 바삭한 튀김옷 속에 통모짜렐라 치즈가 쭈~욱! 매콤함 속에 고소함이 폭발하는 겉바속촉 치즈튀김
58	1458	781	가입하기
58	1522	63	리뷰 (1)
58	1556	24	배달비 0원 + 3,000원 쿠폰
58	1596	36	뿌슐랭치킨S(200g)
59	0	0	100% (2개)
59	0	0	ㆍ
59	0	0	다섯 가지 개성있는 식감과 모양으로 한 번에 푸짐하게 즐길 수 있는 감자튀김
59	0	0	리뷰 (1)
59	0	36	페퍼로니화덕피자M
59	66	155	자담치킨 서초교대점 내 메뉴를 찾아보세요
59	90	36	쫀득하고 담백한 화덕 도우의 풍미에 페퍼로니만의 진한 향과 매콤함을 즐길 수 있는 피자
59	151	134	피자메뉴
59	151	282	사이드 메뉴
59	151	458	안주 메뉴
59	151	612	소스
59	151	716	음료
59	151	820	주류
59	168	63	리뷰 (1)
59	182	51	2 / 3
59	242	36	맵슐랭화덕피자M
59	248	317	자담치킨 서초교대점
59	296	36	18,900원
59	298	404	4.9(1,532)
59	354	36	쫀득하고 담백한 화덕 도우의 풍미에 자담치킨의 시그니처인 맵슐랭소스와 핫치킨이 환상적으로 어우러진 맵단 토핑 피자
59	432	63	100% (1개)
59	536	42	사이드 메뉴
59	618	36	고추튀김
59	672	36	8,000원
59	730	36	큼직한 고추 속을 고기와 야채로 알차게 채워 바삭하게 튀겨낸 프리미엄 고추튀김
59	838	36	칠리치즈스틱
59	892	36	5,000원
59	950	36	매콤 바삭한 튀김옷 속에 통모짜렐라 치즈가 쭈~욱! 매콤함 속에 고소함이 폭발하는 겉바속촉 치즈튀김
59	1028	63	리뷰 (1)
59	1102	36	뿌슐랭치킨S(200g)
59	1156	36	6,900원
59	1214	36	바삭하고 고소한 라면 스낵 안에 육즙 가득하고 부드러운 100% 국내산 닭다리 순살!
59	1322	36	콘립너겟(150g)
59	1376	36	5,000원
59	1434	36	옥수수를 통째로! 갈비 모양 콘립을 바삭하게 튀겨 달달고소한 옥수수 풍미가 제대로 살아 있는 너겟
59	1441	121	지금 와우 가입하면 배달비 0원 + 25,000원 쿠폰
59	1458	781	가입하기
59	1512	63	100% (1개)
59	1512	149	ㆍ
59	1512	193	리뷰 (1)
59	1556	24	배달비 0원 + 3,000원 쿠폰
59	1586	36	모둠감자튀김
60	0	0	100% (1개)
60	0	0	ㆍ
60	0	0	리뷰 (1)
60	66	155	자담치킨 서초교대점 내 메뉴를 찾아보세요
60	123	36	고추튀김
60	151	134	피자메뉴
60	151	282	사이드 메뉴
60	151	458	안주 메뉴
60	151	612	소스
60	151	716	음료
60	151	820	주류
60	177	36	8,000원
60	182	51	3 / 3
60	235	36	큼직한 고추 속을 고기와 야채로 알차게 채워 바삭하게 튀겨낸 프리미엄 고추튀김
60	248	317	자담치킨 서초교대점
60	298	404	4.9(1,532)
60	343	36	칠리치즈스틱
60	397	36	5,000원
60	455	36	매콤 바삭한 튀김옷 속에 통모짜렐라 치즈가 쭈~욱! 매콤함 속에 고소함이 폭발하는 겉바속촉 치즈튀김
60	533	63	리뷰 (1)
60	607	36	뿌슐랭치킨S(200g)
60	661	36	6,900원
60	719	36	바삭하고 고소한 라면 스낵 안에 육즙 가득하고 부드러운 100% 국내산 닭다리 순살!
60	827	36	콘립너겟(150g)
60	881	36	5,000원
60	939	36	옥수수를 통째로! 갈비 모양 콘립을 바삭하게 튀겨 달달고소한 옥수수 풍미가 제대로 살아 있는 너겟
60	1017	63	100% (1개)
60	1017	149	ㆍ
60	1017	193	리뷰 (1)
60	1091	36	모둠감자튀김
60	1145	36	11,000원
60	1203	36	다섯 가지 개성있는 식감과 모양으로 한 번에 푸짐하게 즐길 수 있는 감자튀김
60	1281	63	100% (2개)
60	1281	149	ㆍ
60	1281	193	리뷰 (1)
60	1355	36	에그야채볶음밥
60	1409	36	4,500원
60	1441	121	지금 와우 가입하면 배달비 0원 + 25,000원 쿠폰
60	1458	781	가입하기
60	1467	36	정가 7,000원에서 35% 할인, 4,500원에 즐길 수 있는 에그야채볶음밥
60	1515	63	100% (1개)
60	1515	149	ㆍ
60	1515	193	리뷰 (2)
60	1556	24	배달비 0원 + 3,000원 쿠폰
60	1589	36	치즈핑(2조각)
61	0	0	100% (1개)
61	0	0	떡볶이+가락만두3개
61	66	155	자담치킨 서초교대점 내 메뉴를 찾아보세요
61	120	36	뿌슐랭치킨S(200g)
61	151	134	피자메뉴
61	151	282	사이드 메뉴
61	151	458	안주 메뉴
61	151	612	소스
61	151	716	음료
61	151	820	주류
61	174	36	6,900원
61	182	51	1 / 3
61	232	36	바삭하고 고소한 라면 스낵 안에 육즙 가득하고 부드러운 100% 국내산 닭다리 순살!
61	248	317	자담치킨 서초교대점
61	298	404	4.9(1,532)
61	340	36	콘립너겟(150g)
61	394	36	5,000원
61	452	36	옥수수를 통째로! 갈비 모양 콘립을 바삭하게 튀겨 달달고소한 옥수수 풍미가 제대로 살아 있는 너겟
61	530	63	100% (1개)
61	530	149	ㆍ
61	530	193	리뷰 (1)
61	604	36	모둠감자튀김
61	658	36	11,000원
61	716	36	다섯 가지 개성있는 식감과 모양으로 한 번에 푸짐하게 즐길 수 있는 감자튀김
61	794	63	100% (2개)
61	794	149	ㆍ
61	794	193	리뷰 (1)
61	868	36	에그야채볶음밥
61	922	36	4,500원
61	980	36	정가 7,000원에서 35% 할인, 4,500원에 즐길 수 있는 에그야채볶음밥
61	1028	63	100% (1개)
61	1028	149	ㆍ
61	1028	193	리뷰 (2)
61	1102	36	치즈핑(2조각)
61	1156	36	5,500원
61	1214	63	100% (1개)
61	1214	149	ㆍ
61	1214	193	리뷰 (1)
61	1315	36	3종사이드세트
61	1369	36	10,000원
61	1427	36	우유튀김10개+닭똥집100g+모짜감짜2개
61	1441	121	지금 와우 가입하면 배달비 0원 + 25,000원 쿠폰
61	1458	781	가입하기
61	1528	36	떡볶이만두세트
61	1556	24	배달비 0원 + 3,000원 쿠폰
61	1582	36	7,000원
62	0	0	100% (1개)
62	0	0	ㆍ
62	0	0	리뷰 (1)
62	0	0	평범한 만두라면 나오지 않았다! 파스타면을 돌돌 말은 독특한 만두피 속 육즙 가득한 풍미를 담은 신개념 만두
62	66	155	자담치킨 서초교대점 내 메뉴를 찾아보세요
62	118	36	모둠감자튀김
62	151	134	피자메뉴
62	151	282	사이드 메뉴
62	151	458	안주 메뉴
62	151	612	소스
62	151	716	음료
62	151	820	주류
62	172	36	11,000원
62	182	51	2 / 3
62	230	36	다섯 가지 개성있는 식감과 모양으로 한 번에 푸짐하게 즐길 수 있는 감자튀김
62	248	317	자담치킨 서초교대점
62	298	404	4.9(1,532)
62	308	63	100% (2개)
62	308	149	ㆍ
62	308	193	리뷰 (1)
62	382	36	에그야채볶음밥
62	436	36	4,500원
62	494	36	정가 7,000원에서 35% 할인, 4,500원에 즐길 수 있는 에그야채볶음밥
62	542	63	100% (1개)
62	542	149	ㆍ
62	542	193	리뷰 (2)
62	616	36	치즈핑(2조각)
62	670	36	5,500원
62	728	63	100% (1개)
62	728	149	ㆍ
62	728	193	리뷰 (1)
62	829	36	3종사이드세트
62	883	36	10,000원
62	941	36	우유튀김10개+닭똥집100g+모짜감짜2개
62	1042	36	떡볶이만두세트
62	1096	36	7,000원
62	1154	36	떡볶이+가락만두3개
62	1202	63	100% (1개)
62	1276	36	로제떡볶이만두세트
62	1330	36	8,000원
62	1388	36	로제떡볶이+가락만두3개
62	1441	121	지금 와우 가입하면 배달비 0원 + 25,000원 쿠폰
62	1458	781	가입하기
62	1489	36	가락만두
62	1543	36	4,500원
62	1556	24	배달비 0원 + 3,000원 쿠폰
63	0	0	100% (3개)
63	0	0	토마토 소스와 소고기로 만든 볼로네제 소스에 치즈를 더해 고소한 풍미가 가득한 자담 파스타
63	66	155	자담치킨 서초교대점 내 메뉴를 찾아보세요
63	122	36	치즈핑(2조각)
63	151	134	피자메뉴
63	151	282	사이드 메뉴
63	151	458	안주 메뉴
63	151	612	소스
63	151	716	음료
63	151	820	주류
63	176	36	5,500원
63	182	51	3 / 3
63	234	63	100% (1개)
63	234	149	ㆍ
63	234	193	리뷰 (1)
63	248	317	자담치킨 서초교대점
63	298	404	4.9(1,532)
63	335	36	3종사이드세트
63	389	36	10,000원
63	447	36	우유튀김10개+닭똥집100g+모짜감짜2개
63	548	36	떡볶이만두세트
63	602	36	7,000원
63	660	36	떡볶이+가락만두3개
63	708	63	100% (1개)
63	782	36	로제떡볶이만두세트
63	836	36	8,000원
63	894	36	로제떡볶이+가락만두3개
63	995	36	가락만두
63	1049	36	4,500원
63	1107	36	평범한 만두라면 나오지 않았다! 파스타면을 돌돌 말은 독특한 만두피 속 육즙 가득한 풍미를 담은 신개념 만두
63	1185	63	100% (1개)
63	1185	149	ㆍ
63	1185	193	리뷰 (1)
63	1259	36	소떡소떡
63	1313	36	3,000원
63	1371	36	바삭하게 튀겨낸 소시지와 담백한 떡의 조화로 누구나 입 안 가득 행복을 느낄 수 있는 영양간식
63	1441	121	지금 와우 가입하면 배달비 0원 + 25,000원 쿠폰
63	1449	63	100% (1개)
63	1458	781	가입하기
63	1523	36	자담볼로네제파스타
63	1556	24	배달비 0원 + 3,000원 쿠폰
63	1577	36	6,800원
64	0	0	올록볼록 바삭한 튀김옷에 싸인 부드러운 국내산 닭가슴살의 담백한 맛
64	52	36	떡볶이만두세트
64	66	155	자담치킨 서초교대점 내 메뉴를 찾아보세요
64	132	36	7,000원
64	151	134	피자메뉴
64	151	282	사이드 메뉴
64	151	458	안주 메뉴
64	151	612	소스
64	151	716	음료
64	151	820	주류
64	164	36	떡볶이+가락만두3개
64	182	51	1 / 3
64	212	63	100% (1개)
64	248	317	자담치킨 서초교대점
64	286	36	로제떡볶이만두세트
64	298	404	4.9(1,532)
64	340	36	8,000원
64	398	36	로제떡볶이+가락만두3개
64	499	36	가락만두
64	553	36	4,500원
64	611	36	평범한 만두라면 나오지 않았다! 파스타면을 돌돌 말은 독특한 만두피 속 육즙 가득한 풍미를 담은 신개념 만두
64	689	63	100% (1개)
64	689	149	ㆍ
64	689	193	리뷰 (1)
64	763	36	소떡소떡
64	817	36	3,000원
64	875	36	바삭하게 튀겨낸 소시지와 담백한 떡의 조화로 누구나 입 안 가득 행복을 느낄 수 있는 영양간식
64	953	63	100% (1개)
64	1027	36	자담볼로네제파스타
64	1081	36	6,800원
64	1139	36	토마토 소스와 소고기로 만든 볼로네제 소스에 치즈를 더해 고소한 풍미가 가득한 자담 파스타
64	1217	63	100% (3개)
64	1291	36	소보로치킨S(190g)
64	1345	36	5,500원
64	1403	36	올록볼록 바삭한 튀김옷에 싸인 부드러운 국내산 닭가슴살의 담백한 맛
64	1441	121	지금 와우 가입하면 배달비 0원 + 25,000원 쿠폰
64	1451	63	리뷰 (2)
64	1458	781	가입하기
64	1525	36	소보로치킨M(370g)
64	1556	24	배달비 0원 + 3,000원 쿠폰
64	1579	36	10,500원
65	0	0	리뷰 (3)
65	5	36	가락만두
65	66	155	자담치킨 서초교대점 내 메뉴를 찾아보세요
65	117	36	평범한 만두라면 나오지 않았다! 파스타면을 돌돌 말은 독특한 만두피 속 육즙 가득한 풍미를 담은 신개념 만두
65	151	134	피자메뉴
65	151	282	사이드 메뉴
65	151	458	안주 메뉴
65	151	612	소스
65	151	716	음료
65	151	820	주류
65	182	51	2 / 3
65	195	63	100% (1개)
65	195	149	ㆍ
65	195	193	리뷰 (1)
65	248	317	자담치킨 서초교대점
65	269	36	소떡소떡
65	298	404	4.9(1,532)
65	323	36	3,000원
65	381	36	바삭하게 튀겨낸 소시지와 담백한 떡의 조화로 누구나 입 안 가득 행복을 느낄 수 있는 영양간식
65	459	63	100% (1개)
65	533	36	자담볼로네제파스타
65	587	36	6,800원
65	645	36	토마토 소스와 소고기로 만든 볼로네제 소스에 치즈를 더해 고소한 풍미가 가득한 자담 파스타
65	723	63	100% (3개)
65	797	36	소보로치킨S(190g)
65	851	36	5,500원
65	909	36	올록볼록 바삭한 튀김옷에 싸인 부드러운 국내산 닭가슴살의 담백한 맛
65	957	63	리뷰 (2)
65	1031	36	소보로치킨M(370g)
65	1085	36	10,500원
65	1143	36	올록볼록 바삭한 튀김옷에 싸인 부드러운 국내산 닭가슴살의 담백한 맛
65	1244	36	앙꼬듬뿍 붕어빵
65	1298	36	3,500원
65	1356	36	팥앙금이 많이 들어가 있으며, 바삭한 프리미엄 붕어빵
65	1441	121	지금 와우 가입하면 배달비 0원 + 25,000원 쿠폰
65	1457	36	어포튀김
65	1458	781	가입하기
65	1511	36	4,000원
65	1556	24	배달비 0원 + 3,000원 쿠폰
65	1569	36	손을 멈출수 없는 마성의 풍미. 3대가 즐기는 추억의 간식
66	40	36	자담볼로네제파스타
66	66	155	자담치킨 서초교대점 내 메뉴를 찾아보세요
66	132	36	6,800원
66	151	134	피자메뉴
66	151	282	사이드 메뉴
66	151	458	안주 메뉴
66	151	612	소스
66	151	716	음료
66	151	820	주류
66	152	36	토마토 소스와 소고기로 만든 볼로네제 소스에 치즈를 더해 고소한 풍미가 가득한 자담 파스타
66	182	51	3 / 3
66	230	63	100% (3개)
66	248	317	자담치킨 서초교대점
66	298	404	4.9(1,532)
66	304	36	소보로치킨S(190g)
66	358	36	5,500원
66	416	36	올록볼록 바삭한 튀김옷에 싸인 부드러운 국내산 닭가슴살의 담백한 맛
66	464	63	리뷰 (2)
66	538	36	소보로치킨M(370g)
66	592	36	10,500원
66	650	36	올록볼록 바삭한 튀김옷에 싸인 부드러운 국내산 닭가슴살의 담백한 맛
66	751	36	앙꼬듬뿍 붕어빵
66	805	36	3,500원
66	863	36	팥앙금이 많이 들어가 있으며, 바삭한 프리미엄 붕어빵
66	964	36	어포튀김
66	1018	36	4,000원
66	1076	36	손을 멈출수 없는 마성의 풍미. 3대가 즐기는 추억의 간식
66	1124	63	리뷰 (3)
66	1207	36	찹쌀볼(오리지널)
66	1255	36	4,000원
66	1313	36	찹쌀의 쫄깃한 풍미가 침샘과 협연하다가 정신차리고 보면 이미 없어지는 순삭 메뉴!
66	1391	36	찹쌀볼(치요링)
66	1441	121	지금 와우 가입하면 배달비 0원 + 25,000원 쿠폰
66	1445	36	5,000원
66	1458	781	가입하기
66	1503	36	찹쌀의 쫄깃한 풍미가 침샘과 협연하다가 정신차리고 보면 이미 없어지는 순삭 메뉴!
66	1556	24	배달비 0원 + 3,000원 쿠폰
66	1581	63	리뷰 (3)
67	54	36	소보로치킨M(370g)
67	66	155	자담치킨 서초교대점 내 메뉴를 찾아보세요
67	132	36	10,500원
67	151	134	피자메뉴
67	151	282	사이드 메뉴
67	151	458	안주 메뉴
67	151	612	소스
67	151	716	음료
67	151	820	주류
67	166	36	올록볼록 바삭한 튀김옷에 싸인 부드러운 국내산 닭가슴살의 담백한 맛
67	182	51	1 / 3
67	248	317	자담치킨 서초교대점
67	267	36	앙꼬듬뿍 붕어빵
67	298	404	4.9(1,532)
67	321	36	3,500원
67	379	36	팥앙금이 많이 들어가 있으며, 바삭한 프리미엄 붕어빵
67	480	36	어포튀김
67	534	36	4,000원
67	592	36	손을 멈출수 없는 마성의 풍미. 3대가 즐기는 추억의 간식
67	640	63	리뷰 (3)
67	723	36	찹쌀볼(오리지널)
67	771	36	4,000원
67	829	36	찹쌀의 쫄깃한 풍미가 침샘과 협연하다가 정신차리고 보면 이미 없어지는 순삭 메뉴!
67	907	36	찹쌀볼(치요링)
67	961	36	5,000원
67	1019	36	찹쌀의 쫄깃한 풍미가 침샘과 협연하다가 정신차리고 보면 이미 없어지는 순삭 메뉴!
67	1097	63	리뷰 (3)
67	1171	36	모짜감짜(오리지널)
67	1225	36	4,000원
67	1283	36	자연치즈와 통모짜렐라치즈가 듬뿍담긴 핫도그와 감자의 조화!
67	1331	63	리뷰 (2)
67	1405	36	모짜감짜(치요링)
67	1441	121	지금 와우 가입하면 배달비 0원 + 25,000원 쿠폰
67	1458	781	가입하기
67	1459	36	5,000원
67	1517	36	자연치즈와 통모짜렐라치즈가 듬뿍담긴 핫도그와 감자의 조화!
67	1556	24	배달비 0원 + 3,000원 쿠폰
67	1565	63	리뷰 (1)
68	0	0	리뷰 (9)
68	0	0	바삭하고 고소한 감자스틱
68	0	0	크런치감자스틱
68	0	36	어포튀김
68	66	155	자담치킨 서초교대점 내 메뉴를 찾아보세요
68	107	36	손을 멈출수 없는 마성의 풍미. 3대가 즐기는 추억의 간식
68	151	134	피자메뉴
68	151	282	사이드 메뉴
68	151	458	안주 메뉴
68	151	612	소스
68	151	716	음료
68	151	820	주류
68	155	63	리뷰 (3)
68	182	51	2 / 3
68	238	36	찹쌀볼(오리지널)
68	248	317	자담치킨 서초교대점
68	286	36	4,000원
68	298	404	4.9(1,532)
68	344	36	찹쌀의 쫄깃한 풍미가 침샘과 협연하다가 정신차리고 보면 이미 없어지는 순삭 메뉴!
68	422	36	찹쌀볼(치요링)
68	476	36	5,000원
68	534	36	찹쌀의 쫄깃한 풍미가 침샘과 협연하다가 정신차리고 보면 이미 없어지는 순삭 메뉴!
68	612	63	리뷰 (3)
68	686	36	모짜감짜(오리지널)
68	740	36	4,000원
68	798	36	자연치즈와 통모짜렐라치즈가 듬뿍담긴 핫도그와 감자의 조화!
68	846	63	리뷰 (2)
68	920	36	모짜감짜(치요링)
68	974	36	5,000원
68	1032	36	자연치즈와 통모짜렐라치즈가 듬뿍담긴 핫도그와 감자의 조화!
68	1080	63	리뷰 (1)
68	1154	36	자담치즈볼(오리지널)
68	1208	36	5,000원
68	1266	36	100% 자연치즈의 고소함이 가득한 치즈볼
68	1314	63	리뷰 (13)
68	1388	36	자담치즈볼(치요링)
68	1441	121	지금 와우 가입하면 배달비 0원 + 25,000원 쿠폰
68	1442	36	6,000원
68	1458	781	가입하기
68	1500	36	100% 자연치즈의 고소함이 가득한 치즈볼에 에멘탈치즈 시즈닝을 더한~
68	1548	63	리뷰 (5)
68	1556	24	배달비 0원 + 3,000원 쿠폰
69	0	0	리뷰 (4)
69	0	0	찹쌀볼(치요링)
69	0	0	튀김속에 우유가 가~득! 한입에 쏘~옥! 달달한 맛이 일품!
69	39	36	찹쌀의 쫄깃한 풍미가 침샘과 협연하다가 정신차리고 보면 이미 없어지는 순삭 메뉴!
69	66	155	자담치킨 서초교대점 내 메뉴를 찾아보세요
69	117	63	리뷰 (3)
69	151	134	피자메뉴
69	151	282	사이드 메뉴
69	151	458	안주 메뉴
69	151	612	소스
69	151	716	음료
69	151	820	주류
69	182	51	3 / 3
69	191	36	모짜감짜(오리지널)
69	245	36	4,000원
69	248	317	자담치킨 서초교대점
69	298	404	4.9(1,532)
69	303	36	자연치즈와 통모짜렐라치즈가 듬뿍담긴 핫도그와 감자의 조화!
69	351	63	리뷰 (2)
69	425	36	모짜감짜(치요링)
69	479	36	5,000원
69	537	36	자연치즈와 통모짜렐라치즈가 듬뿍담긴 핫도그와 감자의 조화!
69	585	63	리뷰 (1)
69	659	36	자담치즈볼(오리지널)
69	713	36	5,000원
69	771	36	100% 자연치즈의 고소함이 가득한 치즈볼
69	819	63	리뷰 (13)
69	893	36	자담치즈볼(치요링)
69	947	36	6,000원
69	1005	36	100% 자연치즈의 고소함이 가득한 치즈볼에 에멘탈치즈 시즈닝을 더한~
69	1053	63	리뷰 (5)
69	1127	36	크런치감자스틱
69	1181	36	4,000원
69	1239	36	바삭하고 고소한 감자스틱
69	1287	63	리뷰 (9)
69	1361	36	치요링감자스틱
69	1415	36	5,000원
69	1441	121	지금 와우 가입하면 배달비 0원 + 25,000원 쿠폰
69	1458	781	가입하기
69	1473	36	바삭하고 고소한 감자스틱에 달콤한 치요링시즈닝을 입힌 메뉴
69	1521	63	리뷰 (1)
69	1556	24	배달비 0원 + 3,000원 쿠폰
69	1595	36	우유튀김
70	0	0	리뷰 (2)
70	0	0	모짜감짜(치요링)
70	0	0	진한 부드러움속에 매콤함이 가득! 황금레시피가 입맛을 사로잡다.
70	44	36	자연치즈와 통모짜렐라치즈가 듬뿍담긴 핫도그와 감자의 조화!
70	66	155	자담치킨 서초교대점 내 메뉴를 찾아보세요
70	92	63	리뷰 (1)
70	151	134	피자메뉴
70	151	282	사이드 메뉴
70	151	458	안주 메뉴
70	151	612	소스
70	151	716	음료
70	151	820	주류
70	166	36	자담치즈볼(오리지널)
70	182	51	1 / 3
70	220	36	5,000원
70	248	317	자담치킨 서초교대점
70	278	36	100% 자연치즈의 고소함이 가득한 치즈볼
70	298	404	4.9(1,532)
70	326	63	리뷰 (13)
70	400	36	자담치즈볼(치요링)
70	454	36	6,000원
70	512	36	100% 자연치즈의 고소함이 가득한 치즈볼에 에멘탈치즈 시즈닝을 더한~
70	560	63	리뷰 (5)
70	634	36	크런치감자스틱
70	688	36	4,000원
70	746	36	바삭하고 고소한 감자스틱
70	794	63	리뷰 (9)
70	868	36	치요링감자스틱
70	922	36	5,000원
70	980	36	바삭하고 고소한 감자스틱에 달콤한 치요링시즈닝을 입힌 메뉴
70	1028	63	리뷰 (1)
70	1102	36	우유튀김
70	1156	36	5,000원
70	1214	36	튀김속에 우유가 가~득! 한입에 쏘~옥! 달달한 맛이 일품!
70	1262	63	리뷰 (4)
70	1336	36	조아떡볶이
70	1390	36	5,000원
70	1441	121	지금 와우 가입하면 배달비 0원 + 25,000원 쿠폰
70	1448	36	매콤한 떡볶이와 치킨의 환상조화
70	1458	781	가입하기
70	1496	63	리뷰 (4)
70	1556	24	배달비 0원 + 3,000원 쿠폰
70	1570	36	매콤로제떡볶이
71	0	0	국내산 닭근위의 매콤하고 질리지 않는 맛!
71	0	0	리뷰 (6)
71	66	155	자담치킨 서초교대점 내 메뉴를 찾아보세요
71	146	36	크런치감자스틱
71	151	134	피자메뉴
71	151	282	사이드 메뉴
71	151	458	안주 메뉴
71	151	612	소스
71	151	716	음료
71	151	820	주류
71	182	51	2 / 3
71	200	36	4,000원
71	248	317	자담치킨 서초교대점
71	258	36	바삭하고 고소한 감자스틱
71	298	404	4.9(1,532)
71	306	63	리뷰 (9)
71	380	36	치요링감자스틱
71	434	36	5,000원
71	492	36	바삭하고 고소한 감자스틱에 달콤한 치요링시즈닝을 입힌 메뉴
71	540	63	리뷰 (1)
71	614	36	우유튀김
71	668	36	5,000원
71	726	36	튀김속에 우유가 가~득! 한입에 쏘~옥! 달달한 맛이 일품!
71	774	63	리뷰 (4)
71	848	36	조아떡볶이
71	902	36	5,000원
71	960	36	매콤한 떡볶이와 치킨의 환상조화
71	1008	63	리뷰 (4)
71	1082	36	매콤로제떡볶이
71	1136	36	6,000원
71	1194	36	진한 부드러움속에 매콤함이 가득! 황금레시피가 입맛을 사로잡다.
71	1242	63	리뷰 (2)
71	1316	36	불꽃오징어튀김
71	1370	36	8,000원
71	1428	36	기름에 튀겨내어 바삭하고 짭짤한 통오징어 튀김
71	1441	121	지금 와우 가입하면 배달비 0원 + 25,000원 쿠폰
71	1458	781	가입하기
71	1529	36	매콤똥집튀김
71	1556	24	배달비 0원 + 3,000원 쿠폰
71	1583	36	11,000원
72	0	0	김치어묵우동
72	0	0	얼큰하고 시원한 김치우동에 어묵까지 푸짐하게! 속까지 든든하게 채워주는 메뉴
72	66	155	자담치킨 서초교대점 내 메뉴를 찾아보세요
72	128	36	우유튀김
72	151	134	피자메뉴
72	151	282	사이드 메뉴
72	151	458	안주 메뉴
72	151	612	소스
72	151	716	음료
72	151	820	주류
72	182	36	5,000원
72	182	51	3 / 3
72	240	36	튀김속에 우유가 가~득! 한입에 쏘~옥! 달달한 맛이 일품!
72	248	317	자담치킨 서초교대점
72	288	63	리뷰 (4)
72	298	404	4.9(1,532)
72	362	36	조아떡볶이
72	416	36	5,000원
72	474	36	매콤한 떡볶이와 치킨의 환상조화
72	522	63	리뷰 (4)
72	596	36	매콤로제떡볶이
72	650	36	6,000원
72	708	36	진한 부드러움속에 매콤함이 가득! 황금레시피가 입맛을 사로잡다.
72	756	63	리뷰 (2)
72	830	36	불꽃오징어튀김
72	884	36	8,000원
72	942	36	기름에 튀겨내어 바삭하고 짭짤한 통오징어 튀김
72	1043	36	매콤똥집튀김
72	1097	36	11,000원
72	1155	36	국내산 닭근위의 매콤하고 질리지 않는 맛!
72	1203	63	리뷰 (6)
72	1277	36	새우튀김
72	1331	36	6,000원
72	1441	121	지금 와우 가입하면 배달비 0원 + 25,000원 쿠폰
72	1458	781	가입하기
72	1520	42	안주 메뉴
72	1556	24	배달비 0원 + 3,000원 쿠폰
73	0	0	고소한 번데기에 청양고추와 대파를 넣고 칼칼하게 끓여낸 추억의 국물 메뉴
73	66	155	자담치킨 서초교대점 내 메뉴를 찾아보세요
73	111	36	매콤로제떡볶이
73	151	134	피자메뉴
73	151	282	사이드 메뉴
73	151	458	안주 메뉴
73	151	612	소스
73	151	716	음료
73	151	820	주류
73	165	36	6,000원
73	182	51	1 / 3
73	223	36	진한 부드러움속에 매콤함이 가득! 황금레시피가 입맛을 사로잡다.
73	248	317	자담치킨 서초교대점
73	271	63	리뷰 (2)
73	298	404	4.9(1,532)
73	345	36	불꽃오징어튀김
73	399	36	8,000원
73	457	36	기름에 튀겨내어 바삭하고 짭짤한 통오징어 튀김
73	558	36	매콤똥집튀김
73	612	36	11,000원
73	670	36	국내산 닭근위의 매콤하고 질리지 않는 맛!
73	718	63	리뷰 (6)
73	792	36	새우튀김
73	846	36	6,000원
73	1035	42	안주 메뉴
73	1117	36	김치어묵우동
73	1171	36	17,000원
73	1229	36	얼큰하고 시원한 김치우동에 어묵까지 푸짐하게! 속까지 든든하게 채워주는 메뉴
73	1337	36	백합골뱅이탕
73	1391	36	15,000원
73	1441	121	지금 와우 가입하면 배달비 0원 + 25,000원 쿠폰
73	1449	36	백합조개와 쫄깃한 골뱅이의 만남. 홍합과 청양고추까지 더해 시원하게 속을 풀어주는 일품 안주
73	1458	781	가입하기
73	1556	24	배달비 0원 + 3,000원 쿠폰
73	1557	36	번데기탕
74	0	0	신선한 소시지와 볶음야채 그리고 감자튀김까지
74	66	155	자담치킨 서초교대점 내 메뉴를 찾아보세요
74	73	36	매콤똥집튀김
74	132	36	11,000원
74	151	134	피자메뉴
74	151	282	사이드 메뉴
74	151	458	안주 메뉴
74	151	612	소스
74	151	716	음료
74	151	820	주류
74	182	51	2 / 3
74	185	36	국내산 닭근위의 매콤하고 질리지 않는 맛!
74	233	63	리뷰 (6)
74	248	317	자담치킨 서초교대점
74	298	404	4.9(1,532)
74	307	36	새우튀김
74	361	36	6,000원
74	550	42	안주 메뉴
74	632	36	김치어묵우동
74	686	36	17,000원
74	744	36	얼큰하고 시원한 김치우동에 어묵까지 푸짐하게! 속까지 든든하게 채워주는 메뉴
74	852	36	백합골뱅이탕
74	906	36	15,000원
74	964	36	백합조개와 쫄깃한 골뱅이의 만남. 홍합과 청양고추까지 더해 시원하게 속을 풀어주는 일품 안주
74	1072	36	번데기탕
74	1126	36	7,000원
74	1184	36	고소한 번데기에 청양고추와 대파를 넣고 칼칼하게 끓여낸 추억의 국물 메뉴
74	1292	36	골뱅이소면
74	1346	36	17,000원
74	1404	36	최상급 골뱅이, 쫄깃한 소면에 신선한 야채가 가득
74	1441	121	지금 와우 가입하면 배달비 0원 + 25,000원 쿠폰
74	1452	63	리뷰 (3)
74	1458	781	가입하기
74	1526	36	모듬소시지
74	1556	24	배달비 0원 + 3,000원 쿠폰
74	1580	36	15,000원
75	66	155	자담치킨 서초교대점 내 메뉴를 찾아보세요
75	137	36	김치어묵우동
75	151	134	피자메뉴
75	151	282	사이드 메뉴
75	151	458	안주 메뉴
75	151	612	소스
75	151	716	음료
75	151	820	주류
75	182	51	3 / 3
75	191	36	17,000원
75	248	317	자담치킨 서초교대점
75	249	36	얼큰하고 시원한 김치우동에 어묵까지 푸짐하게! 속까지 든든하게 채워주는 메뉴
75	298	404	4.9(1,532)
75	357	36	백합골뱅이탕
75	411	36	15,000원
75	469	36	백합조개와 쫄깃한 골뱅이의 만남. 홍합과 청양고추까지 더해 시원하게 속을 풀어주는 일품 안주
75	577	36	번데기탕
75	631	36	7,000원
75	689	36	고소한 번데기에 청양고추와 대파를 넣고 칼칼하게 끓여낸 추억의 국물 메뉴
75	797	36	골뱅이소면
75	851	36	17,000원
75	909	36	최상급 골뱅이, 쫄깃한 소면에 신선한 야채가 가득
75	957	63	리뷰 (3)
75	1031	36	모듬소시지
75	1085	36	15,000원
75	1143	36	신선한 소시지와 볶음야채 그리고 감자튀김까지
75	1244	36	반건조오징어
75	1298	36	15,000원
75	1356	36	부드러운 반건조 오징어와 친구들을 동시에
75	1441	121	지금 와우 가입하면 배달비 0원 + 25,000원 쿠폰
75	1457	36	먹태
75	1458	781	가입하기
75	1511	36	15,000원
75	1556	24	배달비 0원 + 3,000원 쿠폰
75	1569	36	황태를 구워 담백한 맛이 최고
76	66	155	자담치킨 서초교대점 내 메뉴를 찾아보세요
76	82	36	번데기탕
76	136	36	7,000원
76	151	134	피자메뉴
76	151	282	사이드 메뉴
76	151	458	안주 메뉴
76	151	612	소스
76	151	716	음료
76	151	820	주류
76	182	51	1 / 3
76	194	36	고소한 번데기에 청양고추와 대파를 넣고 칼칼하게 끓여낸 추억의 국물 메뉴
76	248	317	자담치킨 서초교대점
76	298	404	4.9(1,532)
76	302	36	골뱅이소면
76	356	36	17,000원
76	414	36	최상급 골뱅이, 쫄깃한 소면에 신선한 야채가 가득
76	462	63	리뷰 (3)
76	536	36	모듬소시지
76	590	36	15,000원
76	648	36	신선한 소시지와 볶음야채 그리고 감자튀김까지
76	749	36	반건조오징어
76	803	36	15,000원
76	861	36	부드러운 반건조 오징어와 친구들을 동시에
76	962	36	먹태
76	1016	36	15,000원
76	1074	36	황태를 구워 담백한 맛이 최고
76	1175	36	노가리
76	1229	36	15,000원
76	1287	36	짭짤 담백한 노가리와 맥주 콜
76	1388	36	새우튀김
76	1441	121	지금 와우 가입하면 배달비 0원 + 25,000원 쿠폰
76	1442	36	8,000원
76	1458	781	가입하기
76	1556	24	배달비 0원 + 3,000원 쿠폰
77	41	36	모듬소시지
77	66	155	자담치킨 서초교대점 내 메뉴를 찾아보세요
77	132	36	15,000원
77	151	134	피자메뉴
77	151	282	사이드 메뉴
77	151	458	안주 메뉴
77	151	612	소스
77	151	716	음료
77	151	820	주류
77	153	36	신선한 소시지와 볶음야채 그리고 감자튀김까지
77	182	51	2 / 3
77	248	317	자담치킨 서초교대점
77	254	36	반건조오징어
77	298	404	4.9(1,532)
77	308	36	15,000원
77	366	36	부드러운 반건조 오징어와 친구들을 동시에
77	467	36	먹태
77	521	36	15,000원
77	579	36	황태를 구워 담백한 맛이 최고
77	680	36	노가리
77	734	36	15,000원
77	792	36	짭짤 담백한 노가리와 맥주 콜
77	893	36	새우튀김
77	947	36	8,000원
77	1136	42	소스
77	1227	36	바비큐맛시즈닝
77	1275	36	500원
77	1375	63	리뷰 (1)
77	1441	121	지금 와우 가입하면 배달비 0원 + 25,000원 쿠폰
77	1458	781	가입하기
77	1460	36	떡볶이맛시즈닝
77	1508	36	500원
77	1556	24	배달비 0원 + 3,000원 쿠폰
78	0	0	리뷰 (2)
78	0	36	먹태
78	66	155	자담치킨 서초교대점 내 메뉴를 찾아보세요
78	92	36	황태를 구워 담백한 맛이 최고
78	151	134	피자메뉴
78	151	282	사이드 메뉴
78	151	458	안주 메뉴
78	151	612	소스
78	151	716	음료
78	151	820	주류
78	182	51	3 / 3
78	193	36	노가리
78	247	36	15,000원
78	248	317	자담치킨 서초교대점
78	298	404	4.9(1,532)
78	305	36	짭짤 담백한 노가리와 맥주 콜
78	406	36	새우튀김
78	460	36	8,000원
78	649	42	소스
78	740	36	바비큐맛시즈닝
78	788	36	500원
78	888	63	리뷰 (1)
78	973	36	떡볶이맛시즈닝
78	1021	36	500원
78	1151	36	맵슐랭소스
78	1205	36	1,000원
78	1263	63	리뷰 (10)
78	1364	36	스윗망고소스
78	1418	36	1,000원
78	1441	121	지금 와우 가입하면 배달비 0원 + 25,000원 쿠폰
78	1458	781	가입하기
78	1556	24	배달비 0원 + 3,000원 쿠폰
78	1577	36	허니머스타드소스
79	0	0	리뷰 (4)
79	66	155	자담치킨 서초교대점 내 메뉴를 찾아보세요
79	151	134	피자메뉴
79	151	282	사이드 메뉴
79	151	458	안주 메뉴
79	151	612	소스
79	151	716	음료
79	151	820	주류
79	163	42	소스
79	182	51	1 / 3
79	248	317	자담치킨 서초교대점
79	254	36	바비큐맛시즈닝
79	298	404	4.9(1,532)
79	302	36	500원
79	402	63	리뷰 (1)
79	487	36	떡볶이맛시즈닝
79	535	36	500원
79	665	36	맵슐랭소스
79	719	36	1,000원
79	777	63	리뷰 (10)
79	878	36	스윗망고소스
79	932	36	1,000원
79	1091	36	허니머스타드소스
79	1145	36	1,000원
79	1203	63	리뷰 (2)
79	1304	36	양념소스
79	1358	36	1,000원
79	1416	63	리뷰 (11)
79	1441	121	지금 와우 가입하면 배달비 0원 + 25,000원 쿠폰
79	1458	781	가입하기
79	1517	36	치요링소스
79	1556	24	배달비 0원 + 3,000원 쿠폰
79	1571	36	1,000원
80	1527	36	배달비 0원 + 3,000원 쿠폰
81	48	90	60계치킨
81	387	36	메뉴 검색 결과가 없습니다. 다른 검색어를 입력해 보세요.
81	493	293	자담치킨 서초교대점(으)로 돌아가기
81	1556	36	배달비 0원 + 3,000원 쿠폰
82	1527	36	배달비 0원 + 3,000원 쿠폰
83	48	90	60계치킨
83	387	36	메뉴 검색 결과가 없습니다. 다른 검색어를 입력해 보세요.
83	493	293	자담치킨 서초교대점(으)로 돌아가기
83	1556	36	배달비 0원 + 3,000원 쿠폰
84	48	90	60계치킨
84	387	36	메뉴 검색 결과가 없습니다. 다른 검색어를 입력해 보세요.
84	493	293	자담치킨 서초교대점(으)로 돌아가기
84	1556	36	배달비 0원 + 3,000원 쿠폰
85	1527	36	배달비 0원 + 3,000원 쿠폰
86	48	90	60계치킨
86	387	36	메뉴 검색 결과가 없습니다. 다른 검색어를 입력해 보세요.
86	493	293	자담치킨 서초교대점(으)로 돌아가기
86	1556	36	배달비 0원 + 3,000원 쿠폰
87	48	90	60계치킨
87	387	36	메뉴 검색 결과가 없습니다. 다른 검색어를 입력해 보세요.
87	493	293	자담치킨 서초교대점(으)로 돌아가기
87	1556	36	배달비 0원 + 3,000원 쿠폰
88	48	90	60계치킨
88	387	36	메뉴 검색 결과가 없습니다. 다른 검색어를 입력해 보세요.
88	493	293	자담치킨 서초교대점(으)로 돌아가기
88	1556	36	배달비 0원 + 3,000원 쿠폰
89	48	90	60계치킨
89	387	36	메뉴 검색 결과가 없습니다. 다른 검색어를 입력해 보세요.
89	493	293	자담치킨 서초교대점(으)로 돌아가기
89	1556	36	배달비 0원 + 3,000원 쿠폰
90	48	90	60계치킨
90	387	36	메뉴 검색 결과가 없습니다. 다른 검색어를 입력해 보세요.
90	493	293	자담치킨 서초교대점(으)로 돌아가기
90	1556	36	배달비 0원 + 3,000원 쿠폰
91	48	90	60계치킨
91	387	36	메뉴 검색 결과가 없습니다. 다른 검색어를 입력해 보세요.
91	493	293	자담치킨 서초교대점(으)로 돌아가기
91	1556	36	배달비 0원 + 3,000원 쿠폰
92	48	90	60계치킨
92	387	36	메뉴 검색 결과가 없습니다. 다른 검색어를 입력해 보세요.
92	493	293	자담치킨 서초교대점(으)로 돌아가기
92	1556	36	배달비 0원 + 3,000원 쿠폰
93	1527	36	배달비 0원 + 3,000원 쿠폰
94	48	90	60계치킨
94	387	36	메뉴 검색 결과가 없습니다. 다른 검색어를 입력해 보세요.
94	493	293	자담치킨 서초교대점(으)로 돌아가기
94	1556	36	배달비 0원 + 3,000원 쿠폰
95	48	90	60계치킨
95	387	36	메뉴 검색 결과가 없습니다. 다른 검색어를 입력해 보세요.
95	493	293	자담치킨 서초교대점(으)로 돌아가기
95	1556	36	배달비 0원 + 3,000원 쿠폰
96	48	90	60계치킨
96	387	36	메뉴 검색 결과가 없습니다. 다른 검색어를 입력해 보세요.
96	493	293	자담치킨 서초교대점(으)로 돌아가기
96	1556	36	배달비 0원 + 3,000원 쿠폰
97	48	90	60계치킨
97	387	36	메뉴 검색 결과가 없습니다. 다른 검색어를 입력해 보세요.
97	493	293	자담치킨 서초교대점(으)로 돌아가기
97	1556	36	배달비 0원 + 3,000원 쿠폰
98	48	90	60계치킨
98	387	36	메뉴 검색 결과가 없습니다. 다른 검색어를 입력해 보세요.
98	493	293	자담치킨 서초교대점(으)로 돌아가기
98	1556	36	배달비 0원 + 3,000원 쿠폰
99	48	90	60계치킨
99	387	36	메뉴 검색 결과가 없습니다. 다른 검색어를 입력해 보세요.
99	493	293	자담치킨 서초교대점(으)로 돌아가기
99	1556	36	배달비 0원 + 3,000원 쿠폰
100	48	90	60계치킨
100	387	36	메뉴 검색 결과가 없습니다. 다른 검색어를 입력해 보세요.
100	493	293	자담치킨 서초교대점(으)로 돌아가기
100	1556	36	배달비 0원 + 3,000원 쿠폰
101	48	90	60계치킨
101	387	36	메뉴 검색 결과가 없습니다. 다른 검색어를 입력해 보세요.
101	493	293	자담치킨 서초교대점(으)로 돌아가기
101	1556	36	배달비 0원 + 3,000원 쿠폰
102	48	90	60계치킨
102	387	36	메뉴 검색 결과가 없습니다. 다른 검색어를 입력해 보세요.
102	493	293	자담치킨 서초교대점(으)로 돌아가기
102	1556	36	배달비 0원 + 3,000원 쿠폰
103	48	90	60계치킨
103	387	36	메뉴 검색 결과가 없습니다. 다른 검색어를 입력해 보세요.
103	493	293	자담치킨 서초교대점(으)로 돌아가기
103	1556	36	배달비 0원 + 3,000원 쿠폰
104	48	90	60계치킨
104	387	36	메뉴 검색 결과가 없습니다. 다른 검색어를 입력해 보세요.
104	493	293	자담치킨 서초교대점(으)로 돌아가기
104	1556	36	배달비 0원 + 3,000원 쿠폰
105	48	90	60계치킨
105	387	36	메뉴 검색 결과가 없습니다. 다른 검색어를 입력해 보세요.
105	493	293	자담치킨 서초교대점(으)로 돌아가기
105	1556	36	배달비 0원 + 3,000원 쿠폰
106	1527	36	배달비 0원 + 3,000원 쿠폰
107	48	90	60계치킨
107	387	36	메뉴 검색 결과가 없습니다. 다른 검색어를 입력해 보세요.
107	493	293	자담치킨 서초교대점(으)로 돌아가기
107	1556	36	배달비 0원 + 3,000원 쿠폰
108	48	90	60계치킨
108	387	36	메뉴 검색 결과가 없습니다. 다른 검색어를 입력해 보세요.
108	493	293	자담치킨 서초교대점(으)로 돌아가기
108	1556	36	배달비 0원 + 3,000원 쿠폰
109	48	90	60계치킨
109	387	36	메뉴 검색 결과가 없습니다. 다른 검색어를 입력해 보세요.
109	493	293	자담치킨 서초교대점(으)로 돌아가기
109	1556	36	배달비 0원 + 3,000원 쿠폰
110	48	90	60계치킨
110	387	36	메뉴 검색 결과가 없습니다. 다른 검색어를 입력해 보세요.
110	493	293	자담치킨 서초교대점(으)로 돌아가기
110	1556	36	배달비 0원 + 3,000원 쿠폰
111	48	90	60계치킨
111	387	36	메뉴 검색 결과가 없습니다. 다른 검색어를 입력해 보세요.
111	493	293	자담치킨 서초교대점(으)로 돌아가기
111	1556	36	배달비 0원 + 3,000원 쿠폰
112	48	90	60계치킨
112	387	36	메뉴 검색 결과가 없습니다. 다른 검색어를 입력해 보세요.
112	493	293	자담치킨 서초교대점(으)로 돌아가기
112	1556	36	배달비 0원 + 3,000원 쿠폰
113	48	90	60계치킨
113	387	36	메뉴 검색 결과가 없습니다. 다른 검색어를 입력해 보세요.
113	493	293	자담치킨 서초교대점(으)로 돌아가기
113	1556	36	배달비 0원 + 3,000원 쿠폰
114	48	90	60계치킨
114	387	36	메뉴 검색 결과가 없습니다. 다른 검색어를 입력해 보세요.
114	493	293	자담치킨 서초교대점(으)로 돌아가기
114	1556	36	배달비 0원 + 3,000원 쿠폰
115	48	90	60계치킨
115	387	36	메뉴 검색 결과가 없습니다. 다른 검색어를 입력해 보세요.
115	493	293	자담치킨 서초교대점(으)로 돌아가기
115	1556	36	배달비 0원 + 3,000원 쿠폰
116	48	90	60계치킨
116	387	36	메뉴 검색 결과가 없습니다. 다른 검색어를 입력해 보세요.
116	493	293	자담치킨 서초교대점(으)로 돌아가기
116	1556	36	배달비 0원 + 3,000원 쿠폰
117	48	90	60계치킨
117	387	36	메뉴 검색 결과가 없습니다. 다른 검색어를 입력해 보세요.
117	493	293	자담치킨 서초교대점(으)로 돌아가기
117	1556	36	배달비 0원 + 3,000원 쿠폰
118	48	90	60계치킨
118	387	36	메뉴 검색 결과가 없습니다. 다른 검색어를 입력해 보세요.
118	493	293	자담치킨 서초교대점(으)로 돌아가기
118	1556	36	배달비 0원 + 3,000원 쿠폰
119	48	90	60계치킨
119	387	36	메뉴 검색 결과가 없습니다. 다른 검색어를 입력해 보세요.
119	493	293	자담치킨 서초교대점(으)로 돌아가기
119	1556	36	배달비 0원 + 3,000원 쿠폰
120	48	90	60계치킨
120	387	36	메뉴 검색 결과가 없습니다. 다른 검색어를 입력해 보세요.
120	493	293	자담치킨 서초교대점(으)로 돌아가기
120	1556	36	배달비 0원 + 3,000원 쿠폰
121	48	90	60계치킨
121	387	36	메뉴 검색 결과가 없습니다. 다른 검색어를 입력해 보세요.
121	493	293	자담치킨 서초교대점(으)로 돌아가기
121	1556	36	배달비 0원 + 3,000원 쿠폰
122	48	90	60계치킨
122	387	36	메뉴 검색 결과가 없습니다. 다른 검색어를 입력해 보세요.
122	493	293	자담치킨 서초교대점(으)로 돌아가기
122	1556	36	배달비 0원 + 3,000원 쿠폰
123	48	90	60계치킨
123	387	36	메뉴 검색 결과가 없습니다. 다른 검색어를 입력해 보세요.
123	493	293	자담치킨 서초교대점(으)로 돌아가기
123	1556	36	배달비 0원 + 3,000원 쿠폰
124	48	90	60계치킨
124	387	36	메뉴 검색 결과가 없습니다. 다른 검색어를 입력해 보세요.
124	493	293	자담치킨 서초교대점(으)로 돌아가기
124	1556	36	배달비 0원 + 3,000원 쿠폰
125	48	90	60계치킨
125	387	36	메뉴 검색 결과가 없습니다. 다른 검색어를 입력해 보세요.
125	493	293	자담치킨 서초교대점(으)로 돌아가기
125	1556	36	배달비 0원 + 3,000원 쿠폰
126	48	90	60계치킨
126	387	36	메뉴 검색 결과가 없습니다. 다른 검색어를 입력해 보세요.
126	493	293	자담치킨 서초교대점(으)로 돌아가기
126	1556	36	배달비 0원 + 3,000원 쿠폰
127	48	90	60계치킨
127	387	36	메뉴 검색 결과가 없습니다. 다른 검색어를 입력해 보세요.
127	493	293	자담치킨 서초교대점(으)로 돌아가기
127	1556	36	배달비 0원 + 3,000원 쿠폰
128	48	90	60계치킨
128	387	36	메뉴 검색 결과가 없습니다. 다른 검색어를 입력해 보세요.
128	493	293	자담치킨 서초교대점(으)로 돌아가기
128	1556	36	배달비 0원 + 3,000원 쿠폰
129	45	96	검색어를 입력해주세요
129	147	788	전체삭제
129	164	36	최근 검색어
129	213	48	자담치킨
129	213	214	salady
129	213	363	포메인
129	213	511	노브랜드버거
129	213	714	고피자
129	213	862	춘리마라탕
129	323	36	인기 검색어
129	327	687	오후 10:48 업데이트
129	402	63	빙수
129	402	501	치킨
129	406	851	2
129	408	36	1
129	408	474	4
129	409	413	N
129	473	63	엽기떡볶이
129	473	501	베스킨라빈스
129	479	36	2
129	479	474	5
129	480	413	N
129	480	851	N
129	544	63	요아정
129	544	501	교촌치킨
129	550	36	3
129	550	474	6
129	551	413	N
129	551	851	N
129	653	36	자주 찾은 카테고리
129	809	42	커피/차
129	809	164	분식
129	809	263	샐러드
129	809	380	중식
129	809	488	일식
129	809	596	한식
129	809	704	치킨
129	809	803	돈까스
129	809	897	족발/보쌈
130	1527	36	배달비 0원 + 3,000원 쿠폰
131	1527	36	배달비 0원 + 3,000원 쿠폰
132	1527	36	배달비 0원 + 3,000원 쿠폰
133	1527	36	배달비 0원 + 3,000원 쿠폰
134	1527	36	배달비 0원 + 3,000원 쿠폰
135	1527	36	배달비 0원 + 3,000원 쿠폰
136	1527	36	배달비 0원 + 3,000원 쿠폰
137	1527	36	배달비 0원 + 3,000원 쿠폰
138	0	0	(397)
138	0	0	1,000원 즉시할인
138	0	0	38분
138	0	0	4.7
138	0	0	· 0.2km
138	0	0	· 0원-2,600원 배달비 0원
138	0	0	· 최소주문 19,900원
138	0	0	바른치킨 강남역점
138	0	0	와우회원은 매 주문 배달비 0원
138	61	138	60계치킨
138	120	12	음식배달
138	120	450	쇼핑
138	231	145	와우할인
138	231	667	추천순
138	231	793	필터
138	503	359	와우회원은 매 주문 배달비 0원
138	557	24	페리카나 논현점
138	562	833	46분
138	602	197	· 0원-2,600원 배달비 0원
138	602	390	· 최소주문 18,000원
138	605	50	4.8
138	605	78	(4,146)
138	605	134	· 1.4km
138	643	33	1,000원 즉시할인
138	1070	359	와우회원은 매 주문 배달비 0원
138	1124	24	노랑통닭 강남논현점
138	1129	833	29분
138	1169	183	· 0원-2,600원 배달비 0원
138	1169	376	· 최소주문 19,000원
138	1172	50	4.9
138	1172	78	(193)
138	1172	120	· 1.4km
138	1210	33	2,000원 즉시할인
138	1210	214	리뷰이벤트
138	1210	323	신규
138	1495	115	지금 와우 가입하면 배달비 0원 + 25,000원 쿠폰
138	1512	787	가입하기
139	0	0	(1,532)
139	0	0	3,000원 쿠폰
139	0	0	37분
139	0	0	4.9
139	0	0	· 0원-2,600원 배달비 0원
139	0	0	· 1.3km
139	0	0	· 최소주문 23,000원
139	0	0	와우회원은 매 주문 배달비 0원
139	0	0	자담치킨 서초교대점
139	17	359	와우회원은 매 주문 배달비 0원
139	61	138	60계치킨
139	71	24	페리카나 논현점
139	76	833	46분
139	116	197	· 0원-2,600원 배달비 0원
139	116	390	· 최소주문 18,000원
139	119	50	4.8
139	119	78	(4,146)
139	119	134	· 1.4km
139	120	12	음식배달
139	120	450	쇼핑
139	157	33	1,000원 즉시할인
139	231	145	와우할인
139	231	667	추천순
139	231	793	필터
139	584	359	와우회원은 매 주문 배달비 0원
139	638	24	노랑통닭 강남논현점
139	643	833	29분
139	683	183	· 0원-2,600원 배달비 0원
139	683	376	· 최소주문 19,000원
139	686	50	4.9
139	686	78	(193)
139	686	120	· 1.4km
139	724	33	2,000원 즉시할인
139	724	214	리뷰이벤트
139	724	323	신규
139	1151	359	와우회원은 매 주문 배달비 0원
139	1205	24	바른치킨 강남역점
139	1210	833	38분
139	1250	183	· 0원-2,600원 배달비 0원
139	1250	376	· 최소주문 19,900원
139	1253	50	4.7
139	1253	78	(397)
139	1253	120	· 0.2km
139	1291	33	1,000원 즉시할인
139	1495	115	지금 와우 가입하면 배달비 0원 + 25,000원 쿠폰
139	1512	787	가입하기
140	0	0	(4,727)
140	0	0	3,000원 쿠폰
140	0	0	32분
140	0	0	4.8
140	0	0	· 0.4km
140	0	0	· 0원-2,600원 배달비 0원
140	0	0	· 최소주문 16,900원
140	0	0	와우회원은 매 주문 배달비 0원
140	0	0	푸라닭 역삼1동점
140	61	138	60계치킨
140	96	359	와우회원은 매 주문 배달비 0원
140	120	12	음식배달
140	120	450	쇼핑
140	150	24	노랑통닭 강남논현점
140	155	833	29분
140	195	183	· 0원-2,600원 배달비 0원
140	195	376	· 최소주문 19,000원
140	198	50	4.9
140	198	78	(193)
140	198	120	· 1.4km
140	231	145	와우할인
140	231	667	추천순
140	231	793	필터
140	236	33	2,000원 즉시할인
140	236	214	리뷰이벤트
140	236	323	신규
140	663	359	와우회원은 매 주문 배달비 0원
140	717	24	바른치킨 강남역점
140	722	833	38분
140	762	183	· 0원-2,600원 배달비 0원
140	762	376	· 최소주문 19,900원
140	765	50	4.7
140	765	78	(397)
140	765	120	· 0.2km
140	803	33	1,000원 즉시할인
140	1230	359	와우회원은 매 주문 배달비 0원
140	1284	24	자담치킨 서초교대점
140	1289	833	37분
140	1329	197	· 0원-2,600원 배달비 0원
140	1329	390	· 최소주문 23,000원
140	1332	50	4.9
140	1332	78	(1,532)
140	1332	134	· 1.3km
140	1370	57	3,000원 쿠폰
140	1495	115	지금 와우 가입하면 배달비 0원 + 25,000원 쿠폰
140	1512	787	가입하기
141	0	0	(2,333)
141	0	0	1,000원 즉시할인
141	0	0	4.8
141	0	0	49분
141	0	0	· 0원-2,600원 배달비 0원
141	0	0	· 1.4km
141	0	0	· 최소주문 16,000원
141	0	0	와우회원은 매 주문 배달비 0원
141	0	0	호식이두마리치킨 논현1호점
141	61	138	60계치킨
141	120	12	음식배달
141	120	450	쇼핑
141	168	359	와우회원은 매 주문 배달비 0원
141	222	24	바른치킨 강남역점
141	227	833	38분
141	231	145	와우할인
141	231	667	추천순
141	231	793	필터
141	267	183	· 0원-2,600원 배달비 0원
141	267	376	· 최소주문 19,900원
141	270	50	4.7
141	270	78	(397)
141	270	120	· 0.2km
141	308	33	1,000원 즉시할인
141	735	359	와우회원은 매 주문 배달비 0원
141	789	24	자담치킨 서초교대점
141	794	833	37분
141	834	197	· 0원-2,600원 배달비 0원
141	834	390	· 최소주문 23,000원
141	837	50	4.9
141	837	78	(1,532)
141	837	134	· 1.3km
141	875	57	3,000원 쿠폰
141	1302	359	와우회원은 매 주문 배달비 0원
141	1356	24	푸라닭 역삼1동점
141	1361	833	32분
141	1401	197	· 0원-2,600원 배달비 0원
141	1401	390	· 최소주문 16,900원
141	1404	50	4.8
141	1404	78	(4,727)
141	1404	134	· 0.4km
141	1442	57	3,000원 쿠폰
141	1495	115	지금 와우 가입하면 배달비 0원 + 25,000원 쿠폰
141	1512	787	가입하기
142	0	0	(2,988)
142	0	0	3,000원 쿠폰
142	0	0	39분
142	0	0	4.9
142	0	0	BHC 도곡점
142	0	0	· 0원-2,600원 배달비 0원
142	0	0	· 1.5km
142	0	0	· 최소주문 18,000원
142	0	0	와우회원은 매 주문 배달비 0원
142	61	138	60계치킨
142	120	12	음식배달
142	120	450	쇼핑
142	231	145	와우할인
142	231	667	추천순
142	231	793	필터
142	249	359	와우회원은 매 주문 배달비 0원
142	303	24	자담치킨 서초교대점
142	308	833	37분
142	348	197	· 0원-2,600원 배달비 0원
142	348	390	· 최소주문 23,000원
142	351	50	4.9
142	351	78	(1,532)
142	351	134	· 1.3km
142	389	57	3,000원 쿠폰
142	816	359	와우회원은 매 주문 배달비 0원
142	870	24	푸라닭 역삼1동점
142	875	833	32분
142	915	197	· 0원-2,600원 배달비 0원
142	915	390	· 최소주문 16,900원
142	918	50	4.8
142	918	78	(4,727)
142	918	134	· 0.4km
142	956	57	3,000원 쿠폰
142	1383	359	와우회원은 매 주문 배달비 0원
142	1437	24	호식이두마리치킨 논현1호점
142	1442	833	49분
142	1482	197	· 0원-2,600원 배달비 0원
142	1482	390	· 최소주문 16,000원
142	1485	50	4.8
142	1485	78	(2,333)
142	1485	134	· 1.4km
142	1495	115	지금 와우 가입하면 배달비 0원 + 25,000원 쿠폰
142	1512	787	가입하기
142	1523	33	1,000원 즉시할인
143	0	0	3,000원 쿠폰
143	61	138	60계치킨
143	120	12	음식배달
143	120	450	쇼핑
143	231	145	와우할인
143	231	667	추천순
143	231	793	필터
143	329	359	와우회원은 매 주문 배달비 0원
143	383	24	푸라닭 역삼1동점
143	388	833	32분
143	428	197	· 0원-2,600원 배달비 0원
143	428	390	· 최소주문 16,900원
143	431	50	4.8
143	431	78	(4,727)
143	431	134	· 0.4km
143	469	57	3,000원 쿠폰
143	896	359	와우회원은 매 주문 배달비 0원
143	950	24	호식이두마리치킨 논현1호점
143	955	833	49분
143	995	197	· 0원-2,600원 배달비 0원
143	995	390	· 최소주문 16,000원
143	998	50	4.8
143	998	78	(2,333)
143	998	134	· 1.4km
143	1036	33	1,000원 즉시할인
143	1463	359	와우회원은 매 주문 배달비 0원
143	1495	115	지금 와우 가입하면 배달비 0원 + 25,000원 쿠폰
143	1512	787	가입하기
143	1517	24	BHC 도곡점
143	1522	833	39분
143	1562	197	· 0원-2,600원 배달비 0원
143	1562	390	· 최소주문 18,000원
143	1565	50	4.9
143	1565	78	(2,988)
143	1565	134	· 1.5km
144	0	0	(2,871)
144	0	0	39분
144	0	0	4.9
144	0	0	· 0원-3,300원 배달비 0원
144	0	0	· 2.0km
144	0	0	· 최소주문 18,000원
144	61	138	60계치킨
144	120	12	음식배달
144	120	450	쇼핑
144	231	145	와우할인
144	231	667	추천순
144	231	793	필터
144	409	359	와우회원은 매 주문 배달비 0원
144	463	24	호식이두마리치킨 논현1호점
144	468	833	49분
144	508	197	· 0원-2,600원 배달비 0원
144	508	390	· 최소주문 16,000원
144	511	50	4.8
144	511	78	(2,333)
144	511	134	· 1.4km
144	549	33	1,000원 즉시할인
144	976	359	와우회원은 매 주문 배달비 0원
144	1030	24	BHC 도곡점
144	1035	833	39분
144	1075	197	· 0원-2,600원 배달비 0원
144	1075	390	· 최소주문 18,000원
144	1078	50	4.9
144	1078	78	(2,988)
144	1078	134	· 1.5km
144	1116	57	3,000원 쿠폰
144	1495	115	지금 와우 가입하면 배달비 0원 + 25,000원 쿠폰
144	1512	787	가입하기
144	1543	359	와우회원은 매 주문 배달비 0원
144	1597	24	깐부치킨 한티점
145	0	0	(1,815)
145	0	0	37분
145	0	0	4.8
145	0	0	· 0원-2,600원 배달비 0원
145	0	0	· 1.2km
145	0	0	· 최소주문 19,000원
145	0	0	교촌치킨 서초1호점
145	61	138	60계치킨
145	120	12	음식배달
145	120	450	쇼핑
145	231	145	와우할인
145	231	667	추천순
145	231	793	필터
145	481	359	와우회원은 매 주문 배달비 0원
145	535	24	BHC 도곡점
145	540	833	39분
145	580	197	· 0원-2,600원 배달비 0원
145	580	390	· 최소주문 18,000원
145	583	50	4.9
145	583	78	(2,988)
145	583	134	· 1.5km
145	621	57	3,000원 쿠폰
145	1048	359	와우회원은 매 주문 배달비 0원
145	1102	24	깐부치킨 한티점
145	1107	833	39분
145	1147	197	· 0원-3,300원 배달비 0원
145	1147	390	· 최소주문 18,000원
145	1150	50	4.9
145	1150	78	(2,871)
145	1150	134	· 2.0km
145	1495	115	지금 와우 가입하면 배달비 0원 + 25,000원 쿠폰
145	1512	787	가입하기
145	1571	359	와우회원은 매 주문 배달비 0원
146	0	0	(15,507)
146	0	0	37분
146	0	0	4.9
146	0	0	· 0원-3,600원 배달비 0원
146	0	0	· 2.1km
146	0	0	· 최소주문 8,000원
146	0	0	와우회원은 매 주문 배달비 0원
146	0	0	지코바숯불치킨 대치1호점
146	0	0	최소주문금액 낮음
146	61	138	60계치킨
146	120	12	음식배달
146	120	450	쇼핑
146	231	145	와우할인
146	231	667	추천순
146	231	793	필터
146	562	359	와우회원은 매 주문 배달비 0원
146	616	24	깐부치킨 한티점
146	621	833	39분
146	661	197	· 0원-3,300원 배달비 0원
146	661	390	· 최소주문 18,000원
146	664	50	4.9
146	664	78	(2,871)
146	664	134	· 2.0km
146	1085	359	와우회원은 매 주문 배달비 0원
146	1139	24	교촌치킨 서초1호점
146	1144	833	37분
146	1184	197	· 0원-2,600원 배달비 0원
146	1184	390	· 최소주문 19,000원
146	1187	50	4.8
146	1187	78	(1,815)
146	1187	134	· 1.2km
146	1495	115	지금 와우 가입하면 배달비 0원 + 25,000원 쿠폰
146	1512	787	가입하기
147	0	0	(1,688)
147	0	0	1,000원 즉시할인
147	0	0	3,000원 쿠폰
147	0	0	4.6
147	0	0	40분
147	0	0	BBQ 개포점
147	0	0	· 2.8km
147	0	0	· 700원-4,000원 배달비 0원
147	0	0	· 최소주문 23,000원
147	0	0	와우회원은 매 주문 배달비 0원
147	61	138	60계치킨
147	83	359	와우회원은 매 주문 배달비 0원
147	120	12	음식배달
147	120	450	쇼핑
147	137	24	깐부치킨 한티점
147	142	833	39분
147	182	197	· 0원-3,300원 배달비 0원
147	182	390	· 최소주문 18,000원
147	185	50	4.9
147	185	78	(2,871)
147	185	134	· 2.0km
147	231	145	와우할인
147	231	667	추천순
147	231	793	필터
147	606	359	와우회원은 매 주문 배달비 0원
147	660	24	교촌치킨 서초1호점
147	665	833	37분
147	705	197	· 0원-2,600원 배달비 0원
147	705	390	· 최소주문 19,000원
147	708	50	4.8
147	708	78	(1,815)
147	708	134	· 1.2km
147	1129	359	와우회원은 매 주문 배달비 0원
147	1183	24	지코바숯불치킨 대치1호점
147	1188	833	37분
147	1228	207	· 0원-3,600원 배달비 0원
147	1228	400	· 최소주문 8,000원
147	1231	50	4.9
147	1231	78	(15,507)
147	1231	144	· 2.1km
147	1269	57	최소주문금액 낮음
147	1495	115	지금 와우 가입하면 배달비 0원 + 25,000원 쿠폰
147	1512	787	가입하기
148	0	0	(18)
148	0	0	27분
148	0	0	5.0
148	0	0	· 0원-2,900원 배달비 0원
148	0	0	· 1.5km
148	0	0	· 최소주문 12,000원
148	0	0	리뷰이벤트
148	0	0	쁘이치킨
148	0	0	신규
148	0	0	와우회원은 매 주문 배달비 0원
148	61	138	60계치킨
148	112	359	와우회원은 매 주문 배달비 0원
148	120	12	음식배달
148	120	450	쇼핑
148	166	24	교촌치킨 서초1호점
148	171	833	37분
148	211	197	· 0원-2,600원 배달비 0원
148	211	390	· 최소주문 19,000원
148	214	50	4.8
148	214	78	(1,815)
148	214	134	· 1.2km
148	231	145	와우할인
148	231	667	추천순
148	231	793	필터
148	635	359	와우회원은 매 주문 배달비 0원
148	689	24	지코바숯불치킨 대치1호점
148	694	833	37분
148	734	207	· 0원-3,600원 배달비 0원
148	734	400	· 최소주문 8,000원
148	737	50	4.9
148	737	78	(15,507)
148	737	144	· 2.1km
148	775	57	최소주문금액 낮음
148	1202	359	와우회원은 매 주문 배달비 0원
148	1256	24	BBQ 개포점
148	1261	833	40분
148	1301	197	· 700원-4,000원 배달비 0원
148	1301	410	· 최소주문 23,000원
148	1304	50	4.6
148	1304	78	(1,688)
148	1304	134	· 2.8km
148	1342	33	1,000원 즉시할인
148	1342	214	3,000원 쿠폰
148	1495	115	지금 와우 가입하면 배달비 0원 + 25,000원 쿠폰
148	1512	787	가입하기
149	0	0	(1,734)
149	0	0	26분
149	0	0	4.7
149	0	0	KFC 서초우성점
149	0	0	· 0.6km
149	0	0	· 0원-2,600원 배달비 0원
149	0	0	· 최소주문 14,000원
149	0	0	와우회원은 매 주문 배달비 0원
149	61	138	60계치킨
149	120	12	음식배달
149	120	450	쇼핑
149	142	359	와우회원은 매 주문 배달비 0원
149	196	24	지코바숯불치킨 대치1호점
149	201	833	37분
149	231	145	와우할인
149	231	667	추천순
149	231	793	필터
149	241	207	· 0원-3,600원 배달비 0원
149	241	400	· 최소주문 8,000원
149	244	50	4.9
149	244	78	(15,507)
149	244	144	· 2.1km
149	282	57	최소주문금액 낮음
149	709	359	와우회원은 매 주문 배달비 0원
149	763	24	BBQ 개포점
149	768	833	40분
149	808	197	· 700원-4,000원 배달비 0원
149	808	410	· 최소주문 23,000원
149	811	50	4.6
149	811	78	(1,688)
149	811	134	· 2.8km
149	849	33	1,000원 즉시할인
149	849	214	3,000원 쿠폰
149	1276	359	와우회원은 매 주문 배달비 0원
149	1330	24	쁘이치킨
149	1335	833	27분
149	1375	173	· 0원-2,900원 배달비 0원
149	1375	366	· 최소주문 12,000원
149	1378	50	5.0
149	1378	78	(18)
149	1378	110	· 1.5km
149	1416	57	리뷰이벤트
149	1416	166	신규
149	1495	115	지금 와우 가입하면 배달비 0원 + 25,000원 쿠폰
149	1512	787	가입하기
150	0	0	(1,963)
150	0	0	1,000원 즉시할인
150	0	0	2,000원 쿠폰
150	0	0	42분
150	0	0	5.0
150	0	0	· 0원-2,900원 배달비 0원
150	0	0	· 1.3km
150	0	0	· 최소주문 9,900원
150	0	0	리뷰이벤트
150	0	0	와우회원은 매 주문 배달비 0원
150	0	0	인생치밥 숯불치킨 강남본점
150	0	0	최소주문금액 낮음
150	61	138	60계치킨
150	120	12	음식배달
150	120	450	쇼핑
150	223	359	와우회원은 매 주문 배달비 0원
150	231	145	와우할인
150	231	667	추천순
150	231	793	필터
150	277	24	BBQ 개포점
150	282	833	40분
150	322	197	· 700원-4,000원 배달비 0원
150	322	410	· 최소주문 23,000원
150	325	50	4.6
150	325	78	(1,688)
150	325	134	· 2.8km
150	363	33	1,000원 즉시할인
150	363	214	3,000원 쿠폰
150	790	359	와우회원은 매 주문 배달비 0원
150	844	24	쁘이치킨
150	849	833	27분
150	889	173	· 0원-2,900원 배달비 0원
150	889	366	· 최소주문 12,000원
150	892	50	5.0
150	892	78	(18)
150	892	110	· 1.5km
150	930	57	리뷰이벤트
150	930	166	신규
150	1357	359	와우회원은 매 주문 배달비 0원
150	1411	24	KFC 서초우성점
150	1416	833	26분
150	1456	197	· 0원-2,600원 배달비 0원
150	1456	390	· 최소주문 14,000원
150	1459	50	4.7
150	1459	78	(1,734)
150	1459	134	· 0.6km
150	1495	115	지금 와우 가입하면 배달비 0원 + 25,000원 쿠폰
150	1512	787	가입하기
151	0	0	(2,704)
151	0	0	1,000원 즉시할인
151	0	0	29분
151	0	0	4.8
151	0	0	· 0.6km
151	0	0	· 0원-2,900원 배달비 0원
151	0	0	· 최소주문 12,500원
151	0	0	와우회원은 매 주문 배달비 0원
151	0	0	청년치킨 역삼점
151	61	138	60계치킨
151	120	12	음식배달
151	120	450	쇼핑
151	231	145	와우할인
151	231	667	추천순
151	231	793	필터
151	296	359	와우회원은 매 주문 배달비 0원
151	350	24	쁘이치킨
151	355	833	27분
151	395	173	· 0원-2,900원 배달비 0원
151	395	366	· 최소주문 12,000원
151	398	50	5.0
151	398	78	(18)
151	398	110	· 1.5km
151	436	57	리뷰이벤트
151	436	166	신규
151	863	359	와우회원은 매 주문 배달비 0원
151	917	24	KFC 서초우성점
151	922	833	26분
151	962	197	· 0원-2,600원 배달비 0원
151	962	390	· 최소주문 14,000원
151	965	50	4.7
151	965	78	(1,734)
151	965	134	· 0.6km
151	1386	359	와우회원은 매 주문 배달비 0원
151	1440	24	인생치밥 숯불치킨 강남본점
151	1445	833	42분
151	1485	197	· 0원-2,900원 배달비 0원
151	1485	390	· 최소주문 9,900원
151	1488	50	5.0
151	1488	78	(1,963)
151	1488	134	· 1.3km
151	1495	115	지금 와우 가입하면 배달비 0원 + 25,000원 쿠폰
151	1512	787	가입하기
151	1526	33	1,000원 즉시할인
151	1526	214	2,000원 쿠폰
151	1526	361	리뷰이벤트
151	1526	494	최소주문금액 낮음
152	61	138	60계치킨
152	120	12	음식배달
152	120	450	쇼핑
152	231	145	와우할인
152	231	667	추천순
152	231	793	필터
152	369	359	와우회원은 매 주문 배달비 0원
152	423	24	KFC 서초우성점
152	428	833	26분
152	468	197	· 0원-2,600원 배달비 0원
152	468	390	· 최소주문 14,000원
152	471	50	4.7
152	471	78	(1,734)
152	471	134	· 0.6km
152	892	359	와우회원은 매 주문 배달비 0원
152	946	24	인생치밥 숯불치킨 강남본점
152	951	833	42분
152	991	197	· 0원-2,900원 배달비 0원
152	991	390	· 최소주문 9,900원
152	994	50	5.0
152	994	78	(1,963)
152	994	134	· 1.3km
152	1032	33	1,000원 즉시할인
152	1032	214	2,000원 쿠폰
152	1032	361	리뷰이벤트
152	1032	494	최소주문금액 낮음
152	1459	359	와우회원은 매 주문 배달비 0원
152	1495	115	지금 와우 가입하면 배달비 0원 + 25,000원 쿠폰
152	1512	787	가입하기
152	1513	24	청년치킨 역삼점
152	1518	833	29분
152	1558	197	· 0원-2,900원 배달비 0원
152	1558	390	· 최소주문 12,500원
152	1561	50	4.8
152	1561	78	(2,704)
152	1561	134	· 0.6km
152	1599	33	1,000원 즉시할인
153	0	0	(2,904)
153	0	0	2,000원 즉시할인
153	0	0	39분
153	0	0	4.8
153	0	0	· 0원-2,600원 배달비 0원
153	0	0	· 1.3km
153	0	0	· 최소주문 17,000원
153	61	138	60계치킨
153	120	12	음식배달
153	120	450	쇼핑
153	231	145	와우할인
153	231	667	추천순
153	231	793	필터
153	408	359	와우회원은 매 주문 배달비 0원
153	462	24	인생치밥 숯불치킨 강남본점
153	467	833	42분
153	507	197	· 0원-2,900원 배달비 0원
153	507	390	· 최소주문 9,900원
153	510	50	5.0
153	510	78	(1,963)
153	510	134	· 1.3km
153	548	33	1,000원 즉시할인
153	548	214	2,000원 쿠폰
153	548	361	리뷰이벤트
153	548	494	최소주문금액 낮음
153	975	359	와우회원은 매 주문 배달비 0원
153	1029	24	청년치킨 역삼점
153	1034	833	29분
153	1074	197	· 0원-2,900원 배달비 0원
153	1074	390	· 최소주문 12,500원
153	1077	50	4.8
153	1077	78	(2,704)
153	1077	134	· 0.6km
153	1115	33	1,000원 즉시할인
153	1495	115	지금 와우 가입하면 배달비 0원 + 25,000원 쿠폰
153	1512	787	가입하기
153	1542	359	와우회원은 매 주문 배달비 0원
153	1596	24	굽네치킨&피자 역삼2동점
154	0	0	(1,339)
154	0	0	31분
154	0	0	4.7
154	0	0	· 0.8km
154	0	0	· 0원-2,600원 배달비 0원
154	0	0	· 최소주문 15,000원
154	0	0	와우회원은 매 주문 배달비 0원
154	0	0	호식이두마리치킨 서울교대점
154	61	138	60계치킨
154	120	12	음식배달
154	120	450	쇼핑
154	231	145	와우할인
154	231	667	추천순
154	231	793	필터
154	488	359	와우회원은 매 주문 배달비 0원
154	542	24	청년치킨 역삼점
154	547	833	29분
154	587	197	· 0원-2,900원 배달비 0원
154	587	390	· 최소주문 12,500원
154	590	50	4.8
154	590	78	(2,704)
154	590	134	· 0.6km
154	628	33	1,000원 즉시할인
154	1055	359	와우회원은 매 주문 배달비 0원
154	1109	24	굽네치킨&피자 역삼2동점
154	1114	833	39분
154	1154	197	· 0원-2,600원 배달비 0원
154	1154	390	· 최소주문 17,000원
154	1157	50	4.8
154	1157	78	(2,904)
154	1157	134	· 1.3km
154	1195	33	2,000원 즉시할인
154	1495	115	지금 와우 가입하면 배달비 0원 + 25,000원 쿠폰
154	1512	787	가입하기
155	61	138	60계치킨
155	120	12	음식배달
155	120	450	쇼핑
155	231	145	와우할인
155	231	667	추천순
155	231	793	필터
155	341	359	와우회원은 매 주문 배달비 0원
155	395	24	청년치킨 역삼점
155	400	833	29분
155	440	197	· 0원-2,900원 배달비 0원
155	440	390	· 최소주문 12,500원
155	443	50	4.8
155	443	78	(2,704)
155	443	134	· 0.6km
155	481	33	1,000원 즉시할인
155	908	359	와우회원은 매 주문 배달비 0원
155	962	24	굽네치킨&피자 역삼2동점
155	967	833	39분
155	1007	197	· 0원-2,600원 배달비 0원
155	1007	390	· 최소주문 17,000원
155	1010	50	4.8
155	1010	78	(2,904)
155	1010	134	· 1.3km
155	1048	33	2,000원 즉시할인
155	1475	359	와우회원은 매 주문 배달비 0원
155	1495	115	지금 와우 가입하면 배달비 0원 + 25,000원 쿠폰
155	1512	787	가입하기
155	1529	24	호식이두마리치킨 서울교대점
155	1534	833	31분
155	1574	197	· 0원-2,600원 배달비 0원
155	1574	390	· 최소주문 15,000원
155	1577	50	4.7
155	1577	78	(1,339)
155	1577	134	· 0.8km
156	61	138	60계치킨
156	120	12	음식배달
156	120	450	쇼핑
156	231	145	와우할인
156	231	667	추천순
156	231	793	필터
156	341	359	와우회원은 매 주문 배달비 0원
156	395	24	청년치킨 역삼점
156	400	833	29분
156	440	197	· 0원-2,900원 배달비 0원
156	440	390	· 최소주문 12,500원
156	443	50	4.8
156	443	78	(2,704)
156	443	134	· 0.6km
156	481	33	1,000원 즉시할인
156	908	359	와우회원은 매 주문 배달비 0원
156	962	24	굽네치킨&피자 역삼2동점
156	967	833	39분
156	1007	197	· 0원-2,600원 배달비 0원
156	1007	390	· 최소주문 17,000원
156	1010	50	4.8
156	1010	78	(2,904)
156	1010	134	· 1.3km
156	1048	33	2,000원 즉시할인
156	1475	359	와우회원은 매 주문 배달비 0원
156	1495	115	지금 와우 가입하면 배달비 0원 + 25,000원 쿠폰
156	1512	787	가입하기
156	1529	24	호식이두마리치킨 서울교대점
156	1534	833	31분
156	1574	197	· 0원-2,600원 배달비 0원
156	1574	390	· 최소주문 15,000원
156	1577	50	4.7
156	1577	78	(1,339)
156	1577	134	· 0.8km
157	61	138	60계치킨
157	120	12	음식배달
157	120	450	쇼핑
157	231	145	와우할인
157	231	667	추천순
157	231	793	필터
157	341	359	와우회원은 매 주문 배달비 0원
157	395	24	청년치킨 역삼점
157	400	833	29분
157	440	197	· 0원-2,900원 배달비 0원
157	440	390	· 최소주문 12,500원
157	443	50	4.8
157	443	78	(2,704)
157	443	134	· 0.6km
157	481	33	1,000원 즉시할인
157	908	359	와우회원은 매 주문 배달비 0원
157	962	24	굽네치킨&피자 역삼2동점
157	967	833	39분
157	1007	197	· 0원-2,600원 배달비 0원
157	1007	390	· 최소주문 17,000원
157	1010	50	4.8
157	1010	78	(2,904)
157	1010	134	· 1.3km
157	1048	33	2,000원 즉시할인
157	1475	359	와우회원은 매 주문 배달비 0원
157	1495	115	지금 와우 가입하면 배달비 0원 + 25,000원 쿠폰
157	1512	787	가입하기
157	1529	24	호식이두마리치킨 서울교대점
157	1534	833	31분
157	1574	197	· 0원-2,600원 배달비 0원
157	1574	390	· 최소주문 15,000원
157	1577	50	4.7
157	1577	78	(1,339)
157	1577	134	· 0.8km
158	61	138	60계치킨
158	120	12	음식배달
158	120	450	쇼핑
158	231	145	와우할인
158	231	667	추천순
158	231	793	필터
158	341	359	와우회원은 매 주문 배달비 0원
158	395	24	청년치킨 역삼점
158	400	833	29분
158	440	197	· 0원-2,900원 배달비 0원
158	440	390	· 최소주문 12,500원
158	443	50	4.8
158	443	78	(2,704)
158	443	134	· 0.6km
158	481	33	1,000원 즉시할인
158	908	359	와우회원은 매 주문 배달비 0원
158	962	24	굽네치킨&피자 역삼2동점
158	967	833	39분
158	1007	197	· 0원-2,600원 배달비 0원
158	1007	390	· 최소주문 17,000원
158	1010	50	4.8
158	1010	78	(2,904)
158	1010	134	· 1.3km
158	1048	33	2,000원 즉시할인
158	1475	359	와우회원은 매 주문 배달비 0원
158	1495	115	지금 와우 가입하면 배달비 0원 + 25,000원 쿠폰
158	1512	787	가입하기
158	1529	24	호식이두마리치킨 서울교대점
158	1534	833	31분
158	1574	197	· 0원-2,600원 배달비 0원
158	1574	390	· 최소주문 15,000원
158	1577	50	4.7
158	1577	78	(1,339)
158	1577	134	· 0.8km
159	61	138	60계치킨
159	120	12	음식배달
159	120	450	쇼핑
159	231	145	와우할인
159	231	667	추천순
159	231	793	필터
159	341	359	와우회원은 매 주문 배달비 0원
159	395	24	청년치킨 역삼점
159	400	833	29분
159	440	197	· 0원-2,900원 배달비 0원
159	440	390	· 최소주문 12,500원
159	443	50	4.8
159	443	78	(2,704)
159	443	134	· 0.6km
159	481	33	1,000원 즉시할인
159	908	359	와우회원은 매 주문 배달비 0원
159	962	24	굽네치킨&피자 역삼2동점
159	967	833	39분
159	1007	197	· 0원-2,600원 배달비 0원
159	1007	390	· 최소주문 17,000원
159	1010	50	4.8
159	1010	78	(2,904)
159	1010	134	· 1.3km
159	1048	33	2,000원 즉시할인
159	1475	359	와우회원은 매 주문 배달비 0원
159	1495	115	지금 와우 가입하면 배달비 0원 + 25,000원 쿠폰
159	1512	787	가입하기
159	1529	24	호식이두마리치킨 서울교대점
159	1534	833	31분
159	1574	197	· 0원-2,600원 배달비 0원
159	1574	390	· 최소주문 15,000원
159	1577	50	4.7
159	1577	78	(1,339)
159	1577	134	· 0.8km
160	61	138	60계치킨
160	120	12	음식배달
160	120	450	쇼핑
160	231	145	와우할인
160	231	667	추천순
160	231	793	필터
160	341	359	와우회원은 매 주문 배달비 0원
160	395	24	청년치킨 역삼점
160	400	833	29분
160	440	197	· 0원-2,900원 배달비 0원
160	440	390	· 최소주문 12,500원
160	443	50	4.8
160	443	78	(2,704)
160	443	134	· 0.6km
160	481	33	1,000원 즉시할인
160	908	359	와우회원은 매 주문 배달비 0원
160	962	24	굽네치킨&피자 역삼2동점
160	967	833	39분
160	1007	197	· 0원-2,600원 배달비 0원
160	1007	390	· 최소주문 17,000원
160	1010	50	4.8
160	1010	78	(2,904)
160	1010	134	· 1.3km
160	1048	33	2,000원 즉시할인
160	1475	359	와우회원은 매 주문 배달비 0원
160	1495	115	지금 와우 가입하면 배달비 0원 + 25,000원 쿠폰
160	1512	787	가입하기
160	1529	24	호식이두마리치킨 서울교대점
160	1534	833	31분
160	1574	197	· 0원-2,600원 배달비 0원
160	1574	390	· 최소주문 15,000원
160	1577	50	4.7
160	1577	78	(1,339)
160	1577	134	· 0.8km
161	61	138	60계치킨
161	120	12	음식배달
161	120	450	쇼핑
161	231	145	와우할인
161	231	667	추천순
161	231	793	필터
161	341	359	와우회원은 매 주문 배달비 0원
161	395	24	청년치킨 역삼점
161	400	833	29분
161	440	197	· 0원-2,900원 배달비 0원
161	440	390	· 최소주문 12,500원
161	443	50	4.8
161	443	78	(2,704)
161	443	134	· 0.6km
161	481	33	1,000원 즉시할인
161	908	359	와우회원은 매 주문 배달비 0원
161	962	24	굽네치킨&피자 역삼2동점
161	967	833	39분
161	1007	197	· 0원-2,600원 배달비 0원
161	1007	390	· 최소주문 17,000원
161	1010	50	4.8
161	1010	78	(2,904)
161	1010	134	· 1.3km
161	1048	33	2,000원 즉시할인
161	1475	359	와우회원은 매 주문 배달비 0원
161	1495	115	지금 와우 가입하면 배달비 0원 + 25,000원 쿠폰
161	1512	787	가입하기
161	1529	24	호식이두마리치킨 서울교대점
161	1534	833	31분
161	1574	197	· 0원-2,600원 배달비 0원
161	1574	390	· 최소주문 15,000원
161	1577	50	4.7
161	1577	78	(1,339)
161	1577	134	· 0.8km
162	61	138	60계치킨
162	120	12	음식배달
162	120	450	쇼핑
162	231	145	와우할인
162	231	667	추천순
162	231	793	필터
162	341	359	와우회원은 매 주문 배달비 0원
162	395	24	청년치킨 역삼점
162	400	833	29분
162	440	197	· 0원-2,900원 배달비 0원
162	440	390	· 최소주문 12,500원
162	443	50	4.8
162	443	78	(2,704)
162	443	134	· 0.6km
162	481	33	1,000원 즉시할인
162	908	359	와우회원은 매 주문 배달비 0원
162	962	24	굽네치킨&피자 역삼2동점
162	967	833	39분
162	1007	197	· 0원-2,600원 배달비 0원
162	1007	390	· 최소주문 17,000원
162	1010	50	4.8
162	1010	78	(2,904)
162	1010	134	· 1.3km
162	1048	33	2,000원 즉시할인
162	1475	359	와우회원은 매 주문 배달비 0원
162	1495	115	지금 와우 가입하면 배달비 0원 + 25,000원 쿠폰
162	1512	787	가입하기
162	1529	24	호식이두마리치킨 서울교대점
162	1534	833	31분
162	1574	197	· 0원-2,600원 배달비 0원
162	1574	390	· 최소주문 15,000원
162	1577	50	4.7
162	1577	78	(1,339)
162	1577	134	· 0.8km
163	61	138	60계치킨
163	120	12	음식배달
163	120	450	쇼핑
163	231	145	와우할인
163	231	667	추천순
163	231	793	필터
163	341	359	와우회원은 매 주문 배달비 0원
163	395	24	청년치킨 역삼점
163	400	833	29분
163	440	197	· 0원-2,900원 배달비 0원
163	440	390	· 최소주문 12,500원
163	443	50	4.8
163	443	78	(2,704)
163	443	134	· 0.6km
163	481	33	1,000원 즉시할인
163	908	359	와우회원은 매 주문 배달비 0원
163	962	24	굽네치킨&피자 역삼2동점
163	967	833	39분
163	1007	197	· 0원-2,600원 배달비 0원
163	1007	390	· 최소주문 17,000원
163	1010	50	4.8
163	1010	78	(2,904)
163	1010	134	· 1.3km
163	1048	33	2,000원 즉시할인
163	1475	359	와우회원은 매 주문 배달비 0원
163	1495	115	지금 와우 가입하면 배달비 0원 + 25,000원 쿠폰
163	1512	787	가입하기
163	1529	24	호식이두마리치킨 서울교대점
163	1534	833	31분
163	1574	197	· 0원-2,600원 배달비 0원
163	1574	390	· 최소주문 15,000원
163	1577	50	4.7
163	1577	78	(1,339)
163	1577	134	· 0.8km
164	61	138	60계치킨
164	120	12	음식배달
164	120	450	쇼핑
164	231	145	와우할인
164	231	667	추천순
164	231	793	필터
164	341	359	와우회원은 매 주문 배달비 0원
164	395	24	청년치킨 역삼점
164	400	833	29분
164	440	197	· 0원-2,900원 배달비 0원
164	440	390	· 최소주문 12,500원
164	443	50	4.8
164	443	78	(2,704)
164	443	134	· 0.6km
164	481	33	1,000원 즉시할인
164	908	359	와우회원은 매 주문 배달비 0원
164	962	24	굽네치킨&피자 역삼2동점
164	967	833	39분
164	1007	197	· 0원-2,600원 배달비 0원
164	1007	390	· 최소주문 17,000원
164	1010	50	4.8
164	1010	78	(2,904)
164	1010	134	· 1.3km
164	1048	33	2,000원 즉시할인
164	1475	359	와우회원은 매 주문 배달비 0원
164	1495	115	지금 와우 가입하면 배달비 0원 + 25,000원 쿠폰
164	1512	787	가입하기
164	1529	24	호식이두마리치킨 서울교대점
164	1534	833	31분
164	1574	197	· 0원-2,600원 배달비 0원
164	1574	390	· 최소주문 15,000원
164	1577	50	4.7
164	1577	78	(1,339)
164	1577	134	· 0.8km
165	446	51	1 / 7
165	512	318	60계치킨 서울역삼점
165	562	404	4.9(2,101)
165	676	0	배달 36분
165	676	450	포장 21분
165	769	674	매장∙원산지정보
165	780	69	도착까지 약 36분
165	841	36	최소주문
165	841	153	22,900원
165	896	36	일반회원
165	897	153	0-2,600원 0원
165	898	294	자세히
165	938	36	와우회원
165	938	153	와우회원은 매 주문 배달비 0원
165	1010	127	지금 와우 가입하면 배달비 0원 + 25,000원 쿠폰
165	1027	766	가입하기
165	1118	54	1,100원 즉시할인 자동 적용
165	1196	90	3,000원 쿠폰 추가 적용 가능
165	1286	168	바삭바삭맛있어요!!^^
165	1286	606	역시 크크크치킨❤️
165	1455	114	&#128293; 인기메뉴
165	1455	328	리뷰이벤트
165	1455	498	신메뉴
165	1455	624	쯔란메뉴
165	1455	772	뼈한마리
165	1556	42	인기메뉴
166	0	0	리뷰 (12)
166	0	0	리뷰이벤트
166	0	0	본 메뉴는 리뷰 이벤트 참여 고객 대상 상품입니다. 이벤트 혜택은 주문 1건당 1회만 제공됩니다.
166	66	155	60계치킨 서울역삼점 내 메뉴를 찾아보세요
166	147	0	배달 36분
166	147	450	포장 21분
166	182	51	2 / 7
166	240	674	매장∙원산지정보
166	248	318	60계치킨 서울역삼점
166	251	69	도착까지 약 36분
166	298	404	4.9(2,101)
166	312	36	최소주문
166	312	153	22,900원
166	367	36	일반회원
166	368	153	0-2,600원 0원
166	369	294	자세히
166	409	36	와우회원
166	409	153	와우회원은 매 주문 배달비 0원
166	481	127	지금 와우 가입하면 배달비 0원 + 25,000원 쿠폰
166	498	766	가입하기
166	589	54	1,100원 즉시할인 자동 적용
166	667	90	3,000원 쿠폰 추가 적용 가능
166	757	168	바삭바삭맛있어요!!^^
166	757	606	역시 크크크치킨❤️
166	926	114	&#128293; 인기메뉴
166	926	328	리뷰이벤트
166	926	498	신메뉴
166	926	624	쯔란메뉴
166	926	772	뼈한마리
166	1027	42	인기메뉴
166	1105	88	1위
166	1105	304	2위
166	1105	520	3위
166	1105	708	4위
166	1304	36	순살 크크크치킨
166	1304	252	크크크치킨
166	1304	468	콤보(윙,봉,다리)
166	1304	684	후라이드
166	1345	36	27,900원
166	1345	252	26,900원
166	1345	468	24,900원
166	1345	684	22,900원
166	1498	60	리뷰이벤트
166	1544	36	리뷰이벤트 혜택은 주문당 1개만 제공됩니다.
166	1556	24	배달비 0원 + 1,100원 즉시할인
167	0	0	얼얼~한 마라에 침샘폭발! 참을 수 없는 참지마라치킨!
167	66	155	60계치킨 서울역삼점 내 메뉴를 찾아보세요
167	173	90	3,000원 쿠폰 추가 적용 가능
167	182	51	3 / 7
167	248	318	60계치킨 서울역삼점
167	263	168	바삭바삭맛있어요!!^^
167	263	606	역시 크크크치킨❤️
167	298	404	4.9(2,101)
167	432	114	&#128293; 인기메뉴
167	432	328	리뷰이벤트
167	432	498	신메뉴
167	432	624	쯔란메뉴
167	432	772	뼈한마리
167	533	42	인기메뉴
167	611	88	1위
167	611	304	2위
167	611	520	3위
167	611	708	4위
167	810	36	순살 크크크치킨
167	810	252	크크크치킨
167	810	468	콤보(윙,봉,다리)
167	810	684	후라이드
167	851	36	27,900원
167	851	252	26,900원
167	851	468	24,900원
167	851	684	22,900원
167	1004	60	리뷰이벤트
167	1050	36	리뷰이벤트 혜택은 주문당 1개만 제공됩니다.
167	1124	36	리뷰이벤트
167	1178	36	0원
167	1236	36	본 메뉴는 리뷰 이벤트 참여 고객 대상 상품입니다. 이벤트 혜택은 주문 1건당 1회만 제공됩니다.
167	1314	63	리뷰 (12)
167	1418	42	신메뉴
167	1441	121	지금 와우 가입하면 배달비 0원 + 25,000원 쿠폰
167	1458	781	가입하기
167	1500	36	참지마라치킨
167	1554	36	20,900원
167	1556	24	배달비 0원 + 1,100원 즉시할인
168	66	155	60계치킨 서울역삼점 내 메뉴를 찾아보세요
168	132	88	1위
168	132	304	2위
168	132	520	3위
168	132	708	4위
168	151	114	&#128293; 인기메뉴
168	151	328	리뷰이벤트
168	151	498	신메뉴
168	151	624	쯔란메뉴
168	151	772	뼈한마리
168	182	51	4 / 7
168	248	318	60계치킨 서울역삼점
168	298	404	4.9(2,101)
168	317	36	순살 크크크치킨
168	317	252	크크크치킨
168	317	468	콤보(윙,봉,다리)
168	317	684	후라이드
168	358	36	27,900원
168	358	252	26,900원
168	358	468	24,900원
168	358	684	22,900원
168	511	60	리뷰이벤트
168	557	36	리뷰이벤트 혜택은 주문당 1개만 제공됩니다.
168	631	36	리뷰이벤트
168	685	36	0원
168	743	36	본 메뉴는 리뷰 이벤트 참여 고객 대상 상품입니다. 이벤트 혜택은 주문 1건당 1회만 제공됩니다.
168	821	63	리뷰 (12)
168	925	42	신메뉴
168	1007	36	참지마라치킨
168	1061	36	20,900원
168	1119	36	얼얼~한 마라에 침샘폭발! 참을 수 없는 참지마라치킨!
168	1220	36	순살 참지마라치킨
168	1274	36	21,900원
168	1332	36	얼얼~한 마라에 침샘폭발! 참을 수 없는 참지마라치킨!
168	1433	36	윙봉 참지마라치킨
168	1441	121	지금 와우 가입하면 배달비 0원 + 25,000원 쿠폰
168	1458	781	가입하기
168	1487	36	22,500원
168	1545	36	얼얼~한 마라에 침샘폭발! 참을 수 없는 참지마라치킨!
168	1556	24	배달비 0원 + 1,100원 즉시할인
169	0	0	100% (38개)
169	0	0	ㆍ
169	0	0	리뷰 (33)
169	66	155	60계치킨 서울역삼점 내 메뉴를 찾아보세요
169	141	36	리뷰이벤트
169	151	144	리뷰이벤트
169	151	314	신메뉴
169	151	440	쯔란메뉴
169	151	588	뼈한마리
169	151	736	순살한마리
169	182	51	5 / 7
169	195	36	0원
169	248	318	60계치킨 서울역삼점
169	253	36	본 메뉴는 리뷰 이벤트 참여 고객 대상 상품입니다. 이벤트 혜택은 주문 1건당 1회만 제공됩니다.
169	298	404	4.9(2,101)
169	331	63	리뷰 (12)
169	435	42	신메뉴
169	517	36	참지마라치킨
169	571	36	20,900원
169	629	36	얼얼~한 마라에 침샘폭발! 참을 수 없는 참지마라치킨!
169	730	36	순살 참지마라치킨
169	784	36	21,900원
169	842	36	얼얼~한 마라에 침샘폭발! 참을 수 없는 참지마라치킨!
169	943	36	윙봉 참지마라치킨
169	997	36	22,500원
169	1055	36	얼얼~한 마라에 침샘폭발! 참을 수 없는 참지마라치킨!
169	1156	36	콤보 참지마라치킨
169	1210	36	22,500원
169	1268	36	얼얼~한 마라에 침샘폭발! 참을 수 없는 참지마라치킨!
169	1399	42	쯔란메뉴
169	1441	121	지금 와우 가입하면 배달비 0원 + 25,000원 쿠폰
169	1458	781	가입하기
169	1481	36	쯔란윙봉
169	1535	36	28,900원
169	1556	24	배달비 0원 + 1,100원 즉시할인
169	1593	36	빠삭한 치킨에 쯔란 범벅! 쯔란윙봉
170	0	0	100% (5개)
170	0	0	ㆍ
170	0	0	리뷰 (4)
170	31	36	참지마라치킨
170	66	155	60계치킨 서울역삼점 내 메뉴를 찾아보세요
170	143	36	얼얼~한 마라에 침샘폭발! 참을 수 없는 참지마라치킨!
170	151	114	신메뉴
170	151	240	쯔란메뉴
170	151	388	뼈한마리
170	151	536	순살한마리
170	151	706	반반메뉴
170	151	854	부분육 메뉴
170	182	51	6 / 7
170	244	36	순살 참지마라치킨
170	248	318	60계치킨 서울역삼점
170	298	36	21,900원
170	298	404	4.9(2,101)
170	356	36	얼얼~한 마라에 침샘폭발! 참을 수 없는 참지마라치킨!
170	457	36	윙봉 참지마라치킨
170	511	36	22,500원
170	569	36	얼얼~한 마라에 침샘폭발! 참을 수 없는 참지마라치킨!
170	670	36	콤보 참지마라치킨
170	724	36	22,500원
170	782	36	얼얼~한 마라에 침샘폭발! 참을 수 없는 참지마라치킨!
170	913	42	쯔란메뉴
170	995	36	쯔란윙봉
170	1049	36	28,900원
170	1107	36	빠삭한 치킨에 쯔란 범벅! 쯔란윙봉
170	1155	63	100% (38개)
170	1155	159	ㆍ
170	1155	203	리뷰 (33)
170	1229	36	쯔란콤보
170	1283	36	28,900원
170	1341	36	빠삭한 치킨에 쯔란 범벅! 쯔란콤보
170	1389	63	100% (14개)
170	1389	159	ㆍ
170	1389	203	리뷰 (16)
170	1441	121	지금 와우 가입하면 배달비 0원 + 25,000원 쿠폰
170	1458	781	가입하기
170	1463	36	순살 쯔란치킨
170	1517	36	27,900원
170	1556	24	배달비 0원 + 1,100원 즉시할인
170	1575	36	빠삭한 치킨에 쯔란 범벅! 쯔란순살
171	0	0	하하핫치킨을 더욱 핫하게! 푸하핫 웃음이 나오는 매콤한 맛!
171	0	36	윙봉 참지마라치킨
171	66	155	60계치킨 서울역삼점 내 메뉴를 찾아보세요
171	75	36	얼얼~한 마라에 침샘폭발! 참을 수 없는 참지마라치킨!
171	151	114	신메뉴
171	151	240	쯔란메뉴
171	151	388	뼈한마리
171	151	536	순살한마리
171	151	706	반반메뉴
171	151	854	부분육 메뉴
171	176	36	콤보 참지마라치킨
171	182	51	7 / 7
171	230	36	22,500원
171	248	318	60계치킨 서울역삼점
171	288	36	얼얼~한 마라에 침샘폭발! 참을 수 없는 참지마라치킨!
171	298	404	4.9(2,101)
171	419	42	쯔란메뉴
171	501	36	쯔란윙봉
171	555	36	28,900원
171	613	36	빠삭한 치킨에 쯔란 범벅! 쯔란윙봉
171	661	63	100% (38개)
171	661	159	ㆍ
171	661	203	리뷰 (33)
171	735	36	쯔란콤보
171	789	36	28,900원
171	847	36	빠삭한 치킨에 쯔란 범벅! 쯔란콤보
171	895	63	100% (14개)
171	895	159	ㆍ
171	895	203	리뷰 (16)
171	969	36	순살 쯔란치킨
171	1023	36	27,900원
171	1081	36	빠삭한 치킨에 쯔란 범벅! 쯔란순살
171	1129	63	100% (5개)
171	1129	149	ㆍ
171	1129	193	리뷰 (4)
171	1233	60	뼈한마리
171	1315	36	크랑이치킨
171	1369	36	26,900원
171	1427	36	(웨지감자 미포함)크크크 치킨과 호랑이 시즈닝의 빠삭한 만남! *소스는 별도 구매입니다.
171	1441	121	지금 와우 가입하면 배달비 0원 + 25,000원 쿠폰
171	1458	781	가입하기
171	1505	63	100% (5개)
171	1505	149	ㆍ
171	1505	193	리뷰 (5)
171	1556	24	배달비 0원 + 1,100원 즉시할인
171	1579	36	푸하핫치킨
172	0	0	(웨지감자 미포함)크럼블을 입혀! 크런치하고! 크리스피하다! 바삭 끝판왕 크크크치킨에 3가지 디핑소스 새콤한 크크크소스 & 달콤한 콘마요소스 & 매콤한 핫크크크소스를 찍어 먹으면 바삭해서 ㅋㅋㅋ 맛있어서 ㅋㅋㅋ
172	0	0	100% (66개)
172	0	0	ㆍ
172	0	0	리뷰 (116)
172	7	36	쯔란윙봉
172	66	155	60계치킨 서울역삼점 내 메뉴를 찾아보세요
172	119	36	빠삭한 치킨에 쯔란 범벅! 쯔란윙봉
172	151	114	쯔란메뉴
172	151	262	뼈한마리
172	151	410	순살한마리
172	151	580	반반메뉴
172	151	728	부분육 메뉴
172	167	63	100% (38개)
172	167	159	ㆍ
172	167	203	리뷰 (33)
172	182	51	1 / 7
172	241	36	쯔란콤보
172	248	318	60계치킨 서울역삼점
172	295	36	28,900원
172	298	404	4.9(2,101)
172	353	36	빠삭한 치킨에 쯔란 범벅! 쯔란콤보
172	401	63	100% (14개)
172	401	159	ㆍ
172	401	203	리뷰 (16)
172	475	36	순살 쯔란치킨
172	529	36	27,900원
172	587	36	빠삭한 치킨에 쯔란 범벅! 쯔란순살
172	635	63	100% (5개)
172	635	149	ㆍ
172	635	193	리뷰 (4)
172	739	60	뼈한마리
172	821	36	크랑이치킨
172	875	36	26,900원
172	933	36	(웨지감자 미포함)크크크 치킨과 호랑이 시즈닝의 빠삭한 만남! *소스는 별도 구매입니다.
172	1011	63	100% (5개)
172	1011	149	ㆍ
172	1011	193	리뷰 (5)
172	1085	36	푸하핫치킨
172	1139	36	25,900원
172	1197	36	하하핫치킨을 더욱 핫하게! 푸하핫 웃음이 나오는 매콤한 맛!
172	1298	36	하하핫치킨
172	1352	36	25,900원
172	1410	36	제일 핫한치킨! 기분 좋은 매콤함! 입이 신난다! 하하핫치킨! 뿌리고치밥고(스틱)와 마요네즈로 치킨에 뿌려먹어도, 치밥으로 먹어도 GOOD!
172	1441	121	지금 와우 가입하면 배달비 0원 + 25,000원 쿠폰
172	1458	781	가입하기
172	1488	63	100% (1개)
172	1488	149	ㆍ
172	1488	193	리뷰 (1)
172	1556	24	배달비 0원 + 1,100원 즉시할인
172	1563	45	주문많음
172	1563	133	리뷰최고
172	1589	36	크크크치킨
173	0	36	순살 쯔란치킨
173	66	155	60계치킨 서울역삼점 내 메뉴를 찾아보세요
173	95	36	빠삭한 치킨에 쯔란 범벅! 쯔란순살
173	143	63	100% (5개)
173	143	149	ㆍ
173	143	193	리뷰 (4)
173	151	114	쯔란메뉴
173	151	262	뼈한마리
173	151	410	순살한마리
173	151	580	반반메뉴
173	151	728	부분육 메뉴
173	182	51	2 / 7
173	247	60	뼈한마리
173	248	318	60계치킨 서울역삼점
173	298	404	4.9(2,101)
173	329	36	크랑이치킨
173	383	36	26,900원
173	441	36	(웨지감자 미포함)크크크 치킨과 호랑이 시즈닝의 빠삭한 만남! *소스는 별도 구매입니다.
173	519	63	100% (5개)
173	519	149	ㆍ
173	519	193	리뷰 (5)
173	593	36	푸하핫치킨
173	647	36	25,900원
173	705	36	하하핫치킨을 더욱 핫하게! 푸하핫 웃음이 나오는 매콤한 맛!
173	806	36	하하핫치킨
173	860	36	25,900원
173	918	36	제일 핫한치킨! 기분 좋은 매콤함! 입이 신난다! 하하핫치킨! 뿌리고치밥고(스틱)와 마요네즈로 치킨에 뿌려먹어도, 치밥으로 먹어도 GOOD!
173	996	63	100% (1개)
173	996	149	ㆍ
173	996	193	리뷰 (1)
173	1071	45	주문많음
173	1071	133	리뷰최고
173	1097	36	크크크치킨
173	1151	36	26,900원
173	1209	36	(웨지감자 미포함)크럼블을 입혀! 크런치하고! 크리스피하다! 바삭 끝판왕 크크크치킨에 3가지 디핑소스 새콤한 크크크소스 & 달콤한 콘마요소스 & 매콤한 핫크크크소스를 찍어 먹으면 바삭해서 ㅋㅋㅋ 맛있어서 ㅋㅋㅋ
173	1287	63	100% (66개)
173	1287	159	ㆍ
173	1287	203	리뷰 (116)
173	1361	36	호랑이치킨
173	1415	36	25,900원
173	1441	121	지금 와우 가입하면 배달비 0원 + 25,000원 쿠폰
173	1458	781	가입하기
173	1473	36	범상치 않은 맛! 특제 소스 코팅과 갈릭콘 파우더의 조화로 단짠~ 끝맛은 살짝 매콤!
173	1551	63	100% (4개)
173	1551	149	ㆍ
173	1551	193	리뷰 (5)
173	1556	24	배달비 0원 + 1,100원 즉시할인
174	66	155	60계치킨 서울역삼점 내 메뉴를 찾아보세요
174	99	36	푸하핫치킨
174	151	114	뼈한마리
174	151	262	순살한마리
174	151	432	반반메뉴
174	151	580	부분육 메뉴
174	151	756	세트메뉴
174	153	36	25,900원
174	182	51	3 / 7
174	211	36	하하핫치킨을 더욱 핫하게! 푸하핫 웃음이 나오는 매콤한 맛!
174	248	318	60계치킨 서울역삼점
174	298	404	4.9(2,101)
174	312	36	하하핫치킨
174	366	36	25,900원
174	424	36	제일 핫한치킨! 기분 좋은 매콤함! 입이 신난다! 하하핫치킨! 뿌리고치밥고(스틱)와 마요네즈로 치킨에 뿌려먹어도, 치밥으로 먹어도 GOOD!
174	502	63	100% (1개)
174	502	149	ㆍ
174	502	193	리뷰 (1)
174	577	45	주문많음
174	577	133	리뷰최고
174	603	36	크크크치킨
174	657	36	26,900원
174	715	36	(웨지감자 미포함)크럼블을 입혀! 크런치하고! 크리스피하다! 바삭 끝판왕 크크크치킨에 3가지 디핑소스 새콤한 크크크소스 & 달콤한 콘마요소스 & 매콤한 핫크크크소스를 찍어 먹으면 바삭해서 ㅋㅋㅋ 맛있어서 ㅋㅋㅋ
174	793	63	100% (66개)
174	793	159	ㆍ
174	793	203	리뷰 (116)
174	867	36	호랑이치킨
174	921	36	25,900원
174	979	36	범상치 않은 맛! 특제 소스 코팅과 갈릭콘 파우더의 조화로 단짠~ 끝맛은 살짝 매콤!
174	1057	63	100% (4개)
174	1057	149	ㆍ
174	1057	193	리뷰 (5)
174	1131	36	간지치킨
174	1185	36	25,900원
174	1243	36	특제간장소스와 누룽지가환상적으로 어우러져 담백하고고소한 풍미가 일품아이들에게 인기
174	1321	63	100% (7개)
174	1321	149	ㆍ
174	1321	193	리뷰 (15)
174	1395	36	고추치킨
174	1441	121	지금 와우 가입하면 배달비 0원 + 25,000원 쿠폰
174	1449	36	25,900원
174	1458	781	가입하기
174	1507	36	청양고추 의 알싸함 깔끔 담백한 최고 인기메뉴
174	1555	63	100% (6개)
174	1555	149	ㆍ
174	1555	193	리뷰 (9)
174	1556	24	배달비 0원 + 1,100원 즉시할인
175	66	155	60계치킨 서울역삼점 내 메뉴를 찾아보세요
175	90	45	주문많음
175	90	133	리뷰최고
175	116	36	크크크치킨
175	151	114	뼈한마리
175	151	262	순살한마리
175	151	432	반반메뉴
175	151	580	부분육 메뉴
175	151	756	세트메뉴
175	170	36	26,900원
175	182	51	4 / 7
175	228	36	(웨지감자 미포함)크럼블을 입혀! 크런치하고! 크리스피하다! 바삭 끝판왕 크크크치킨에 3가지 디핑소스 새콤한 크크크소스 & 달콤한 콘마요소스 & 매콤한 핫크크크소스를 찍어 먹으면 바삭해서 ㅋㅋㅋ 맛있어서 ㅋㅋㅋ
175	248	318	60계치킨 서울역삼점
175	298	404	4.9(2,101)
175	306	63	100% (66개)
175	306	159	ㆍ
175	306	203	리뷰 (116)
175	380	36	호랑이치킨
175	434	36	25,900원
175	492	36	범상치 않은 맛! 특제 소스 코팅과 갈릭콘 파우더의 조화로 단짠~ 끝맛은 살짝 매콤!
175	570	63	100% (4개)
175	570	149	ㆍ
175	570	193	리뷰 (5)
175	644	36	간지치킨
175	698	36	25,900원
175	756	36	특제간장소스와 누룽지가환상적으로 어우러져 담백하고고소한 풍미가 일품아이들에게 인기
175	834	63	100% (7개)
175	834	149	ㆍ
175	834	193	리뷰 (15)
175	908	36	고추치킨
175	962	36	25,900원
175	1020	36	청양고추 의 알싸함 깔끔 담백한 최고 인기메뉴
175	1068	63	100% (6개)
175	1068	149	ㆍ
175	1068	193	리뷰 (9)
175	1142	36	더매운고추치킨(매움주의)
175	1196	36	26,900원
175	1254	36	더 핫하게 돌아온 더매운고추치킨
175	1302	63	100% (2개)
175	1302	149	ㆍ
175	1302	193	리뷰 (1)
175	1376	36	후라이드
175	1430	36	22,900원
175	1441	121	지금 와우 가입하면 배달비 0원 + 25,000원 쿠폰
175	1458	781	가입하기
175	1488	36	60계만의 황금빛파우더가 선사하는바삭함과 육즙가득 터지는 부드러운속살이 환상적인 맛
175	1556	24	배달비 0원 + 1,100원 즉시할인
175	1566	63	100% (14개)
175	1566	159	ㆍ
175	1566	203	리뷰 (24)
176	0	0	(웨지감자 미포함)크크크 치킨과 호랑이 시즈닝의 빠삭한 만남! *소스는 별도 구매입니다.
176	0	0	100% (8개)
176	0	0	ㆍ
176	0	0	리뷰 (6)
176	0	0	호랑이치킨
176	7	36	범상치 않은 맛! 특제 소스 코팅과 갈릭콘 파우더의 조화로 단짠~ 끝맛은 살짝 매콤!
176	66	155	60계치킨 서울역삼점 내 메뉴를 찾아보세요
176	85	63	100% (4개)
176	85	149	ㆍ
176	85	193	리뷰 (5)
176	151	114	뼈한마리
176	151	262	순살한마리
176	151	432	반반메뉴
176	151	580	부분육 메뉴
176	151	756	세트메뉴
176	159	36	간지치킨
176	182	51	5 / 7
176	213	36	25,900원
176	248	318	60계치킨 서울역삼점
176	271	36	특제간장소스와 누룽지가환상적으로 어우러져 담백하고고소한 풍미가 일품아이들에게 인기
176	298	404	4.9(2,101)
176	349	63	100% (7개)
176	349	149	ㆍ
176	349	193	리뷰 (15)
176	423	36	고추치킨
176	477	36	25,900원
176	535	36	청양고추 의 알싸함 깔끔 담백한 최고 인기메뉴
176	583	63	100% (6개)
176	583	149	ㆍ
176	583	193	리뷰 (9)
176	657	36	더매운고추치킨(매움주의)
176	711	36	26,900원
176	769	36	더 핫하게 돌아온 더매운고추치킨
176	817	63	100% (2개)
176	817	149	ㆍ
176	817	193	리뷰 (1)
176	891	36	후라이드
176	945	36	22,900원
176	1003	36	60계만의 황금빛파우더가 선사하는바삭함과 육즙가득 터지는 부드러운속살이 환상적인 맛
176	1081	63	100% (14개)
176	1081	159	ㆍ
176	1081	203	리뷰 (24)
176	1155	36	양념치킨
176	1209	36	24,900원
176	1267	36	깔끔하고 맵지 않아 남녀노소 누구나즐길 수 있는 클래스가 다른 양념치킨
176	1315	63	100% (3개)
176	1315	149	ㆍ
176	1315	193	리뷰 (5)
176	1419	60	순살한마리
176	1441	121	지금 와우 가입하면 배달비 0원 + 25,000원 쿠폰
176	1458	781	가입하기
176	1501	36	순살 크랑이치킨
176	1555	36	27,900원
176	1556	24	배달비 0원 + 1,100원 즉시할인
177	0	0	100% (2개)
177	0	0	ㆍ
177	0	0	고추치킨
177	0	0	리뷰 (2)
177	38	36	청양고추 의 알싸함 깔끔 담백한 최고 인기메뉴
177	66	155	60계치킨 서울역삼점 내 메뉴를 찾아보세요
177	86	63	100% (6개)
177	86	149	ㆍ
177	86	193	리뷰 (9)
177	151	114	뼈한마리
177	151	262	순살한마리
177	151	432	반반메뉴
177	151	580	부분육 메뉴
177	151	756	세트메뉴
177	160	36	더매운고추치킨(매움주의)
177	182	51	6 / 7
177	214	36	26,900원
177	248	318	60계치킨 서울역삼점
177	272	36	더 핫하게 돌아온 더매운고추치킨
177	298	404	4.9(2,101)
177	320	63	100% (2개)
177	320	149	ㆍ
177	320	193	리뷰 (1)
177	394	36	후라이드
177	448	36	22,900원
177	506	36	60계만의 황금빛파우더가 선사하는바삭함과 육즙가득 터지는 부드러운속살이 환상적인 맛
177	584	63	100% (14개)
177	584	159	ㆍ
177	584	203	리뷰 (24)
177	658	36	양념치킨
177	712	36	24,900원
177	770	36	깔끔하고 맵지 않아 남녀노소 누구나즐길 수 있는 클래스가 다른 양념치킨
177	818	63	100% (3개)
177	818	149	ㆍ
177	818	193	리뷰 (5)
177	922	60	순살한마리
177	1004	36	순살 크랑이치킨
177	1058	36	27,900원
177	1116	36	(웨지감자 미포함)크크크 치킨과 호랑이 시즈닝의 빠삭한 만남! *소스는 별도 구매입니다.
177	1194	63	100% (8개)
177	1194	149	ㆍ
177	1194	193	리뷰 (6)
177	1268	36	순살 푸하핫치킨
177	1322	36	27,900원
177	1380	36	하하핫치킨을 더욱 핫하게! 푸하핫 웃음이 나오는 매콤한 맛!
177	1441	121	지금 와우 가입하면 배달비 0원 + 25,000원 쿠폰
177	1458	781	가입하기
177	1481	36	순살 하하핫치킨
177	1535	36	26,900원
177	1556	24	배달비 0원 + 1,100원 즉시할인
177	1593	36	제일 핫한치킨! 기분 좋은 매콤함! 입이 신난다! 하하핫치킨! 뿌리고치밥고(스틱)와 마요네즈로 치킨에 뿌려먹어도, 치밥으로 먹어도 GOOD!
178	0	0	리뷰 (2)
178	0	0	범상치 않은 맛! 특제 소스 코팅과 갈릭콘 파우더의 조화로 단짠~ 끝맛은 살짝 매콤!
178	0	0	후라이드
178	11	36	60계만의 황금빛파우더가 선사하는바삭함과 육즙가득 터지는 부드러운속살이 환상적인 맛
178	66	155	60계치킨 서울역삼점 내 메뉴를 찾아보세요
178	89	63	100% (14개)
178	89	159	ㆍ
178	89	203	리뷰 (24)
178	151	114	뼈한마리
178	151	262	순살한마리
178	151	432	반반메뉴
178	151	580	부분육 메뉴
178	151	756	세트메뉴
178	163	36	양념치킨
178	182	51	7 / 7
178	217	36	24,900원
178	248	318	60계치킨 서울역삼점
178	275	36	깔끔하고 맵지 않아 남녀노소 누구나즐길 수 있는 클래스가 다른 양념치킨
178	298	404	4.9(2,101)
178	323	63	100% (3개)
178	323	149	ㆍ
178	323	193	리뷰 (5)
178	427	60	순살한마리
178	509	36	순살 크랑이치킨
178	563	36	27,900원
178	621	36	(웨지감자 미포함)크크크 치킨과 호랑이 시즈닝의 빠삭한 만남! *소스는 별도 구매입니다.
178	699	63	100% (8개)
178	699	149	ㆍ
178	699	193	리뷰 (6)
178	773	36	순살 푸하핫치킨
178	827	36	27,900원
178	885	36	하하핫치킨을 더욱 핫하게! 푸하핫 웃음이 나오는 매콤한 맛!
178	986	36	순살 하하핫치킨
178	1040	36	26,900원
178	1098	36	제일 핫한치킨! 기분 좋은 매콤함! 입이 신난다! 하하핫치킨! 뿌리고치밥고(스틱)와 마요네즈로 치킨에 뿌려먹어도, 치밥으로 먹어도 GOOD!
178	1176	63	100% (2개)
178	1176	149	ㆍ
178	1176	193	리뷰 (2)
178	1251	45	주문많음
178	1251	133	리뷰최고
178	1277	36	순살 크크크치킨
178	1331	36	27,900원
178	1389	36	(웨지감자 미포함)크럼블을 입혀! 크런치하고! 크리스피하다! 바삭 끝판왕 크크크치킨에 3가지 디핑소스 새콤한 크크크소스 & 달콤한 콘마요소스 & 매콤한 핫크크크소스를 찍어 먹으면 바삭해서 ㅋㅋㅋ 맛있어서 ㅋㅋㅋ
178	1441	121	지금 와우 가입하면 배달비 0원 + 25,000원 쿠폰
178	1458	781	가입하기
178	1467	63	99% (91개)
178	1467	149	ㆍ
178	1467	193	리뷰 (98)
178	1541	36	순살 호랑이치킨
178	1556	24	배달비 0원 + 1,100원 즉시할인
178	1595	36	26,900원
179	0	0	75% (4개)
179	0	0	ㆍ
179	0	0	리뷰 (7)
179	0	0	청양고추 의 알싸함 깔끔 담백한 최고 인기메뉴
179	15	36	순살 크랑이치킨
179	66	155	60계치킨 서울역삼점 내 메뉴를 찾아보세요
179	127	36	(웨지감자 미포함)크크크 치킨과 호랑이 시즈닝의 빠삭한 만남! *소스는 별도 구매입니다.
179	151	114	순살한마리
179	151	284	반반메뉴
179	151	432	부분육 메뉴
179	151	608	세트메뉴
179	151	756	사이드메뉴
179	182	51	1 / 7
179	205	63	100% (8개)
179	205	149	ㆍ
179	205	193	리뷰 (6)
179	248	318	60계치킨 서울역삼점
179	279	36	순살 푸하핫치킨
179	298	404	4.9(2,101)
179	333	36	27,900원
179	391	36	하하핫치킨을 더욱 핫하게! 푸하핫 웃음이 나오는 매콤한 맛!
179	492	36	순살 하하핫치킨
179	546	36	26,900원
179	604	36	제일 핫한치킨! 기분 좋은 매콤함! 입이 신난다! 하하핫치킨! 뿌리고치밥고(스틱)와 마요네즈로 치킨에 뿌려먹어도, 치밥으로 먹어도 GOOD!
179	682	63	100% (2개)
179	682	149	ㆍ
179	682	193	리뷰 (2)
179	757	45	주문많음
179	757	133	리뷰최고
179	783	36	순살 크크크치킨
179	837	36	27,900원
179	895	36	(웨지감자 미포함)크럼블을 입혀! 크런치하고! 크리스피하다! 바삭 끝판왕 크크크치킨에 3가지 디핑소스 새콤한 크크크소스 & 달콤한 콘마요소스 & 매콤한 핫크크크소스를 찍어 먹으면 바삭해서 ㅋㅋㅋ 맛있어서 ㅋㅋㅋ
179	973	63	99% (91개)
179	973	149	ㆍ
179	973	193	리뷰 (98)
179	1047	36	순살 호랑이치킨
179	1101	36	26,900원
179	1159	36	범상치 않은 맛! 특제 소스 코팅과 갈릭콘 파우더의 조화로 단짠~ 끝맛은 살짝 매콤!
179	1237	63	리뷰 (2)
179	1311	36	순살 간지치킨
179	1365	36	26,900원
179	1423	36	특제간장소스와 누룽지가환상적으로 어우러져 담백하고고소한 풍미가 일품아이들에게 인기
179	1441	121	지금 와우 가입하면 배달비 0원 + 25,000원 쿠폰
179	1458	781	가입하기
179	1501	63	92% (12개)
179	1501	149	ㆍ
179	1501	193	리뷰 (12)
179	1556	24	배달비 0원 + 1,100원 즉시할인
179	1575	36	순살 고추치킨
180	0	0	100% (11개)
180	0	0	60계만의 황금빛파우더가 선사하는바삭함과 육즙가득 터지는 부드러운속살이 환상적인 맛
180	0	0	ㆍ
180	0	0	리뷰 (9)
180	0	36	순살 하하핫치킨
180	66	155	60계치킨 서울역삼점 내 메뉴를 찾아보세요
180	111	36	제일 핫한치킨! 기분 좋은 매콤함! 입이 신난다! 하하핫치킨! 뿌리고치밥고(스틱)와 마요네즈로 치킨에 뿌려먹어도, 치밥으로 먹어도 GOOD!
180	151	114	순살한마리
180	151	284	반반메뉴
180	151	432	부분육 메뉴
180	151	608	세트메뉴
180	151	756	사이드메뉴
180	182	51	2 / 7
180	189	63	100% (2개)
180	189	149	ㆍ
180	189	193	리뷰 (2)
180	248	318	60계치킨 서울역삼점
180	264	45	주문많음
180	264	133	리뷰최고
180	290	36	순살 크크크치킨
180	298	404	4.9(2,101)
180	344	36	27,900원
180	402	36	(웨지감자 미포함)크럼블을 입혀! 크런치하고! 크리스피하다! 바삭 끝판왕 크크크치킨에 3가지 디핑소스 새콤한 크크크소스 & 달콤한 콘마요소스 & 매콤한 핫크크크소스를 찍어 먹으면 바삭해서 ㅋㅋㅋ 맛있어서 ㅋㅋㅋ
180	480	63	99% (91개)
180	480	149	ㆍ
180	480	193	리뷰 (98)
180	554	36	순살 호랑이치킨
180	608	36	26,900원
180	666	36	범상치 않은 맛! 특제 소스 코팅과 갈릭콘 파우더의 조화로 단짠~ 끝맛은 살짝 매콤!
180	744	63	리뷰 (2)
180	818	36	순살 간지치킨
180	872	36	26,900원
180	930	36	특제간장소스와 누룽지가환상적으로 어우러져 담백하고고소한 풍미가 일품아이들에게 인기
180	1008	63	92% (12개)
180	1008	149	ㆍ
180	1008	193	리뷰 (12)
180	1082	36	순살 고추치킨
180	1136	36	26,900원
180	1194	36	청양고추 의 알싸함 깔끔 담백한 최고 인기메뉴
180	1242	63	75% (4개)
180	1242	139	ㆍ
180	1242	183	리뷰 (7)
180	1316	36	순살 더매운고추치킨(매움주의)
180	1370	36	27,900원
180	1428	36	더 핫하게 돌아온 더매운고추치킨
180	1441	121	지금 와우 가입하면 배달비 0원 + 25,000원 쿠폰
180	1458	781	가입하기
180	1476	63	100% (2개)
180	1476	149	ㆍ
180	1476	193	리뷰 (2)
180	1550	36	순살후라이드
180	1556	24	배달비 0원 + 1,100원 즉시할인
181	59	36	순살 호랑이치킨
181	66	155	60계치킨 서울역삼점 내 메뉴를 찾아보세요
181	132	36	26,900원
181	151	114	순살한마리
181	151	284	반반메뉴
181	151	432	부분육 메뉴
181	151	608	세트메뉴
181	151	756	사이드메뉴
181	171	36	범상치 않은 맛! 특제 소스 코팅과 갈릭콘 파우더의 조화로 단짠~ 끝맛은 살짝 매콤!
181	182	51	3 / 7
181	248	318	60계치킨 서울역삼점
181	249	63	리뷰 (2)
181	298	404	4.9(2,101)
181	323	36	순살 간지치킨
181	377	36	26,900원
181	435	36	특제간장소스와 누룽지가환상적으로 어우러져 담백하고고소한 풍미가 일품아이들에게 인기
181	513	63	92% (12개)
181	513	149	ㆍ
181	513	193	리뷰 (12)
181	587	36	순살 고추치킨
181	641	36	26,900원
181	699	36	청양고추 의 알싸함 깔끔 담백한 최고 인기메뉴
181	747	63	75% (4개)
181	747	139	ㆍ
181	747	183	리뷰 (7)
181	821	36	순살 더매운고추치킨(매움주의)
181	875	36	27,900원
181	933	36	더 핫하게 돌아온 더매운고추치킨
181	981	63	100% (2개)
181	981	149	ㆍ
181	981	193	리뷰 (2)
181	1055	36	순살후라이드
181	1109	36	23,900원
181	1167	36	60계만의 황금빛파우더가 선사하는바삭함과 육즙가득 터지는 부드러운속살이 환상적인 맛
181	1245	63	100% (11개)
181	1245	159	ㆍ
181	1245	203	리뷰 (9)
181	1319	36	순살 양념치킨
181	1373	36	25,900원
181	1431	36	깔끔하고 맵지 않아 남녀노소 누구나즐길 수 있는 클래스가 다른 양념치킨
181	1441	121	지금 와우 가입하면 배달비 0원 + 25,000원 쿠폰
181	1458	781	가입하기
181	1479	63	100% (3개)
181	1479	149	ㆍ
181	1479	193	리뷰 (4)
181	1556	24	배달비 0원 + 1,100원 즉시할인
181	1583	60	반반메뉴
182	66	155	60계치킨 서울역삼점 내 메뉴를 찾아보세요
182	101	36	순살 고추치킨
182	151	114	순살한마리
182	151	284	반반메뉴
182	151	432	부분육 메뉴
182	151	608	세트메뉴
182	151	756	사이드메뉴
182	155	36	26,900원
182	182	51	4 / 7
182	213	36	청양고추 의 알싸함 깔끔 담백한 최고 인기메뉴
182	248	318	60계치킨 서울역삼점
182	261	63	75% (4개)
182	261	139	ㆍ
182	261	183	리뷰 (7)
182	298	404	4.9(2,101)
182	335	36	순살 더매운고추치킨(매움주의)
182	389	36	27,900원
182	447	36	더 핫하게 돌아온 더매운고추치킨
182	495	63	100% (2개)
182	495	149	ㆍ
182	495	193	리뷰 (2)
182	569	36	순살후라이드
182	623	36	23,900원
182	681	36	60계만의 황금빛파우더가 선사하는바삭함과 육즙가득 터지는 부드러운속살이 환상적인 맛
182	759	63	100% (11개)
182	759	159	ㆍ
182	759	203	리뷰 (9)
182	833	36	순살 양념치킨
182	887	36	25,900원
182	945	36	깔끔하고 맵지 않아 남녀노소 누구나즐길 수 있는 클래스가 다른 양념치킨
182	993	63	100% (3개)
182	993	149	ㆍ
182	993	193	리뷰 (4)
182	1097	60	반반메뉴
182	1179	36	뼈 후라이드반+선택반
182	1233	36	24,900원
182	1291	63	92% (13개)
182	1291	149	ㆍ
182	1291	193	리뷰 (21)
182	1392	36	순살 후라이드반+선택반
182	1441	121	지금 와우 가입하면 배달비 0원 + 25,000원 쿠폰
182	1446	36	25,900원
182	1458	781	가입하기
182	1504	36	(조리전 중량 650g) 다리살+안심살+가슴살
182	1552	63	94% (16개)
182	1552	149	ㆍ
182	1552	193	리뷰 (13)
182	1556	24	배달비 0원 + 1,100원 즉시할인
183	0	0	리뷰 (2)
183	0	0	뼈 선택반+선택반
183	66	155	60계치킨 서울역삼점 내 메뉴를 찾아보세요
183	75	36	순살후라이드
183	132	36	23,900원
183	151	114	순살한마리
183	151	284	반반메뉴
183	151	432	부분육 메뉴
183	151	608	세트메뉴
183	151	756	사이드메뉴
183	182	51	5 / 7
183	187	36	60계만의 황금빛파우더가 선사하는바삭함과 육즙가득 터지는 부드러운속살이 환상적인 맛
183	248	318	60계치킨 서울역삼점
183	265	63	100% (11개)
183	265	159	ㆍ
183	265	203	리뷰 (9)
183	298	404	4.9(2,101)
183	339	36	순살 양념치킨
183	393	36	25,900원
183	451	36	깔끔하고 맵지 않아 남녀노소 누구나즐길 수 있는 클래스가 다른 양념치킨
183	499	63	100% (3개)
183	499	149	ㆍ
183	499	193	리뷰 (4)
183	603	60	반반메뉴
183	685	36	뼈 후라이드반+선택반
183	739	36	24,900원
183	797	63	92% (13개)
183	797	149	ㆍ
183	797	193	리뷰 (21)
183	898	36	순살 후라이드반+선택반
183	952	36	25,900원
183	1010	36	(조리전 중량 650g) 다리살+안심살+가슴살
183	1058	63	94% (16개)
183	1058	149	ㆍ
183	1058	193	리뷰 (13)
183	1132	36	윙봉 후라이드반+선택반
183	1186	36	26,900원
183	1244	36	맛있는 윙과 봉만 모았다!인기 메뉴 윙봉세트!(맛 변경 가능)
183	1292	63	88% (8개)
183	1292	139	ㆍ
183	1292	183	리뷰 (7)
183	1366	36	콤보 후라이드반+선택반
183	1420	36	26,900원
183	1441	121	지금 와우 가입하면 배달비 0원 + 25,000원 쿠폰
183	1458	781	가입하기
183	1478	36	&lt;맛선택가능&gt;콤보반 선택, 윙+봉+다리(1/2컷)+콜라,치킨무
183	1526	63	100% (9개)
183	1526	149	ㆍ
183	1526	193	리뷰 (6)
183	1556	24	배달비 0원 + 1,100원 즉시할인
184	0	0	100% (6개)
184	0	0	ㆍ
184	0	0	리뷰 (3)
184	0	0	맛있는 윙과 봉만 모았다!인기 메뉴 윙봉세트!(맛 변경 가능)
184	66	155	60계치킨 서울역삼점 내 메뉴를 찾아보세요
184	132	60	반반메뉴
184	151	114	반반메뉴
184	151	262	부분육 메뉴
184	151	438	세트메뉴
184	151	586	사이드메뉴
184	151	756	음료
184	151	860	소스,추가메뉴
184	182	51	6 / 7
184	199	36	뼈 후라이드반+선택반
184	248	318	60계치킨 서울역삼점
184	253	36	24,900원
184	298	404	4.9(2,101)
184	311	63	92% (13개)
184	311	149	ㆍ
184	311	193	리뷰 (21)
184	412	36	순살 후라이드반+선택반
184	466	36	25,900원
184	524	36	(조리전 중량 650g) 다리살+안심살+가슴살
184	572	63	94% (16개)
184	572	149	ㆍ
184	572	193	리뷰 (13)
184	646	36	윙봉 후라이드반+선택반
184	700	36	26,900원
184	758	36	맛있는 윙과 봉만 모았다!인기 메뉴 윙봉세트!(맛 변경 가능)
184	806	63	88% (8개)
184	806	139	ㆍ
184	806	183	리뷰 (7)
184	880	36	콤보 후라이드반+선택반
184	934	36	26,900원
184	992	36	&lt;맛선택가능&gt;콤보반 선택, 윙+봉+다리(1/2컷)+콜라,치킨무
184	1040	63	100% (9개)
184	1040	149	ㆍ
184	1040	193	리뷰 (6)
184	1114	36	뼈 선택반+선택반
184	1168	36	26,900원
184	1226	63	리뷰 (2)
184	1327	36	순살 선택반+선택반
184	1381	36	27,900원
184	1439	36	(조리전 중량 650g) 다리살+안심살+가슴살
184	1441	121	지금 와우 가입하면 배달비 0원 + 25,000원 쿠폰
184	1458	781	가입하기
184	1487	63	리뷰 (3)
184	1556	24	배달비 0원 + 1,100원 즉시할인
184	1561	36	윙봉 선택반+선택반
185	0	0	100% (5개)
185	0	0	ㆍ
185	0	0	리뷰 (9)
185	0	0	순살 후라이드반+선택반
185	38	36	(조리전 중량 650g) 다리살+안심살+가슴살
185	66	155	60계치킨 서울역삼점 내 메뉴를 찾아보세요
185	86	63	94% (16개)
185	86	149	ㆍ
185	86	193	리뷰 (13)
185	151	114	반반메뉴
185	151	262	부분육 메뉴
185	151	438	세트메뉴
185	151	586	사이드메뉴
185	151	756	음료
185	151	860	소스,추가메뉴
185	160	36	윙봉 후라이드반+선택반
185	182	51	7 / 7
185	214	36	26,900원
185	248	318	60계치킨 서울역삼점
185	272	36	맛있는 윙과 봉만 모았다!인기 메뉴 윙봉세트!(맛 변경 가능)
185	298	404	4.9(2,101)
185	320	63	88% (8개)
185	320	139	ㆍ
185	320	183	리뷰 (7)
185	394	36	콤보 후라이드반+선택반
185	448	36	26,900원
185	506	36	&lt;맛선택가능&gt;콤보반 선택, 윙+봉+다리(1/2컷)+콜라,치킨무
185	554	63	100% (9개)
185	554	149	ㆍ
185	554	193	리뷰 (6)
185	628	36	뼈 선택반+선택반
185	682	36	26,900원
185	740	63	리뷰 (2)
185	841	36	순살 선택반+선택반
185	895	36	27,900원
185	953	36	(조리전 중량 650g) 다리살+안심살+가슴살
185	1001	63	리뷰 (3)
185	1075	36	윙봉 선택반+선택반
185	1129	36	28,900원
185	1187	36	맛있는 윙과 봉만 모았다!인기 메뉴 윙봉세트!(맛 변경 가능)
185	1235	63	100% (6개)
185	1235	149	ㆍ
185	1235	193	리뷰 (3)
185	1309	36	콤보 선택반+선택반
185	1363	36	28,900원
185	1421	36	&lt;맛선택가능&gt;콤보반+반 선택1 콤보반+반 선택2, 윙+봉+다리(1/2컷)+콜라,치킨무
185	1441	121	지금 와우 가입하면 배달비 0원 + 25,000원 쿠폰
185	1458	781	가입하기
185	1499	63	100% (18개)
185	1499	159	ㆍ
185	1499	203	리뷰 (8)
185	1556	24	배달비 0원 + 1,100원 즉시할인
185	1573	36	크크크반+ 크랑이반
186	66	155	60계치킨 서울역삼점 내 메뉴를 찾아보세요
186	140	36	뼈 선택반+선택반
186	151	114	반반메뉴
186	151	262	부분육 메뉴
186	151	438	세트메뉴
186	151	586	사이드메뉴
186	151	756	음료
186	151	860	소스,추가메뉴
186	182	51	1 / 7
186	194	36	26,900원
186	248	318	60계치킨 서울역삼점
186	252	63	리뷰 (2)
186	298	404	4.9(2,101)
186	353	36	순살 선택반+선택반
186	407	36	27,900원
186	465	36	(조리전 중량 650g) 다리살+안심살+가슴살
186	513	63	리뷰 (3)
186	587	36	윙봉 선택반+선택반
186	641	36	28,900원
186	699	36	맛있는 윙과 봉만 모았다!인기 메뉴 윙봉세트!(맛 변경 가능)
186	747	63	100% (6개)
186	747	149	ㆍ
186	747	193	리뷰 (3)
186	821	36	콤보 선택반+선택반
186	875	36	28,900원
186	933	36	&lt;맛선택가능&gt;콤보반+반 선택1 콤보반+반 선택2, 윙+봉+다리(1/2컷)+콜라,치킨무
186	1011	63	100% (18개)
186	1011	159	ㆍ
186	1011	203	리뷰 (8)
186	1085	36	크크크반+ 크랑이반
186	1139	36	29,000원
186	1197	63	100% (5개)
186	1197	149	ㆍ
186	1197	193	리뷰 (9)
186	1328	60	부분육 메뉴
186	1410	36	봉 15조각
186	1441	121	지금 와우 가입하면 배달비 0원 + 25,000원 쿠폰
186	1458	781	가입하기
186	1464	36	15,500원
186	1522	36	&lt;맛선택가능&gt;콜라,무 미포함
186	1556	24	배달비 0원 + 1,100원 즉시할인
186	1570	63	100% (11개)
186	1570	159	ㆍ
186	1570	203	리뷰 (4)
187	66	155	60계치킨 서울역삼점 내 메뉴를 찾아보세요
187	101	36	윙봉 선택반+선택반
187	151	114	반반메뉴
187	151	262	부분육 메뉴
187	151	438	세트메뉴
187	151	586	사이드메뉴
187	151	756	음료
187	151	860	소스,추가메뉴
187	155	36	28,900원
187	182	51	2 / 7
187	213	36	맛있는 윙과 봉만 모았다!인기 메뉴 윙봉세트!(맛 변경 가능)
187	248	318	60계치킨 서울역삼점
187	261	63	100% (6개)
187	261	149	ㆍ
187	261	193	리뷰 (3)
187	298	404	4.9(2,101)
187	335	36	콤보 선택반+선택반
187	389	36	28,900원
187	447	36	&lt;맛선택가능&gt;콤보반+반 선택1 콤보반+반 선택2, 윙+봉+다리(1/2컷)+콜라,치킨무
187	525	63	100% (18개)
187	525	159	ㆍ
187	525	203	리뷰 (8)
187	599	36	크크크반+ 크랑이반
187	653	36	29,000원
187	711	63	100% (5개)
187	711	149	ㆍ
187	711	193	리뷰 (9)
187	842	60	부분육 메뉴
187	924	36	봉 15조각
187	978	36	15,500원
187	1036	36	&lt;맛선택가능&gt;콜라,무 미포함
187	1084	63	100% (11개)
187	1084	159	ㆍ
187	1084	203	리뷰 (4)
187	1158	36	윙 15조각
187	1212	36	15,500원
187	1270	36	&lt;맛선택가능&gt;콜라,무 미포함
187	1318	63	100% (17개)
187	1318	159	ㆍ
187	1318	203	리뷰 (8)
187	1392	36	다리만 6개 (1/2컷팅 12조각)
187	1441	121	지금 와우 가입하면 배달비 0원 + 25,000원 쿠폰
187	1446	36	15,900원
187	1458	781	가입하기
187	1504	36	&lt;맛선택가능&gt;다리1/2컷,콜라,무 미포함
187	1552	63	91% (11개)
187	1552	149	ㆍ
187	1552	193	리뷰 (9)
187	1556	24	배달비 0원 + 1,100원 즉시할인
188	0	0	100% (20개)
188	0	0	ㆍ
188	0	0	리뷰 (16)
188	66	155	60계치킨 서울역삼점 내 메뉴를 찾아보세요
188	112	36	크크크반+ 크랑이반
188	151	114	반반메뉴
188	151	262	부분육 메뉴
188	151	438	세트메뉴
188	151	586	사이드메뉴
188	151	756	음료
188	151	860	소스,추가메뉴
188	166	36	29,000원
188	182	51	3 / 7
188	224	63	100% (5개)
188	224	149	ㆍ
188	224	193	리뷰 (9)
188	248	318	60계치킨 서울역삼점
188	298	404	4.9(2,101)
188	355	60	부분육 메뉴
188	437	36	봉 15조각
188	491	36	15,500원
188	549	36	&lt;맛선택가능&gt;콜라,무 미포함
188	597	63	100% (11개)
188	597	159	ㆍ
188	597	203	리뷰 (4)
188	671	36	윙 15조각
188	725	36	15,500원
188	783	36	&lt;맛선택가능&gt;콜라,무 미포함
188	831	63	100% (17개)
188	831	159	ㆍ
188	831	203	리뷰 (8)
188	905	36	다리만 6개 (1/2컷팅 12조각)
188	959	36	15,900원
188	1017	36	&lt;맛선택가능&gt;다리1/2컷,콜라,무 미포함
188	1065	63	91% (11개)
188	1065	149	ㆍ
188	1065	193	리뷰 (9)
188	1169	42	세트메뉴
188	1251	36	콤보(윙,봉,다리)
188	1305	36	24,900원
188	1363	36	&lt;맛선택가능&gt;윙+봉+다리(1/2컷)+무+콜라 포함
188	1411	63	98% (65개)
188	1411	149	ㆍ
188	1411	193	리뷰 (80)
188	1441	121	지금 와우 가입하면 배달비 0원 + 25,000원 쿠폰
188	1458	781	가입하기
188	1485	36	윙봉24세트
188	1539	36	24,900원
188	1556	24	배달비 0원 + 1,100원 즉시할인
188	1597	36	&lt;맛선택가능&gt;맛있는 윙과 봉만 모았다!인기 메뉴 윙봉세트! 윙+봉+쫀득볼+무+콜라 포함
189	0	0	봉 15조각
189	54	36	&lt;맛선택가능&gt;콜라,무 미포함
189	66	155	60계치킨 서울역삼점 내 메뉴를 찾아보세요
189	102	63	100% (11개)
189	102	159	ㆍ
189	102	203	리뷰 (4)
189	151	114	부분육 메뉴
189	151	290	세트메뉴
189	151	438	사이드메뉴
189	151	608	음료
189	151	712	소스,추가메뉴
189	176	36	윙 15조각
189	182	51	4 / 7
189	230	36	15,500원
189	248	318	60계치킨 서울역삼점
189	288	36	&lt;맛선택가능&gt;콜라,무 미포함
189	298	404	4.9(2,101)
189	336	63	100% (17개)
189	336	159	ㆍ
189	336	203	리뷰 (8)
189	410	36	다리만 6개 (1/2컷팅 12조각)
189	464	36	15,900원
189	522	36	&lt;맛선택가능&gt;다리1/2컷,콜라,무 미포함
189	570	63	91% (11개)
189	570	149	ㆍ
189	570	193	리뷰 (9)
189	674	42	세트메뉴
189	756	36	콤보(윙,봉,다리)
189	810	36	24,900원
189	868	36	&lt;맛선택가능&gt;윙+봉+다리(1/2컷)+무+콜라 포함
189	916	63	98% (65개)
189	916	149	ㆍ
189	916	193	리뷰 (80)
189	990	36	윙봉24세트
189	1044	36	24,900원
189	1102	36	&lt;맛선택가능&gt;맛있는 윙과 봉만 모았다!인기 메뉴 윙봉세트! 윙+봉+쫀득볼+무+콜라 포함
189	1180	63	100% (20개)
189	1180	159	ㆍ
189	1180	203	리뷰 (16)
189	1254	36	멘보샤 엔 순살
189	1308	36	28,900원
189	1366	36	&lt;맛선택가능&gt;순살1마리+멘보샤(5개)+딥핑소스+무+콜라
189	1441	121	지금 와우 가입하면 배달비 0원 + 25,000원 쿠폰
189	1458	781	가입하기
189	1467	36	치즈볼 엔 순살
189	1521	36	27,900원
189	1556	24	배달비 0원 + 1,100원 즉시할인
189	1579	36	&lt;맛선택가능&gt;순살1마리+치즈볼(3개)+메이플시럽+무+콜라
190	0	0	100% (2개)
190	0	0	ㆍ
190	0	0	깔끔하고 질기지 않아 더 바삭하고 고소한 근위튀김!
190	0	0	리뷰 (3)
190	66	155	60계치킨 서울역삼점 내 메뉴를 찾아보세요
190	151	114	부분육 메뉴
190	151	290	세트메뉴
190	151	438	사이드메뉴
190	151	608	음료
190	151	712	소스,추가메뉴
190	181	42	세트메뉴
190	182	51	5 / 7
190	248	318	60계치킨 서울역삼점
190	263	36	콤보(윙,봉,다리)
190	298	404	4.9(2,101)
190	317	36	24,900원
190	375	36	&lt;맛선택가능&gt;윙+봉+다리(1/2컷)+무+콜라 포함
190	423	63	98% (65개)
190	423	149	ㆍ
190	423	193	리뷰 (80)
190	497	36	윙봉24세트
190	551	36	24,900원
190	609	36	&lt;맛선택가능&gt;맛있는 윙과 봉만 모았다!인기 메뉴 윙봉세트! 윙+봉+쫀득볼+무+콜라 포함
190	687	63	100% (20개)
190	687	159	ㆍ
190	687	203	리뷰 (16)
190	761	36	멘보샤 엔 순살
190	815	36	28,900원
190	873	36	&lt;맛선택가능&gt;순살1마리+멘보샤(5개)+딥핑소스+무+콜라
190	974	36	치즈볼 엔 순살
190	1028	36	27,900원
190	1086	36	&lt;맛선택가능&gt;순살1마리+치즈볼(3개)+메이플시럽+무+콜라
190	1187	36	떡볶이 엔 순살
190	1241	36	31,900원
190	1299	36	&lt;맛선택가능&gt;순살1마리+떡볶이+무+콜라
190	1347	63	100% (2개)
190	1347	149	ㆍ
190	1347	193	리뷰 (2)
190	1441	121	지금 와우 가입하면 배달비 0원 + 25,000원 쿠폰
190	1451	60	사이드메뉴
190	1458	781	가입하기
190	1533	36	근위튀김
190	1556	24	배달비 0원 + 1,100원 즉시할인
190	1587	36	13,900원
191	0	0	깔끔하고 질기지 않아 더 바삭하고 고소한 근위튀김!
191	0	0	리뷰 (1)
191	14	36	윙봉24세트
191	66	155	60계치킨 서울역삼점 내 메뉴를 찾아보세요
191	126	36	&lt;맛선택가능&gt;맛있는 윙과 봉만 모았다!인기 메뉴 윙봉세트! 윙+봉+쫀득볼+무+콜라 포함
191	151	78	부분육 메뉴
191	151	199	세트메뉴
191	151	347	사이드메뉴
191	151	517	음료
191	151	621	소스,추가메뉴
191	151	820	주류
191	182	51	6 / 7
191	204	63	100% (20개)
191	204	159	ㆍ
191	204	203	리뷰 (16)
191	248	318	60계치킨 서울역삼점
191	278	36	멘보샤 엔 순살
191	298	404	4.9(2,101)
191	332	36	28,900원
191	390	36	&lt;맛선택가능&gt;순살1마리+멘보샤(5개)+딥핑소스+무+콜라
191	491	36	치즈볼 엔 순살
191	545	36	27,900원
191	603	36	&lt;맛선택가능&gt;순살1마리+치즈볼(3개)+메이플시럽+무+콜라
191	704	36	떡볶이 엔 순살
191	758	36	31,900원
191	816	36	&lt;맛선택가능&gt;순살1마리+떡볶이+무+콜라
191	864	63	100% (2개)
191	864	149	ㆍ
191	864	193	리뷰 (2)
191	968	60	사이드메뉴
191	1050	36	근위튀김
191	1104	36	13,900원
191	1162	36	깔끔하고 질기지 않아 더 바삭하고 고소한 근위튀김!
191	1210	63	100% (2개)
191	1210	149	ㆍ
191	1210	193	리뷰 (3)
191	1284	36	근위튀김(양념맛)
191	1338	36	15,900원
191	1396	36	깔끔하고 질기지 않아 더 바삭하고 고소한 근위튀김!
191	1441	121	지금 와우 가입하면 배달비 0원 + 25,000원 쿠폰
191	1458	781	가입하기
191	1497	36	근위튀김(아매워맛)
191	1551	36	15,900원
191	1556	24	배달비 0원 + 1,100원 즉시할인
192	0	0	100% (3개)
192	0	0	ㆍ
192	0	0	리뷰 (3)
192	0	36	치즈볼 엔 순살
192	66	155	60계치킨 서울역삼점 내 메뉴를 찾아보세요
192	109	36	&lt;맛선택가능&gt;순살1마리+치즈볼(3개)+메이플시럽+무+콜라
192	151	78	부분육 메뉴
192	151	199	세트메뉴
192	151	347	사이드메뉴
192	151	517	음료
192	151	621	소스,추가메뉴
192	151	820	주류
192	182	51	7 / 7
192	210	36	떡볶이 엔 순살
192	248	318	60계치킨 서울역삼점
192	264	36	31,900원
192	298	404	4.9(2,101)
192	322	36	&lt;맛선택가능&gt;순살1마리+떡볶이+무+콜라
192	370	63	100% (2개)
192	370	149	ㆍ
192	370	193	리뷰 (2)
192	474	60	사이드메뉴
192	556	36	근위튀김
192	610	36	13,900원
192	668	36	깔끔하고 질기지 않아 더 바삭하고 고소한 근위튀김!
192	716	63	100% (2개)
192	716	149	ㆍ
192	716	193	리뷰 (3)
192	790	36	근위튀김(양념맛)
192	844	36	15,900원
192	902	36	깔끔하고 질기지 않아 더 바삭하고 고소한 근위튀김!
192	1003	36	근위튀김(아매워맛)
192	1057	36	15,900원
192	1115	36	깔끔하고 질기지 않아 더 바삭하고 고소한 근위튀김!
192	1163	63	리뷰 (1)
192	1237	36	쫀득치즈볼(5개)
192	1291	36	5,500원
192	1349	36	달콤한 치즈가 듬뿍
192	1397	63	100% (5개)
192	1397	149	ㆍ
192	1397	193	리뷰 (4)
192	1441	121	지금 와우 가입하면 배달비 0원 + 25,000원 쿠폰
192	1458	781	가입하기
192	1471	36	웨지감자
192	1525	36	5,000원
192	1556	24	배달비 0원 + 1,100원 즉시할인
192	1583	36	감자가 이렇게 맛있습니다
193	0	0	100% (1개)
193	0	0	ㆍ
193	0	0	리뷰 (2)
193	61	36	근위튀김
193	66	155	60계치킨 서울역삼점 내 메뉴를 찾아보세요
193	132	36	13,900원
193	151	78	부분육 메뉴
193	151	199	세트메뉴
193	151	347	사이드메뉴
193	151	517	음료
193	151	621	소스,추가메뉴
193	151	820	주류
193	173	36	깔끔하고 질기지 않아 더 바삭하고 고소한 근위튀김!
193	182	51	1 / 7
193	221	63	100% (2개)
193	221	149	ㆍ
193	221	193	리뷰 (3)
193	248	318	60계치킨 서울역삼점
193	295	36	근위튀김(양념맛)
193	298	404	4.9(2,101)
193	349	36	15,900원
193	407	36	깔끔하고 질기지 않아 더 바삭하고 고소한 근위튀김!
193	508	36	근위튀김(아매워맛)
193	562	36	15,900원
193	620	36	깔끔하고 질기지 않아 더 바삭하고 고소한 근위튀김!
193	668	63	리뷰 (1)
193	742	36	쫀득치즈볼(5개)
193	796	36	5,500원
193	854	36	달콤한 치즈가 듬뿍
193	902	63	100% (5개)
193	902	149	ㆍ
193	902	193	리뷰 (4)
193	976	36	웨지감자
193	1030	36	5,000원
193	1088	36	감자가 이렇게 맛있습니다
193	1136	63	100% (3개)
193	1136	149	ㆍ
193	1136	193	리뷰 (3)
193	1210	36	미니쫀득볼(10개)
193	1264	36	4,500원
193	1322	36	쫀득 탱탱한 맛있는 쫀득볼!
193	1370	63	리뷰 (1)
193	1441	121	지금 와우 가입하면 배달비 0원 + 25,000원 쿠폰
193	1444	36	튀김만두
193	1458	781	가입하기
193	1498	36	5,000원
193	1556	24	배달비 0원 + 1,100원 즉시할인
193	1556	36	빠삭! 빠삭! 맛있는! 만두튀김!
194	0	0	100% (1개)
194	0	0	ㆍ
194	0	0	리뷰 (1)
194	0	0	치즈스틱(5개)
194	12	36	근위튀김(아매워맛)
194	66	155	60계치킨 서울역삼점 내 메뉴를 찾아보세요
194	124	36	깔끔하고 질기지 않아 더 바삭하고 고소한 근위튀김!
194	151	78	부분육 메뉴
194	151	199	세트메뉴
194	151	347	사이드메뉴
194	151	517	음료
194	151	621	소스,추가메뉴
194	151	820	주류
194	172	63	리뷰 (1)
194	182	51	2 / 7
194	246	36	쫀득치즈볼(5개)
194	248	318	60계치킨 서울역삼점
194	298	404	4.9(2,101)
194	300	36	5,500원
194	358	36	달콤한 치즈가 듬뿍
194	406	63	100% (5개)
194	406	149	ㆍ
194	406	193	리뷰 (4)
194	480	36	웨지감자
194	534	36	5,000원
194	592	36	감자가 이렇게 맛있습니다
194	640	63	100% (3개)
194	640	149	ㆍ
194	640	193	리뷰 (3)
194	714	36	미니쫀득볼(10개)
194	768	36	4,500원
194	826	36	쫀득 탱탱한 맛있는 쫀득볼!
194	874	63	리뷰 (1)
194	948	36	튀김만두
194	1002	36	5,000원
194	1060	36	빠삭! 빠삭! 맛있는! 만두튀김!
194	1108	63	100% (1개)
194	1108	149	ㆍ
194	1108	193	리뷰 (2)
194	1182	36	떡볶이
194	1236	36	8,900원
194	1294	63	86% (7개)
194	1294	139	ㆍ
194	1294	183	리뷰 (12)
194	1395	36	쫀도그(3개)
194	1441	121	지금 와우 가입하면 배달비 0원 + 25,000원 쿠폰
194	1449	36	5,500원
194	1458	781	가입하기
194	1507	63	100% (7개)
194	1507	149	ㆍ
194	1507	193	리뷰 (6)
194	1556	24	배달비 0원 + 1,100원 즉시할인
195	0	0	100% (1개)
195	0	0	ㆍ
195	0	0	리뷰 (2)
195	0	0	웨지감자에 호랑이 시즈닝 팍팍!
195	0	36	웨지감자
195	66	155	60계치킨 서울역삼점 내 메뉴를 찾아보세요
195	104	36	감자가 이렇게 맛있습니다
195	151	78	부분육 메뉴
195	151	199	세트메뉴
195	151	347	사이드메뉴
195	151	517	음료
195	151	621	소스,추가메뉴
195	151	820	주류
195	152	63	100% (3개)
195	152	149	ㆍ
195	152	193	리뷰 (3)
195	182	51	3 / 7
195	226	36	미니쫀득볼(10개)
195	248	318	60계치킨 서울역삼점
195	280	36	4,500원
195	298	404	4.9(2,101)
195	338	36	쫀득 탱탱한 맛있는 쫀득볼!
195	386	63	리뷰 (1)
195	460	36	튀김만두
195	514	36	5,000원
195	572	36	빠삭! 빠삭! 맛있는! 만두튀김!
195	620	63	100% (1개)
195	620	149	ㆍ
195	620	193	리뷰 (2)
195	694	36	떡볶이
195	748	36	8,900원
195	806	63	86% (7개)
195	806	139	ㆍ
195	806	183	리뷰 (12)
195	907	36	쫀도그(3개)
195	961	36	5,500원
195	1019	63	100% (7개)
195	1019	149	ㆍ
195	1019	193	리뷰 (6)
195	1120	36	치즈스틱(5개)
195	1174	36	5,000원
195	1232	63	100% (1개)
195	1232	149	ㆍ
195	1232	193	리뷰 (1)
195	1333	36	포테이토치즈스틱(3개)
195	1387	36	6,000원
195	1441	121	지금 와우 가입하면 배달비 0원 + 25,000원 쿠폰
195	1445	36	바삭한 감자튀김 안에 쫀득한 치즈스틱이 쏘옥~ 바삭쫀득 꿀케미!
195	1458	781	가입하기
195	1493	63	100% (4개)
195	1493	149	ㆍ
195	1493	193	리뷰 (5)
195	1556	24	배달비 0원 + 1,100원 즉시할인
195	1567	36	호랑이웨지감자
196	0	0	100% (1개)
196	0	0	맛있는 쫀도그에 호랑이 시즈닝 팍팍!
196	0	36	튀김만두
196	66	155	60계치킨 서울역삼점 내 메뉴를 찾아보세요
196	88	36	빠삭! 빠삭! 맛있는! 만두튀김!
196	136	63	100% (1개)
196	136	149	ㆍ
196	136	193	리뷰 (2)
196	151	78	부분육 메뉴
196	151	199	세트메뉴
196	151	347	사이드메뉴
196	151	517	음료
196	151	621	소스,추가메뉴
196	151	820	주류
196	182	51	4 / 7
196	210	36	떡볶이
196	248	318	60계치킨 서울역삼점
196	264	36	8,900원
196	298	404	4.9(2,101)
196	322	63	86% (7개)
196	322	139	ㆍ
196	322	183	리뷰 (12)
196	423	36	쫀도그(3개)
196	477	36	5,500원
196	535	63	100% (7개)
196	535	149	ㆍ
196	535	193	리뷰 (6)
196	636	36	치즈스틱(5개)
196	690	36	5,000원
196	748	63	100% (1개)
196	748	149	ㆍ
196	748	193	리뷰 (1)
196	849	36	포테이토치즈스틱(3개)
196	903	36	6,000원
196	961	36	바삭한 감자튀김 안에 쫀득한 치즈스틱이 쏘옥~ 바삭쫀득 꿀케미!
196	1009	63	100% (4개)
196	1009	149	ㆍ
196	1009	193	리뷰 (5)
196	1083	36	호랑이웨지감자
196	1137	36	6,000원
196	1195	36	웨지감자에 호랑이 시즈닝 팍팍!
196	1243	63	100% (1개)
196	1243	149	ㆍ
196	1243	193	리뷰 (2)
196	1317	36	호랑이치즈볼(5개)
196	1371	36	6,500원
196	1429	36	맛있는 치즈볼에 호랑이 시즈닝 팍팍!
196	1441	121	지금 와우 가입하면 배달비 0원 + 25,000원 쿠폰
196	1458	781	가입하기
196	1477	63	100% (1개)
196	1477	149	ㆍ
196	1477	193	리뷰 (1)
196	1551	36	호랑이쫀도그(3개)
196	1556	24	배달비 0원 + 1,100원 즉시할인
197	0	0	리뷰 (1)
197	0	0	펩시콜라 245ml
197	66	155	60계치킨 서울역삼점 내 메뉴를 찾아보세요
197	143	36	치즈스틱(5개)
197	151	78	부분육 메뉴
197	151	199	세트메뉴
197	151	347	사이드메뉴
197	151	517	음료
197	151	621	소스,추가메뉴
197	151	820	주류
197	182	51	5 / 7
197	197	36	5,000원
197	248	318	60계치킨 서울역삼점
197	255	63	100% (1개)
197	255	149	ㆍ
197	255	193	리뷰 (1)
197	298	404	4.9(2,101)
197	356	36	포테이토치즈스틱(3개)
197	410	36	6,000원
197	468	36	바삭한 감자튀김 안에 쫀득한 치즈스틱이 쏘옥~ 바삭쫀득 꿀케미!
197	516	63	100% (4개)
197	516	149	ㆍ
197	516	193	리뷰 (5)
197	590	36	호랑이웨지감자
197	644	36	6,000원
197	702	36	웨지감자에 호랑이 시즈닝 팍팍!
197	750	63	100% (1개)
197	750	149	ㆍ
197	750	193	리뷰 (2)
197	824	36	호랑이치즈볼(5개)
197	878	36	6,500원
197	936	36	맛있는 치즈볼에 호랑이 시즈닝 팍팍!
197	984	63	100% (1개)
197	984	149	ㆍ
197	984	193	리뷰 (1)
197	1058	36	호랑이쫀도그(3개)
197	1112	36	6,500원
197	1170	36	맛있는 쫀도그에 호랑이 시즈닝 팍팍!
197	1218	63	100% (1개)
197	1292	36	멘보샤(10개)
197	1346	36	10,900원
197	1404	63	100% (2개)
197	1441	121	지금 와우 가입하면 배달비 0원 + 25,000원 쿠폰
197	1458	781	가입하기
197	1535	60	음료
197	1556	24	배달비 0원 + 1,100원 즉시할인
198	0	0	89% (18개)
198	0	0	ㆍ
198	0	0	리뷰 (26)
198	66	155	60계치킨 서울역삼점 내 메뉴를 찾아보세요
198	104	36	호랑이웨지감자
198	151	78	부분육 메뉴
198	151	199	세트메뉴
198	151	347	사이드메뉴
198	151	517	음료
198	151	621	소스,추가메뉴
198	151	820	주류
198	158	36	6,000원
198	182	51	6 / 7
198	216	36	웨지감자에 호랑이 시즈닝 팍팍!
198	248	318	60계치킨 서울역삼점
198	264	63	100% (1개)
198	264	149	ㆍ
198	264	193	리뷰 (2)
198	298	404	4.9(2,101)
198	338	36	호랑이치즈볼(5개)
198	392	36	6,500원
198	450	36	맛있는 치즈볼에 호랑이 시즈닝 팍팍!
198	498	63	100% (1개)
198	498	149	ㆍ
198	498	193	리뷰 (1)
198	572	36	호랑이쫀도그(3개)
198	626	36	6,500원
198	684	36	맛있는 쫀도그에 호랑이 시즈닝 팍팍!
198	732	63	100% (1개)
198	806	36	멘보샤(10개)
198	860	36	10,900원
198	918	63	100% (2개)
198	1049	60	음료
198	1131	36	펩시콜라 245ml
198	1185	36	1,200원
198	1243	63	리뷰 (1)
198	1344	36	펩시콜라 500ml
198	1398	36	2,000원
198	1441	121	지금 와우 가입하면 배달비 0원 + 25,000원 쿠폰
198	1456	63	100% (2개)
198	1456	149	ㆍ
198	1456	193	리뷰 (2)
198	1458	781	가입하기
198	1556	24	배달비 0원 + 1,100원 즉시할인
198	1557	36	펩시콜라 1.25L
199	0	0	100% (5개)
199	0	0	ㆍ
199	0	0	리뷰 (5)
199	66	155	60계치킨 서울역삼점 내 메뉴를 찾아보세요
199	83	36	호랑이쫀도그(3개)
199	137	36	6,500원
199	151	78	부분육 메뉴
199	151	199	세트메뉴
199	151	347	사이드메뉴
199	151	517	음료
199	151	621	소스,추가메뉴
199	151	820	주류
199	182	51	7 / 7
199	195	36	맛있는 쫀도그에 호랑이 시즈닝 팍팍!
199	243	63	100% (1개)
199	248	318	60계치킨 서울역삼점
199	298	404	4.9(2,101)
199	317	36	멘보샤(10개)
199	371	36	10,900원
199	429	63	100% (2개)
199	560	60	음료
199	642	36	펩시콜라 245ml
199	696	36	1,200원
199	754	63	리뷰 (1)
199	855	36	펩시콜라 500ml
199	909	36	2,000원
199	967	63	100% (2개)
199	967	149	ㆍ
199	967	193	리뷰 (2)
199	1068	36	펩시콜라 1.25L
199	1122	36	3,000원
199	1180	63	89% (18개)
199	1180	149	ㆍ
199	1180	193	리뷰 (26)
199	1281	36	제로 펩시콜라 500ml
199	1335	36	2,000원
199	1393	63	100% (13개)
199	1393	159	ㆍ
199	1393	203	리뷰 (21)
199	1441	121	지금 와우 가입하면 배달비 0원 + 25,000원 쿠폰
199	1458	781	가입하기
199	1494	36	칠성사이다 500ml
199	1548	36	2,000원
199	1556	24	배달비 0원 + 1,100원 즉시할인
200	0	0	리뷰 (14)
200	66	155	60계치킨 서울역삼점 내 메뉴를 찾아보세요
200	151	78	부분육 메뉴
200	151	199	세트메뉴
200	151	347	사이드메뉴
200	151	517	음료
200	151	621	소스,추가메뉴
200	151	820	주류
200	155	36	펩시콜라 245ml
200	182	51	1 / 7
200	209	36	1,200원
200	248	318	60계치킨 서울역삼점
200	267	63	리뷰 (1)
200	298	404	4.9(2,101)
200	368	36	펩시콜라 500ml
200	422	36	2,000원
200	480	63	100% (2개)
200	480	149	ㆍ
200	480	193	리뷰 (2)
200	581	36	펩시콜라 1.25L
200	635	36	3,000원
200	693	63	89% (18개)
200	693	149	ㆍ
200	693	193	리뷰 (26)
200	794	36	제로 펩시콜라 500ml
200	848	36	2,000원
200	906	63	100% (13개)
200	906	159	ㆍ
200	906	203	리뷰 (21)
200	1007	36	칠성사이다 500ml
200	1061	36	2,000원
200	1119	63	100% (5개)
200	1119	149	ㆍ
200	1119	193	리뷰 (5)
200	1220	36	제로 칠성사이다 500ml
200	1274	36	2,000원
200	1332	63	100% (3개)
200	1332	149	ㆍ
200	1332	193	리뷰 (5)
200	1441	121	지금 와우 가입하면 배달비 0원 + 25,000원 쿠폰
200	1458	781	가입하기
200	1463	42	소스,추가메뉴
200	1545	36	치킨 무
200	1556	24	배달비 0원 + 1,100원 즉시할인
200	1599	36	1,000원
201	66	155	60계치킨 서울역삼점 내 메뉴를 찾아보세요
201	97	36	펩시콜라 1.25L
201	151	36	3,000원
201	151	78	부분육 메뉴
201	151	199	세트메뉴
201	151	347	사이드메뉴
201	151	517	음료
201	151	621	소스,추가메뉴
201	151	820	주류
201	182	51	2 / 7
201	209	63	89% (18개)
201	209	149	ㆍ
201	209	193	리뷰 (26)
201	248	318	60계치킨 서울역삼점
201	298	404	4.9(2,101)
201	310	36	제로 펩시콜라 500ml
201	364	36	2,000원
201	422	63	100% (13개)
201	422	159	ㆍ
201	422	203	리뷰 (21)
201	523	36	칠성사이다 500ml
201	577	36	2,000원
201	635	63	100% (5개)
201	635	149	ㆍ
201	635	193	리뷰 (5)
201	736	36	제로 칠성사이다 500ml
201	790	36	2,000원
201	848	63	100% (3개)
201	848	149	ㆍ
201	848	193	리뷰 (5)
201	979	42	소스,추가메뉴
201	1061	36	치킨 무
201	1115	36	1,000원
201	1173	63	리뷰 (14)
201	1274	36	치킨양념 소스
201	1328	36	800원
201	1386	63	리뷰 (5)
201	1441	121	지금 와우 가입하면 배달비 0원 + 25,000원 쿠폰
201	1458	781	가입하기
201	1487	36	마요네즈 소스
201	1541	36	500원
201	1556	24	배달비 0원 + 1,100원 즉시할인
201	1599	63	리뷰 (4)
202	36	36	칠성사이다 500ml
202	66	155	60계치킨 서울역삼점 내 메뉴를 찾아보세요
202	148	63	100% (5개)
202	148	149	ㆍ
202	148	193	리뷰 (5)
202	151	78	부분육 메뉴
202	151	199	세트메뉴
202	151	347	사이드메뉴
202	151	517	음료
202	151	621	소스,추가메뉴
202	151	820	주류
202	182	51	3 / 7
202	248	318	60계치킨 서울역삼점
202	249	36	제로 칠성사이다 500ml
202	298	404	4.9(2,101)
202	303	36	2,000원
202	361	63	100% (3개)
202	361	149	ㆍ
202	361	193	리뷰 (5)
202	492	42	소스,추가메뉴
202	574	36	치킨 무
202	628	36	1,000원
202	686	63	리뷰 (14)
202	787	36	치킨양념 소스
202	841	36	800원
202	899	63	리뷰 (5)
202	1000	36	마요네즈 소스
202	1054	36	500원
202	1112	63	리뷰 (4)
202	1213	36	델리 소스
202	1267	36	800원
202	1325	63	리뷰 (2)
202	1426	36	아~매워!소스
202	1441	121	지금 와우 가입하면 배달비 0원 + 25,000원 쿠폰
202	1458	781	가입하기
202	1480	36	2,000원
202	1538	36	강렬한 매운맛을 느낄 수 있는 매콤한 디핑소스 '아~매워소스'
202	1556	24	배달비 0원 + 1,100원 즉시할인
202	1586	63	100% (2개)
202	1586	149	ㆍ
202	1586	193	리뷰 (1)
203	66	155	60계치킨 서울역삼점 내 메뉴를 찾아보세요
203	80	36	치킨 무
203	134	36	1,000원
203	151	78	부분육 메뉴
203	151	199	세트메뉴
203	151	347	사이드메뉴
203	151	517	음료
203	151	621	소스,추가메뉴
203	151	820	주류
203	182	51	4 / 7
203	192	63	리뷰 (14)
203	248	318	60계치킨 서울역삼점
203	293	36	치킨양념 소스
203	298	404	4.9(2,101)
203	347	36	800원
203	405	63	리뷰 (5)
203	506	36	마요네즈 소스
203	560	36	500원
203	618	63	리뷰 (4)
203	719	36	델리 소스
203	773	36	800원
203	831	63	리뷰 (2)
203	932	36	아~매워!소스
203	986	36	2,000원
203	1044	36	강렬한 매운맛을 느낄 수 있는 매콤한 디핑소스 '아~매워소스'
203	1092	63	100% (2개)
203	1092	149	ㆍ
203	1092	193	리뷰 (1)
203	1166	36	청양마요소스
203	1220	36	1,000원
203	1379	36	크크크소스
203	1433	36	2,000원
203	1441	121	지금 와우 가입하면 배달비 0원 + 25,000원 쿠폰
203	1458	781	가입하기
203	1491	63	100% (3개)
203	1491	149	ㆍ
203	1491	193	리뷰 (2)
203	1556	24	배달비 0원 + 1,100원 즉시할인
203	1592	36	핫크크크소스
204	10	36	마요네즈 소스
204	66	155	60계치킨 서울역삼점 내 메뉴를 찾아보세요
204	122	63	리뷰 (4)
204	151	78	부분육 메뉴
204	151	199	세트메뉴
204	151	347	사이드메뉴
204	151	517	음료
204	151	621	소스,추가메뉴
204	151	820	주류
204	182	51	5 / 7
204	223	36	델리 소스
204	248	318	60계치킨 서울역삼점
204	277	36	800원
204	298	404	4.9(2,101)
204	335	63	리뷰 (2)
204	436	36	아~매워!소스
204	490	36	2,000원
204	548	36	강렬한 매운맛을 느낄 수 있는 매콤한 디핑소스 '아~매워소스'
204	596	63	100% (2개)
204	596	149	ㆍ
204	596	193	리뷰 (1)
204	670	36	청양마요소스
204	724	36	1,000원
204	883	36	크크크소스
204	937	36	2,000원
204	995	63	100% (3개)
204	995	149	ㆍ
204	995	193	리뷰 (2)
204	1096	36	핫크크크소스
204	1150	36	1,500원
204	1309	36	콘마요소스
204	1363	36	1,500원
204	1421	63	리뷰 (3)
204	1441	121	지금 와우 가입하면 배달비 0원 + 25,000원 쿠폰
204	1458	781	가입하기
204	1522	36	뿌리고치밥고
204	1556	24	배달비 0원 + 1,100원 즉시할인
204	1576	36	1,500원
205	0	0	아~매워!소스
205	54	36	강렬한 매운맛을 느낄 수 있는 매콤한 디핑소스 '아~매워소스'
205	66	155	60계치킨 서울역삼점 내 메뉴를 찾아보세요
205	102	63	100% (2개)
205	102	149	ㆍ
205	102	193	리뷰 (1)
205	151	78	부분육 메뉴
205	151	199	세트메뉴
205	151	347	사이드메뉴
205	151	517	음료
205	151	621	소스,추가메뉴
205	151	820	주류
205	176	36	청양마요소스
205	182	51	6 / 7
205	230	36	1,000원
205	248	318	60계치킨 서울역삼점
205	298	404	4.9(2,101)
205	389	36	크크크소스
205	443	36	2,000원
205	501	63	100% (3개)
205	501	149	ㆍ
205	501	193	리뷰 (2)
205	602	36	핫크크크소스
205	656	36	1,500원
205	815	36	콘마요소스
205	869	36	1,500원
205	927	63	리뷰 (3)
205	1028	36	뿌리고치밥고
205	1082	36	1,500원
205	1250	36	메이플시럽
205	1298	36	500원
205	1428	36	맛소금
205	1441	121	지금 와우 가입하면 배달비 0원 + 25,000원 쿠폰
205	1458	781	가입하기
205	1482	36	200원
205	1556	24	배달비 0원 + 1,100원 즉시할인
206	66	155	60계치킨 서울역삼점 내 메뉴를 찾아보세요
206	106	36	핫크크크소스
206	151	78	부분육 메뉴
206	151	199	세트메뉴
206	151	347	사이드메뉴
206	151	517	음료
206	151	621	소스,추가메뉴
206	151	820	주류
206	160	36	1,500원
206	182	51	7 / 7
206	248	318	60계치킨 서울역삼점
206	298	404	4.9(2,101)
206	319	36	콘마요소스
206	373	36	1,500원
206	431	63	리뷰 (3)
206	532	36	뿌리고치밥고
206	586	36	1,500원
206	754	36	메이플시럽
206	802	36	500원
206	932	36	맛소금
206	986	36	200원
206	1145	36	즉석밥
206	1199	36	2,000원
206	1257	36	미조리 즉석밥
206	1305	63	100% (1개)
206	1409	42	주류
206	1441	121	지금 와우 가입하면 배달비 0원 + 25,000원 쿠폰
206	1458	781	가입하기
206	1500	36	소주)처음처럼 360ml�
206	1548	36	6,000원
206	1556	24	배달비 0원 + 1,100원 즉시할인
207	0	0	리뷰 (4)
207	46	36	뿌리고치밥고
207	66	155	60계치킨 서울역삼점 내 메뉴를 찾아보세요
207	132	36	1,500원
207	151	78	부분육 메뉴
207	151	199	세트메뉴
207	151	347	사이드메뉴
207	151	517	음료
207	151	621	소스,추가메뉴
207	151	820	주류
207	182	51	1 / 7
207	248	318	60계치킨 서울역삼점
207	268	36	메이플시럽
207	298	404	4.9(2,101)
207	316	36	500원
207	446	36	맛소금
207	500	36	200원
207	659	36	즉석밥
207	713	36	2,000원
207	771	36	미조리 즉석밥
207	819	63	100% (1개)
207	923	42	주류
207	1014	36	소주)처음처럼 360ml�
207	1062	36	6,000원
207	1203	36	소주)참이슬 후레쉬 360ml�
207	1251	36	6,000원
207	1392	36	맥주)카스 병 500ml�
207	1440	36	6,000원
207	1441	121	지금 와우 가입하면 배달비 0원 + 25,000원 쿠폰
207	1458	781	가입하기
207	1556	24	배달비 0원 + 1,100원 즉시할인
207	1581	36	맥주)생맥주 1,000ml�
208	0	0	맛소금
208	66	155	60계치킨 서울역삼점 내 메뉴를 찾아보세요
208	151	78	부분육 메뉴
208	151	199	세트메뉴
208	151	347	사이드메뉴
208	151	517	음료
208	151	621	소스,추가메뉴
208	151	820	주류
208	173	36	즉석밥
208	182	51	2 / 7
208	227	36	2,000원
208	248	318	60계치킨 서울역삼점
208	285	36	미조리 즉석밥
208	298	404	4.9(2,101)
208	333	63	100% (1개)
208	437	42	주류
208	528	36	소주)처음처럼 360ml�
208	576	36	6,000원
208	717	36	소주)참이슬 후레쉬 360ml�
208	765	36	6,000원
208	906	36	맥주)카스 병 500ml�
208	954	36	6,000원
208	1095	36	맥주)생맥주 1,000ml�
208	1143	36	10,000원
208	1243	63	리뷰 (4)
208	1329	36	비슷한 치킨 맛집 추천해요
208	1335	810	광고
208	1393	560	BHC 역삼점
208	1405	171	후라이드파 강남역점
208	1428	609	(2,973)ㆍ
208	1429	584	4.8
208	1429	682	0.4km
208	1440	220	(370)ㆍ
208	1441	121	지금 와우 가입하면 배달비 0원 + 25,000원 쿠폰
208	1441	195	4.9
208	1441	279	0.1km
208	1458	781	가입하기
208	1465	587	3,000원 쿠폰
208	1473	171	배달비 0원
208	1494	560	배달비 0원
208	1556	24	배달비 0원 + 1,100원 즉시할인
