0	0	0	리뷰 (1)
0	0	0	밝고 경쾌한 블론드 에스프레소와 무지방 우유, 돌체 시럽이 달콤하게 어우러진 블론드 스타벅스 돌체 라떼를 즐겨보세요!
0	446	51	2 / 6
0	512	279	스타벅스 역삼아레나빌딩점
0	562	412	4.9(675)
0	679	674	매장∙원산지정보
0	690	69	29분
0	751	36	최소주문
0	751	153	13,000원
0	806	36	일반회원
0	807	153	0-2,900원 0원
0	808	294	자세히
0	848	36	와우회원
0	848	153	와우회원은 매 주문 배달비 0원
0	920	127	지금 와우 가입하면 배달비 0원 + 25,000원 쿠폰
0	937	766	가입하기
0	1028	90	4,000원 쿠폰 추가 적용 가능
0	1118	168	맛있어요
0	1118	606	프렌즈 치즈케이크는 정말 맛있어요 &#128557;❤️‍&#128293;
0	1287	114	스타벅스 주스
0	1287	312	스낵
0	1287	416	원두
0	1287	520	오리가미
0	1287	668	비아
0	1287	772	패키지 티
0	1388	42	검색한 메뉴
0	1434	36	스타벅스 검색 상위 5개
0	1508	36	블론드 스타벅스 돌체 라떼
0	1562	36	6,100원
1	0	0	헤이즐넛, 아몬드가 들어가서 더욱 고소한 맛의 너티 쿠키입니다. 스타벅스에서만 만나볼 수 있는 쿠키를 스타벅스의 음료와 함께 즐겨보세요.
1	66	155	스타벅스 역삼아레나빌딩점 내 메뉴를 찾아보세요
1	150	674	매장∙원산지정보
1	161	69	29분
1	182	51	3 / 6
1	222	36	최소주문
1	222	153	13,000원
1	248	279	스타벅스 역삼아레나빌딩점
1	277	36	일반회원
1	278	153	0-2,900원 0원
1	279	294	자세히
1	298	412	4.9(675)
1	319	36	와우회원
1	319	153	와우회원은 매 주문 배달비 0원
1	391	127	지금 와우 가입하면 배달비 0원 + 25,000원 쿠폰
1	408	766	가입하기
1	499	90	4,000원 쿠폰 추가 적용 가능
1	589	168	맛있어요
1	589	606	프렌즈 치즈케이크는 정말 맛있어요 &#128557;❤️‍&#128293;
1	758	114	스타벅스 주스
1	758	312	스낵
1	758	416	원두
1	758	520	오리가미
1	758	668	비아
1	758	772	패키지 티
1	859	42	검색한 메뉴
1	905	36	스타벅스 검색 상위 5개
1	979	36	블론드 스타벅스 돌체 라떼
1	1033	36	6,100원
1	1091	36	밝고 경쾌한 블론드 에스프레소와 무지방 우유, 돌체 시럽이 달콤하게 어우러진 블론드 스타벅스 돌체 라떼를 즐겨보세요!
1	1169	63	리뷰 (1)
1	1243	36	스타벅스 돌체 라떼
1	1297	36	6,100원
1	1355	36	스타벅스의 다른 커피 음료보다 더욱 깊은 커피의 맛과 향에 깔끔한 무지방 우유와 부드러운 돌체 시럽이 들어간 음료로 달콤하고 진한 커피 라떼
1	1433	63	100% (3개)
1	1507	36	스타벅스 너티 쿠키
1	1556	24	배달비 0원 적용 중
1	1561	36	1,500원
2	0	0	깊고 진한 에스프레소 샷과 깔끔한 무지방 우유, 달콤한 돌체 시럽이 부드럽게 어우러진 아이스 1/2디카페인 스타벅스 돌체 라떼를 즐겨보세요!
2	66	155	스타벅스 역삼아레나빌딩점 내 메뉴를 찾아보세요
2	132	606	프렌즈 치즈케이크는 정말 맛있어요 &#128557;❤️‍&#128293;
2	182	51	4 / 6
2	248	279	스타벅스 역삼아레나빌딩점
2	271	114	스타벅스 주스
2	271	312	스낵
2	271	416	원두
2	271	520	오리가미
2	271	668	비아
2	271	772	패키지 티
2	298	412	4.9(675)
2	372	42	검색한 메뉴
2	418	36	스타벅스 검색 상위 5개
2	492	36	블론드 스타벅스 돌체 라떼
2	546	36	6,100원
2	604	36	밝고 경쾌한 블론드 에스프레소와 무지방 우유, 돌체 시럽이 달콤하게 어우러진 블론드 스타벅스 돌체 라떼를 즐겨보세요!
2	682	63	리뷰 (1)
2	756	36	스타벅스 돌체 라떼
2	810	36	6,100원
2	868	36	스타벅스의 다른 커피 음료보다 더욱 깊은 커피의 맛과 향에 깔끔한 무지방 우유와 부드러운 돌체 시럽이 들어간 음료로 달콤하고 진한 커피 라떼
2	946	63	100% (3개)
2	1020	36	스타벅스 너티 쿠키
2	1074	36	1,500원
2	1132	36	헤이즐넛, 아몬드가 들어가서 더욱 고소한 맛의 너티 쿠키입니다. 스타벅스에서만 만나볼 수 있는 쿠키를 스타벅스의 음료와 함께 즐겨보세요.
2	1210	72	품절임박
2	1210	166	잔여 8개
2	1290	36	아이스 스타벅스 돌체 라떼
2	1344	36	6,100원
2	1402	36	스타벅스의 다른 커피 음료보다 더욱 깊은 커피의 맛과 향에 깔끔한 무지방 우유와 부드러운 돌체 시럽이 들어간 음료로 달콤하고 진한 커피 라떼
2	1441	121	지금 와우 가입하면 배달비 0원 + 25,000원 쿠폰
2	1458	781	가입하기
2	1480	63	80% (5개)
2	1480	139	ㆍ
2	1480	183	리뷰 (2)
2	1554	36	아이스 1/2디카페인 스타벅스 돌체 라떼
2	1556	24	배달비 0원 적용 중
3	0	36	블론드 스타벅스 돌체 라떼
3	66	155	스타벅스 역삼아레나빌딩점 내 메뉴를 찾아보세요
3	111	36	밝고 경쾌한 블론드 에스프레소와 무지방 우유, 돌체 시럽이 달콤하게 어우러진 블론드 스타벅스 돌체 라떼를 즐겨보세요!
3	151	114	검색한 메뉴
3	151	290	&#128293; 인기메뉴
3	151	474	베스트 메뉴
3	151	650	[와우멤버십 회원 전용] 브레드
3	182	51	5 / 6
3	189	63	리뷰 (1)
3	248	279	스타벅스 역삼아레나빌딩점
3	263	36	스타벅스 돌체 라떼
3	298	412	4.9(675)
3	317	36	6,100원
3	375	36	스타벅스의 다른 커피 음료보다 더욱 깊은 커피의 맛과 향에 깔끔한 무지방 우유와 부드러운 돌체 시럽이 들어간 음료로 달콤하고 진한 커피 라떼
3	453	63	100% (3개)
3	527	36	스타벅스 너티 쿠키
3	581	36	1,500원
3	639	36	헤이즐넛, 아몬드가 들어가서 더욱 고소한 맛의 너티 쿠키입니다. 스타벅스에서만 만나볼 수 있는 쿠키를 스타벅스의 음료와 함께 즐겨보세요.
3	717	72	품절임박
3	717	166	잔여 8개
3	797	36	아이스 스타벅스 돌체 라떼
3	851	36	6,100원
3	909	36	스타벅스의 다른 커피 음료보다 더욱 깊은 커피의 맛과 향에 깔끔한 무지방 우유와 부드러운 돌체 시럽이 들어간 음료로 달콤하고 진한 커피 라떼
3	987	63	80% (5개)
3	987	139	ㆍ
3	987	183	리뷰 (2)
3	1061	36	아이스 1/2디카페인 스타벅스 돌체 라떼
3	1115	36	6,400원
3	1173	36	깊고 진한 에스프레소 샷과 깔끔한 무지방 우유, 달콤한 돌체 시럽이 부드럽게 어우러진 아이스 1/2디카페인 스타벅스 돌체 라떼를 즐겨보세요!
3	1311	42	인기메뉴
3	1389	88	1위
3	1389	304	2위
3	1389	520	3위
3	1389	708	4위
3	1441	121	지금 와우 가입하면 배달비 0원 + 25,000원 쿠폰
3	1458	781	가입하기
3	1556	24	배달비 0원 적용 중
3	1588	36	아이스 카페 아메리카노
3	1588	252	아이스 디카페인 카페 아메리카노
3	1588	468	바닐라 크림 콜드 브루
3	1588	684	아이스 카페 라떼
4	0	0	100% (16개)
4	0	0	ㆍ
4	0	0	리뷰 (11)
4	34	36	스타벅스 너티 쿠키
4	66	155	스타벅스 역삼아레나빌딩점 내 메뉴를 찾아보세요
4	146	36	헤이즐넛, 아몬드가 들어가서 더욱 고소한 맛의 너티 쿠키입니다. 스타벅스에서만 만나볼 수 있는 쿠키를 스타벅스의 음료와 함께 즐겨보세요.
4	151	114	검색한 메뉴
4	151	290	&#128293; 인기메뉴
4	151	474	베스트 메뉴
4	151	650	[와우멤버십 회원 전용] 브레드
4	182	51	6 / 6
4	224	72	품절임박
4	224	166	잔여 8개
4	248	279	스타벅스 역삼아레나빌딩점
4	298	412	4.9(675)
4	304	36	아이스 스타벅스 돌체 라떼
4	358	36	6,100원
4	416	36	스타벅스의 다른 커피 음료보다 더욱 깊은 커피의 맛과 향에 깔끔한 무지방 우유와 부드러운 돌체 시럽이 들어간 음료로 달콤하고 진한 커피 라떼
4	494	63	80% (5개)
4	494	139	ㆍ
4	494	183	리뷰 (2)
4	568	36	아이스 1/2디카페인 스타벅스 돌체 라떼
4	622	36	6,400원
4	680	36	깊고 진한 에스프레소 샷과 깔끔한 무지방 우유, 달콤한 돌체 시럽이 부드럽게 어우러진 아이스 1/2디카페인 스타벅스 돌체 라떼를 즐겨보세요!
4	818	42	인기메뉴
4	896	88	1위
4	896	304	2위
4	896	520	3위
4	896	708	4위
4	1095	36	아이스 카페 아메리카노
4	1095	252	아이스 디카페인 카페 아메리카노
4	1095	468	바닐라 크림 콜드 브루
4	1095	684	아이스 카페 라떼
4	1136	684	5,200원
4	1171	36	4,700원
4	1171	252	5,000원
4	1171	468	6,000원
4	1247	0	베스트 메뉴
4	1353	0	오전 10:00~내일 오전 12:00 주문가능
4	1441	121	지금 와우 가입하면 배달비 0원 + 25,000원 쿠폰
4	1445	36	카페 아메리카노
4	1458	781	가입하기
4	1499	36	4,700원
4	1556	24	배달비 0원 적용 중
4	1557	36	진한 에스프레소와 뜨거운 물을 섞어 스타벅스의 깔끔하고 강렬한 에스프레소를 가장 부드럽게 잘 느낄 수 있는 커피
5	0	0	100% (69개)
5	0	0	ㆍ
5	0	0	리뷰 (4)
5	0	0	풍부하고 진한 에스프레소가 신선한 스팀 밀크를 만나 부드러워진 커피 위에 우유 거품을 살짝 얹은 대표적인 커피 라떼
5	66	155	스타벅스 역삼아레나빌딩점 내 메뉴를 찾아보세요
5	74	36	아이스 1/2디카페인 스타벅스 돌체 라떼
5	132	36	6,400원
5	151	114	검색한 메뉴
5	151	290	&#128293; 인기메뉴
5	151	474	베스트 메뉴
5	151	650	[와우멤버십 회원 전용] 브레드
5	182	51	1 / 6
5	186	36	깊고 진한 에스프레소 샷과 깔끔한 무지방 우유, 달콤한 돌체 시럽이 부드럽게 어우러진 아이스 1/2디카페인 스타벅스 돌체 라떼를 즐겨보세요!
5	248	279	스타벅스 역삼아레나빌딩점
5	298	412	4.9(675)
5	324	42	인기메뉴
5	402	88	1위
5	402	304	2위
5	402	520	3위
5	402	708	4위
5	601	36	아이스 카페 아메리카노
5	601	252	아이스 디카페인 카페 아메리카노
5	601	468	바닐라 크림 콜드 브루
5	601	684	아이스 카페 라떼
5	642	684	5,200원
5	677	36	4,700원
5	677	252	5,000원
5	677	468	6,000원
5	753	0	베스트 메뉴
5	859	0	오전 10:00~내일 오전 12:00 주문가능
5	951	36	카페 아메리카노
5	1005	36	4,700원
5	1063	36	진한 에스프레소와 뜨거운 물을 섞어 스타벅스의 깔끔하고 강렬한 에스프레소를 가장 부드럽게 잘 느낄 수 있는 커피
5	1141	63	100% (16개)
5	1141	159	ㆍ
5	1141	203	리뷰 (11)
5	1216	45	주문많음
5	1216	133	리뷰최고
5	1242	36	아이스 카페 아메리카노
5	1296	36	4,700원
5	1354	36	진한 에스프레소에 시원한 정수물과 얼음을 더하여 스타벅스의 깔끔하고 강렬한 에스프레소를 가장 부드럽고 시원하게 즐길 수 있는 커피
5	1432	63	100% (75개)
5	1432	159	ㆍ
5	1432	203	리뷰 (10)
5	1441	121	지금 와우 가입하면 배달비 0원 + 25,000원 쿠폰
5	1458	781	가입하기
5	1506	36	카페 라떼
5	1556	24	배달비 0원 적용 중
5	1560	36	5,200원
6	0	0	100% (2개)
6	0	0	ㆍ
6	0	0	달콤한 바닐라의 향을 풍부하고 진한 에스프레소, 부드러운 우유와 함께 즐길 수 있는 라떼입니다.
6	0	0	리뷰 (1)
6	66	155	스타벅스 역삼아레나빌딩점 내 메뉴를 찾아보세요
6	132	36	아이스 카페 아메리카노
6	132	252	아이스 디카페인 카페 아메리카노
6	132	468	바닐라 크림 콜드 브루
6	132	684	아이스 카페 라떼
6	147	684	5,200원
6	151	114	&#128293; 인기메뉴
6	151	298	베스트 메뉴
6	151	474	[와우멤버십 회원 전용] 브레드
6	151	828	[와우멤버십 회원 전용] 케이크&미니디저트
6	182	36	4,700원
6	182	51	2 / 6
6	182	252	5,000원
6	182	468	6,000원
6	248	279	스타벅스 역삼아레나빌딩점
6	258	0	베스트 메뉴
6	298	412	4.9(675)
6	364	0	오전 10:00~내일 오전 12:00 주문가능
6	456	36	카페 아메리카노
6	510	36	4,700원
6	568	36	진한 에스프레소와 뜨거운 물을 섞어 스타벅스의 깔끔하고 강렬한 에스프레소를 가장 부드럽게 잘 느낄 수 있는 커피
6	646	63	100% (16개)
6	646	159	ㆍ
6	646	203	리뷰 (11)
6	721	45	주문많음
6	721	133	리뷰최고
6	747	36	아이스 카페 아메리카노
6	801	36	4,700원
6	859	36	진한 에스프레소에 시원한 정수물과 얼음을 더하여 스타벅스의 깔끔하고 강렬한 에스프레소를 가장 부드럽고 시원하게 즐길 수 있는 커피
6	937	63	100% (75개)
6	937	159	ㆍ
6	937	203	리뷰 (10)
6	1011	36	카페 라떼
6	1065	36	5,200원
6	1123	36	풍부하고 진한 에스프레소가 신선한 스팀 밀크를 만나 부드러워진 커피 위에 우유 거품을 살짝 얹은 대표적인 커피 라떼
6	1201	63	100% (69개)
6	1201	159	ㆍ
6	1201	203	리뷰 (4)
6	1275	36	아이스 카페 라떼
6	1329	36	5,200원
6	1387	36	풍부하고 진한 농도의 에스프레소가 시원한 우유와 얼음을 만나 고소함과 시원함을 즐길 수 있는 대표적인 커피 라떼
6	1441	121	지금 와우 가입하면 배달비 0원 + 25,000원 쿠폰
6	1458	781	가입하기
6	1465	63	100% (20개)
6	1465	159	ㆍ
6	1465	203	리뷰 (5)
6	1539	36	바닐라 라떼
6	1556	24	배달비 0원 적용 중
6	1593	36	5,200원
7	0	0	100% (1개)
7	0	0	달콤한 국내산 고흥 유자와 알싸하고 은은한 진저, 우릴 수록 상쾌한 민트 티가 조화로운 유자 민트 티
7	0	0	카페 아메리카노
7	66	155	스타벅스 역삼아레나빌딩점 내 메뉴를 찾아보세요
7	73	36	진한 에스프레소와 뜨거운 물을 섞어 스타벅스의 깔끔하고 강렬한 에스프레소를 가장 부드럽게 잘 느낄 수 있는 커피
7	151	63	100% (16개)
7	151	114	베스트 메뉴
7	151	159	ㆍ
7	151	203	리뷰 (11)
7	151	290	[와우멤버십 회원 전용] 브레드
7	151	644	[와우멤버십 회원 전용] 케이크&미니디저트
7	182	51	3 / 6
7	226	45	주문많음
7	226	133	리뷰최고
7	248	279	스타벅스 역삼아레나빌딩점
7	252	36	아이스 카페 아메리카노
7	298	412	4.9(675)
7	306	36	4,700원
7	364	36	진한 에스프레소에 시원한 정수물과 얼음을 더하여 스타벅스의 깔끔하고 강렬한 에스프레소를 가장 부드럽고 시원하게 즐길 수 있는 커피
7	442	63	100% (75개)
7	442	159	ㆍ
7	442	203	리뷰 (10)
7	516	36	카페 라떼
7	570	36	5,200원
7	628	36	풍부하고 진한 에스프레소가 신선한 스팀 밀크를 만나 부드러워진 커피 위에 우유 거품을 살짝 얹은 대표적인 커피 라떼
7	706	63	100% (69개)
7	706	159	ㆍ
7	706	203	리뷰 (4)
7	780	36	아이스 카페 라떼
7	834	36	5,200원
7	892	36	풍부하고 진한 농도의 에스프레소가 시원한 우유와 얼음을 만나 고소함과 시원함을 즐길 수 있는 대표적인 커피 라떼
7	970	63	100% (20개)
7	970	159	ㆍ
7	970	203	리뷰 (5)
7	1044	36	바닐라 라떼
7	1098	36	5,200원
7	1156	36	달콤한 바닐라의 향을 풍부하고 진한 에스프레소, 부드러운 우유와 함께 즐길 수 있는 라떼입니다.
7	1234	63	100% (2개)
7	1234	149	ㆍ
7	1234	193	리뷰 (1)
7	1308	36	아이스 바닐라 라떼
7	1362	36	5,200원
7	1420	36	달콤한 바닐라의 향을 풍부하고 진한 에스프레소, 부드러운 우유와 함께 즐길 수 있는 라떼입니다.
7	1441	121	지금 와우 가입하면 배달비 0원 + 25,000원 쿠폰
7	1458	781	가입하기
7	1498	63	100% (5개)
7	1498	149	ㆍ
7	1498	193	리뷰 (2)
7	1556	24	배달비 0원 적용 중
7	1572	36	유자 민트 티
8	0	0	새콤한 자몽과 달콤한 꿀이 깊고 그윽한 풍미의 스타벅스 티바나 블랙 티의 조화
8	0	0	자몽 허니 블랙 티
8	22	36	카페 라떼
8	66	155	스타벅스 역삼아레나빌딩점 내 메뉴를 찾아보세요
8	134	36	풍부하고 진한 에스프레소가 신선한 스팀 밀크를 만나 부드러워진 커피 위에 우유 거품을 살짝 얹은 대표적인 커피 라떼
8	151	114	베스트 메뉴
8	151	290	[와우멤버십 회원 전용] 브레드
8	151	644	[와우멤버십 회원 전용] 케이크&미니디저트
8	182	51	4 / 6
8	212	63	100% (69개)
8	212	159	ㆍ
8	212	203	리뷰 (4)
8	248	279	스타벅스 역삼아레나빌딩점
8	286	36	아이스 카페 라떼
8	298	412	4.9(675)
8	340	36	5,200원
8	398	36	풍부하고 진한 농도의 에스프레소가 시원한 우유와 얼음을 만나 고소함과 시원함을 즐길 수 있는 대표적인 커피 라떼
8	476	63	100% (20개)
8	476	159	ㆍ
8	476	203	리뷰 (5)
8	550	36	바닐라 라떼
8	604	36	5,200원
8	662	36	달콤한 바닐라의 향을 풍부하고 진한 에스프레소, 부드러운 우유와 함께 즐길 수 있는 라떼입니다.
8	740	63	100% (2개)
8	740	149	ㆍ
8	740	193	리뷰 (1)
8	814	36	아이스 바닐라 라떼
8	868	36	5,200원
8	926	36	달콤한 바닐라의 향을 풍부하고 진한 에스프레소, 부드러운 우유와 함께 즐길 수 있는 라떼입니다.
8	1004	63	100% (5개)
8	1004	149	ㆍ
8	1004	193	리뷰 (2)
8	1078	36	유자 민트 티
8	1132	36	6,100원
8	1190	36	달콤한 국내산 고흥 유자와 알싸하고 은은한 진저, 우릴 수록 상쾌한 민트 티가 조화로운 유자 민트 티
8	1268	63	100% (1개)
8	1342	36	아이스 유자 민트 티
8	1396	36	6,100원
8	1441	121	지금 와우 가입하면 배달비 0원 + 25,000원 쿠폰
8	1454	36	달콤한 국내산 고흥 유자와 알싸하고 은은한 진저와 상쾌한 민트 티가 조화로운 유자 민트 티
8	1458	781	가입하기
8	1532	63	100% (12개)
8	1532	159	ㆍ
8	1532	203	리뷰 (1)
8	1556	24	배달비 0원 적용 중
9	66	155	스타벅스 역삼아레나빌딩점 내 메뉴를 찾아보세요
9	67	36	바닐라 라떼
9	132	36	5,200원
9	151	114	베스트 메뉴
9	151	290	[와우멤버십 회원 전용] 브레드
9	151	644	[와우멤버십 회원 전용] 케이크&미니디저트
9	179	36	달콤한 바닐라의 향을 풍부하고 진한 에스프레소, 부드러운 우유와 함께 즐길 수 있는 라떼입니다.
9	182	51	5 / 6
9	248	279	스타벅스 역삼아레나빌딩점
9	257	63	100% (2개)
9	257	149	ㆍ
9	257	193	리뷰 (1)
9	298	412	4.9(675)
9	331	36	아이스 바닐라 라떼
9	385	36	5,200원
9	443	36	달콤한 바닐라의 향을 풍부하고 진한 에스프레소, 부드러운 우유와 함께 즐길 수 있는 라떼입니다.
9	521	63	100% (5개)
9	521	149	ㆍ
9	521	193	리뷰 (2)
9	595	36	유자 민트 티
9	649	36	6,100원
9	707	36	달콤한 국내산 고흥 유자와 알싸하고 은은한 진저, 우릴 수록 상쾌한 민트 티가 조화로운 유자 민트 티
9	785	63	100% (1개)
9	859	36	아이스 유자 민트 티
9	913	36	6,100원
9	971	36	달콤한 국내산 고흥 유자와 알싸하고 은은한 진저와 상쾌한 민트 티가 조화로운 유자 민트 티
9	1049	63	100% (12개)
9	1049	159	ㆍ
9	1049	203	리뷰 (1)
9	1123	36	자몽 허니 블랙 티
9	1177	36	5,900원
9	1235	36	새콤한 자몽과 달콤한 꿀이 깊고 그윽한 풍미의 스타벅스 티바나 블랙 티의 조화
9	1343	36	아이스 자몽 허니 블랙 티
9	1397	36	5,900원
9	1441	121	지금 와우 가입하면 배달비 0원 + 25,000원 쿠폰
9	1455	36	새콤한 자몽과 달콤한 꿀이 깊고 그윽한 풍미의 스타벅스 티바나 블랙 티의 조화
9	1458	781	가입하기
9	1533	63	100% (4개)
9	1533	149	ㆍ
9	1533	193	리뷰 (1)
9	1556	24	배달비 0원 적용 중
9	1595	0	[와우멤버십 회원 전용] 브레드
10	0	0	[이브닝 할인] 탕종 플레인 베이글
10	0	0	탕종법으로 반죽한 후 고온에서 데치고, 짧게 구워 내 쫄깃하고 촉촉한 식감이 특징인 플레인 베이글입니다.
10	66	155	스타벅스 역삼아레나빌딩점 내 메뉴를 찾아보세요
10	101	36	유자 민트 티
10	151	114	베스트 메뉴
10	151	290	[와우멤버십 회원 전용] 브레드
10	151	644	[와우멤버십 회원 전용] 케이크&미니디저트
10	155	36	6,100원
10	182	51	6 / 6
10	213	36	달콤한 국내산 고흥 유자와 알싸하고 은은한 진저, 우릴 수록 상쾌한 민트 티가 조화로운 유자 민트 티
10	248	279	스타벅스 역삼아레나빌딩점
10	291	63	100% (1개)
10	298	412	4.9(675)
10	365	36	아이스 유자 민트 티
10	419	36	6,100원
10	477	36	달콤한 국내산 고흥 유자와 알싸하고 은은한 진저와 상쾌한 민트 티가 조화로운 유자 민트 티
10	555	63	100% (12개)
10	555	159	ㆍ
10	555	203	리뷰 (1)
10	629	36	자몽 허니 블랙 티
10	683	36	5,900원
10	741	36	새콤한 자몽과 달콤한 꿀이 깊고 그윽한 풍미의 스타벅스 티바나 블랙 티의 조화
10	849	36	아이스 자몽 허니 블랙 티
10	903	36	5,900원
10	961	36	새콤한 자몽과 달콤한 꿀이 깊고 그윽한 풍미의 스타벅스 티바나 블랙 티의 조화
10	1039	63	100% (4개)
10	1039	149	ㆍ
10	1039	193	리뷰 (1)
10	1101	0	[와우멤버십 회원 전용] 브레드
10	1207	0	오후 6:00~내일 오전 12:00 주문가능
10	1299	36	[이브닝 할인] 오월의 종 저당 호두 앙금빵
10	1353	36	3,700원
10	1411	36	건강빵으로 유명한 오월의 종과 협업하여 개발한 상품으로 고소한 호두와 무설탕 단팥 앙금을 넣어 부담 없이 즐길 수 있는 브레드입니다.
10	1441	121	지금 와우 가입하면 배달비 0원 + 25,000원 쿠폰
10	1458	781	가입하기
10	1489	72	품절임박
10	1489	166	잔여 2개
10	1539	63	리뷰 (1)
10	1556	24	배달비 0원 적용 중
11	66	155	스타벅스 역삼아레나빌딩점 내 메뉴를 찾아보세요
11	137	36	자몽 허니 블랙 티
11	151	114	베스트 메뉴
11	151	290	[와우멤버십 회원 전용] 브레드
11	151	644	[와우멤버십 회원 전용] 케이크&미니디저트
11	182	51	1 / 6
11	191	36	5,900원
11	248	279	스타벅스 역삼아레나빌딩점
11	249	36	새콤한 자몽과 달콤한 꿀이 깊고 그윽한 풍미의 스타벅스 티바나 블랙 티의 조화
11	298	412	4.9(675)
11	357	36	아이스 자몽 허니 블랙 티
11	411	36	5,900원
11	469	36	새콤한 자몽과 달콤한 꿀이 깊고 그윽한 풍미의 스타벅스 티바나 블랙 티의 조화
11	547	63	100% (4개)
11	547	149	ㆍ
11	547	193	리뷰 (1)
11	609	0	[와우멤버십 회원 전용] 브레드
11	715	0	오후 6:00~내일 오전 12:00 주문가능
11	807	36	[이브닝 할인] 오월의 종 저당 호두 앙금빵
11	861	36	3,700원
11	919	36	건강빵으로 유명한 오월의 종과 협업하여 개발한 상품으로 고소한 호두와 무설탕 단팥 앙금을 넣어 부담 없이 즐길 수 있는 브레드입니다.
11	997	72	품절임박
11	997	166	잔여 2개
11	1047	63	리뷰 (1)
11	1121	36	[이브닝 할인] 탕종 플레인 베이글
11	1175	36	3,300원
11	1233	36	탕종법으로 반죽한 후 고온에서 데치고, 짧게 구워 내 쫄깃하고 촉촉한 식감이 특징인 플레인 베이글입니다.
11	1311	72	품절임박
11	1311	166	잔여 3개
11	1391	36	[이브닝 할인] 탕종 블루베리 베이글
11	1441	121	지금 와우 가입하면 배달비 0원 + 25,000원 쿠폰
11	1445	36	3,500원
11	1458	781	가입하기
11	1503	36	달콤한 블루베리와 탕종법으로 반죽한 후 고온에서 데치고, 짧게 구워 내 쫄깃하고 촉촉한 식감이 특징인 블루베리 베이글입니다.
11	1556	24	배달비 0원 적용 중
11	1581	72	품절임박
11	1581	166	잔여 2개
12	66	155	스타벅스 역삼아레나빌딩점 내 메뉴를 찾아보세요
12	132	0	[와우멤버십 회원 전용] 브레드
12	151	114	[와우멤버십 회원 전용] 브레드
12	151	470	[와우멤버십 회원 전용] 케이크&미니디저트
12	182	51	2 / 6
12	223	0	오후 6:00~내일 오전 12:00 주문가능
12	248	279	스타벅스 역삼아레나빌딩점
12	298	412	4.9(675)
12	315	36	[이브닝 할인] 오월의 종 저당 호두 앙금빵
12	369	36	3,700원
12	427	36	건강빵으로 유명한 오월의 종과 협업하여 개발한 상품으로 고소한 호두와 무설탕 단팥 앙금을 넣어 부담 없이 즐길 수 있는 브레드입니다.
12	505	72	품절임박
12	505	166	잔여 2개
12	555	63	리뷰 (1)
12	629	36	[이브닝 할인] 탕종 플레인 베이글
12	683	36	3,300원
12	741	36	탕종법으로 반죽한 후 고온에서 데치고, 짧게 구워 내 쫄깃하고 촉촉한 식감이 특징인 플레인 베이글입니다.
12	819	72	품절임박
12	819	166	잔여 3개
12	899	36	[이브닝 할인] 탕종 블루베리 베이글
12	953	36	3,500원
12	1011	36	달콤한 블루베리와 탕종법으로 반죽한 후 고온에서 데치고, 짧게 구워 내 쫄깃하고 촉촉한 식감이 특징인 블루베리 베이글입니다.
12	1089	72	품절임박
12	1089	166	잔여 2개
12	1169	36	[이브닝 할인] 미니 리프 파이
12	1223	36	3,900원
12	1281	36	버터 풍미가 가득한 나뭇잎 모양의 바삭 바삭한 파이입니다.
12	1329	72	품절임박
12	1329	166	잔여 6개
12	1409	36	[이브닝 할인] 바게트 소금빵
12	1441	121	지금 와우 가입하면 배달비 0원 + 25,000원 쿠폰
12	1458	781	가입하기
12	1463	36	3,300원
12	1521	36	바게트 빵처럼 토스트 된 겉면과 쫄깃한 빵 속 그리고 버터가 녹여진 바삭한 바닥면까지 다양한 식감을 즐길 수 있는 소금빵입니다.
12	1556	24	배달비 0원 적용 중
12	1599	72	품절임박
12	1599	166	잔여 2개
13	66	155	스타벅스 역삼아레나빌딩점 내 메뉴를 찾아보세요
13	145	36	[이브닝 할인] 탕종 플레인 베이글
13	151	114	[와우멤버십 회원 전용] 브레드
13	151	470	[와우멤버십 회원 전용] 케이크&미니디저트
13	182	51	3 / 6
13	199	36	3,300원
13	248	279	스타벅스 역삼아레나빌딩점
13	257	36	탕종법으로 반죽한 후 고온에서 데치고, 짧게 구워 내 쫄깃하고 촉촉한 식감이 특징인 플레인 베이글입니다.
13	298	412	4.9(675)
13	335	72	품절임박
13	335	166	잔여 3개
13	415	36	[이브닝 할인] 탕종 블루베리 베이글
13	469	36	3,500원
13	527	36	달콤한 블루베리와 탕종법으로 반죽한 후 고온에서 데치고, 짧게 구워 내 쫄깃하고 촉촉한 식감이 특징인 블루베리 베이글입니다.
13	605	72	품절임박
13	605	166	잔여 2개
13	685	36	[이브닝 할인] 미니 리프 파이
13	739	36	3,900원
13	797	36	버터 풍미가 가득한 나뭇잎 모양의 바삭 바삭한 파이입니다.
13	845	72	품절임박
13	845	166	잔여 6개
13	925	36	[이브닝 할인] 바게트 소금빵
13	979	36	3,300원
13	1037	36	바게트 빵처럼 토스트 된 겉면과 쫄깃한 빵 속 그리고 버터가 녹여진 바삭한 바닥면까지 다양한 식감을 즐길 수 있는 소금빵입니다.
13	1115	72	품절임박
13	1115	166	잔여 2개
13	1183	0	[와우멤버십 회원 전용] 케이크&미니디저트
13	1289	0	오후 6:00~내일 오전 12:00 주문가능
13	1381	36	초코 품은 부생카
13	1435	36	5,500원
13	1441	121	지금 와우 가입하면 배달비 0원 + 25,000원 쿠폰
13	1458	781	가입하기
13	1493	36	초코가 더해진 촉촉한 투톤 컬러의 카스텔라에 부드러운 생크림, 초코 생크림 두 가지 매력을 한번에 즐길 수 있어 더욱 매력적인 부생카입니다.
13	1556	24	배달비 0원 적용 중
13	1571	72	품절임박
13	1571	166	잔여 2개
14	0	0	[이브닝 할인] 탕종 블루베리 베이글
14	33	36	달콤한 블루베리와 탕종법으로 반죽한 후 고온에서 데치고, 짧게 구워 내 쫄깃하고 촉촉한 식감이 특징인 블루베리 베이글입니다.
14	66	155	스타벅스 역삼아레나빌딩점 내 메뉴를 찾아보세요
14	132	72	품절임박
14	132	166	잔여 2개
14	151	114	[와우멤버십 회원 전용] 브레드
14	151	470	[와우멤버십 회원 전용] 케이크&미니디저트
14	182	51	4 / 6
14	191	36	[이브닝 할인] 미니 리프 파이
14	245	36	3,900원
14	248	279	스타벅스 역삼아레나빌딩점
14	298	412	4.9(675)
14	303	36	버터 풍미가 가득한 나뭇잎 모양의 바삭 바삭한 파이입니다.
14	351	72	품절임박
14	351	166	잔여 6개
14	431	36	[이브닝 할인] 바게트 소금빵
14	485	36	3,300원
14	543	36	바게트 빵처럼 토스트 된 겉면과 쫄깃한 빵 속 그리고 버터가 녹여진 바삭한 바닥면까지 다양한 식감을 즐길 수 있는 소금빵입니다.
14	621	72	품절임박
14	621	166	잔여 2개
14	689	0	[와우멤버십 회원 전용] 케이크&미니디저트
14	795	0	오후 6:00~내일 오전 12:00 주문가능
14	887	36	초코 품은 부생카
14	941	36	5,500원
14	999	36	초코가 더해진 촉촉한 투톤 컬러의 카스텔라에 부드러운 생크림, 초코 생크림 두 가지 매력을 한번에 즐길 수 있어 더욱 매력적인 부생카입니다.
14	1077	72	품절임박
14	1077	166	잔여 2개
14	1157	36	레이디핑거 티라미수 케이크
14	1211	36	6,900원
14	1269	36	진한 풍미의 마스카포네 치즈 크림 사이에 커피 시럽으로 촉촉하게 적신 레이디핑거 쿠키가 샌드되어 부드럽게 어우러지는 케이크입니다.
14	1347	72	품절임박
14	1347	166	잔여 1개
14	1397	63	리뷰 (1)
14	1441	121	지금 와우 가입하면 배달비 0원 + 25,000원 쿠폰
14	1458	781	가입하기
14	1471	36	[이브닝 할인] 클래식 피낭시에
14	1525	36	3,500원
14	1556	24	배달비 0원 적용 중
14	1583	36	진한 버터 풍미가 느껴지는 겉은 쫀득하고 속은 촉촉한 식감의 피낭시에입니다.
15	0	0	[이브닝 할인] 바게트 소금빵
15	0	0	부드러운 생크림이 듬뿍 들어있는 촉촉한 카스텔라입니다.
15	50	36	바게트 빵처럼 토스트 된 겉면과 쫄깃한 빵 속 그리고 버터가 녹여진 바삭한 바닥면까지 다양한 식감을 즐길 수 있는 소금빵입니다.
15	66	155	스타벅스 역삼아레나빌딩점 내 메뉴를 찾아보세요
15	132	72	품절임박
15	132	166	잔여 2개
15	151	114	[와우멤버십 회원 전용] 브레드
15	151	470	[와우멤버십 회원 전용] 케이크&미니디저트
15	182	51	5 / 6
15	196	0	[와우멤버십 회원 전용] 케이크&미니디저트
15	248	279	스타벅스 역삼아레나빌딩점
15	298	412	4.9(675)
15	302	0	오후 6:00~내일 오전 12:00 주문가능
15	394	36	초코 품은 부생카
15	448	36	5,500원
15	506	36	초코가 더해진 촉촉한 투톤 컬러의 카스텔라에 부드러운 생크림, 초코 생크림 두 가지 매력을 한번에 즐길 수 있어 더욱 매력적인 부생카입니다.
15	584	72	품절임박
15	584	166	잔여 2개
15	664	36	레이디핑거 티라미수 케이크
15	718	36	6,900원
15	776	36	진한 풍미의 마스카포네 치즈 크림 사이에 커피 시럽으로 촉촉하게 적신 레이디핑거 쿠키가 샌드되어 부드럽게 어우러지는 케이크입니다.
15	854	72	품절임박
15	854	166	잔여 1개
15	904	63	리뷰 (1)
15	978	36	[이브닝 할인] 클래식 피낭시에
15	1032	36	3,500원
15	1090	36	진한 버터 풍미가 느껴지는 겉은 쫀득하고 속은 촉촉한 식감의 피낭시에입니다.
15	1168	72	품절임박
15	1168	166	잔여 3개
15	1248	36	[이브닝 할인] 초콜릿 피낭시에
15	1302	36	3,500원
15	1360	36	달콤한 초콜릿 칩을 듬뿍 올려 깊고 진한 초콜릿 맛을 느낄 수 있는 피낭시에입니다.
15	1438	72	품절임박
15	1438	166	잔여 2개
15	1441	121	지금 와우 가입하면 배달비 0원 + 25,000원 쿠폰
15	1458	781	가입하기
15	1488	63	리뷰 (1)
15	1556	24	배달비 0원 적용 중
15	1562	36	부드러운 생크림카스텔라
16	0	0	리뷰 (1)
16	0	0	초코 품은 부생카
16	0	0	하트 모양의 겉은 바삭하고 속은 쫄깃한 상큼한 딸기 맛 마카롱입니다.
16	12	36	초코가 더해진 촉촉한 투톤 컬러의 카스텔라에 부드러운 생크림, 초코 생크림 두 가지 매력을 한번에 즐길 수 있어 더욱 매력적인 부생카입니다.
16	66	155	스타벅스 역삼아레나빌딩점 내 메뉴를 찾아보세요
16	151	114	[와우멤버십 회원 전용] 케이크&미니디저트
16	151	596	[와우멤버십 회원 전용] 샌드위치&샐러드
16	170	36	레이디핑거 티라미수 케이크
16	182	51	6 / 6
16	224	36	6,900원
16	248	279	스타벅스 역삼아레나빌딩점
16	282	36	진한 풍미의 마스카포네 치즈 크림 사이에 커피 시럽으로 촉촉하게 적신 레이디핑거 쿠키가 샌드되어 부드럽게 어우러지는 케이크입니다.
16	298	412	4.9(675)
16	360	72	품절임박
16	360	166	잔여 1개
16	410	63	리뷰 (1)
16	484	36	[이브닝 할인] 클래식 피낭시에
16	538	36	3,500원
16	596	36	진한 버터 풍미가 느껴지는 겉은 쫀득하고 속은 촉촉한 식감의 피낭시에입니다.
16	674	72	품절임박
16	674	166	잔여 3개
16	754	36	[이브닝 할인] 초콜릿 피낭시에
16	808	36	3,500원
16	866	36	달콤한 초콜릿 칩을 듬뿍 올려 깊고 진한 초콜릿 맛을 느낄 수 있는 피낭시에입니다.
16	944	72	품절임박
16	944	166	잔여 2개
16	994	63	리뷰 (1)
16	1068	36	부드러운 생크림카스텔라
16	1122	36	4,500원
16	1180	36	부드러운 생크림이 듬뿍 들어있는 촉촉한 카스텔라입니다.
16	1228	72	품절임박
16	1228	166	잔여 1개
16	1308	36	버터바
16	1362	36	3,800원
16	1420	36	입안을 가득 채우는 풍성한 버터 풍미가 느껴지는 스틱 형태의 디저트 버터바입니다.
16	1441	121	지금 와우 가입하면 배달비 0원 + 25,000원 쿠폰
16	1458	781	가입하기
16	1498	72	품절임박
16	1498	166	잔여 1개
16	1556	24	배달비 0원 적용 중
16	1578	36	[이브닝 할인] 하트 스트로베리 마카롱
17	0	36	[이브닝 할인] 클래식 피낭시에
17	66	155	스타벅스 역삼아레나빌딩점 내 메뉴를 찾아보세요
17	112	36	진한 버터 풍미가 느껴지는 겉은 쫀득하고 속은 촉촉한 식감의 피낭시에입니다.
17	151	114	[와우멤버십 회원 전용] 케이크&미니디저트
17	151	596	[와우멤버십 회원 전용] 샌드위치&샐러드
17	182	51	1 / 6
17	190	72	품절임박
17	190	166	잔여 3개
17	248	279	스타벅스 역삼아레나빌딩점
17	270	36	[이브닝 할인] 초콜릿 피낭시에
17	298	412	4.9(675)
17	324	36	3,500원
17	382	36	달콤한 초콜릿 칩을 듬뿍 올려 깊고 진한 초콜릿 맛을 느낄 수 있는 피낭시에입니다.
17	460	72	품절임박
17	460	166	잔여 2개
17	510	63	리뷰 (1)
17	584	36	부드러운 생크림카스텔라
17	638	36	4,500원
17	696	36	부드러운 생크림이 듬뿍 들어있는 촉촉한 카스텔라입니다.
17	744	72	품절임박
17	744	166	잔여 1개
17	824	36	버터바
17	878	36	3,800원
17	936	36	입안을 가득 채우는 풍성한 버터 풍미가 느껴지는 스틱 형태의 디저트 버터바입니다.
17	1014	72	품절임박
17	1014	166	잔여 1개
17	1094	36	[이브닝 할인] 하트 스트로베리 마카롱
17	1148	36	3,200원
17	1206	36	하트 모양의 겉은 바삭하고 속은 쫄깃한 상큼한 딸기 맛 마카롱입니다.
17	1254	72	품절임박
17	1254	166	잔여 4개
17	1304	63	리뷰 (1)
17	1378	36	[이브닝 할인] 다크 초콜릿 마카롱
17	1432	36	2,700원
17	1441	121	지금 와우 가입하면 배달비 0원 + 25,000원 쿠폰
17	1458	781	가입하기
17	1490	72	품절임박
17	1490	166	잔여 4개
17	1540	63	리뷰 (2)
17	1556	24	배달비 0원 적용 중
18	0	0	워밍 필수로 배송되는 제품입니다. 향긋한 바질 페스토로 버무린 치킨과 감칠맛을 살린 토마토라이스에 고소한 모짜렐라 치즈로 풍미를 더해 따뜻하게 구워낸 브리또입니다.
18	66	155	스타벅스 역삼아레나빌딩점 내 메뉴를 찾아보세요
18	97	36	부드러운 생크림카스텔라
18	151	36	4,500원
18	151	114	[와우멤버십 회원 전용] 케이크&미니디저트
18	151	596	[와우멤버십 회원 전용] 샌드위치&샐러드
18	182	51	2 / 6
18	209	36	부드러운 생크림이 듬뿍 들어있는 촉촉한 카스텔라입니다.
18	248	279	스타벅스 역삼아레나빌딩점
18	257	72	품절임박
18	257	166	잔여 1개
18	298	412	4.9(675)
18	337	36	버터바
18	391	36	3,800원
18	449	36	입안을 가득 채우는 풍성한 버터 풍미가 느껴지는 스틱 형태의 디저트 버터바입니다.
18	527	72	품절임박
18	527	166	잔여 1개
18	607	36	[이브닝 할인] 하트 스트로베리 마카롱
18	661	36	3,200원
18	719	36	하트 모양의 겉은 바삭하고 속은 쫄깃한 상큼한 딸기 맛 마카롱입니다.
18	767	72	품절임박
18	767	166	잔여 4개
18	817	63	리뷰 (1)
18	891	36	[이브닝 할인] 다크 초콜릿 마카롱
18	945	36	2,700원
18	1003	72	품절임박
18	1003	166	잔여 4개
18	1053	63	리뷰 (2)
18	1115	0	[와우멤버십 회원 전용] 샌드위치&샐러드
18	1221	0	오후 6:00~내일 오전 12:00 주문가능
18	1313	36	[이브닝 할인] 로스티드 치킨 & 치즈 샌드위치
18	1367	36	6,500원
18	1425	36	쫄깃한 사각 감자 치아바타 사이 춘천식 닭갈비 스타일로 만든 치킨과 치즈, 고구마를 넣어 따뜻하게 즐기는 샌드위치입니다.
18	1441	121	지금 와우 가입하면 배달비 0원 + 25,000원 쿠폰
18	1458	781	가입하기
18	1503	72	품절임박
18	1503	166	잔여 1개
18	1556	24	배달비 0원 적용 중
18	1583	36	[이브닝 할인] 바질 치킨 토마토 브리또
19	66	155	스타벅스 역삼아레나빌딩점 내 메뉴를 찾아보세요
19	119	36	[이브닝 할인] 하트 스트로베리 마카롱
19	151	114	[와우멤버십 회원 전용] 케이크&미니디저트
19	151	596	[와우멤버십 회원 전용] 샌드위치&샐러드
19	173	36	3,200원
19	182	51	3 / 6
19	231	36	하트 모양의 겉은 바삭하고 속은 쫄깃한 상큼한 딸기 맛 마카롱입니다.
19	248	279	스타벅스 역삼아레나빌딩점
19	279	72	품절임박
19	279	166	잔여 4개
19	298	412	4.9(675)
19	329	63	리뷰 (1)
19	403	36	[이브닝 할인] 다크 초콜릿 마카롱
19	457	36	2,700원
19	515	72	품절임박
19	515	166	잔여 4개
19	565	63	리뷰 (2)
19	627	0	[와우멤버십 회원 전용] 샌드위치&샐러드
19	733	0	오후 6:00~내일 오전 12:00 주문가능
19	825	36	[이브닝 할인] 로스티드 치킨 & 치즈 샌드위치
19	879	36	6,500원
19	937	36	쫄깃한 사각 감자 치아바타 사이 춘천식 닭갈비 스타일로 만든 치킨과 치즈, 고구마를 넣어 따뜻하게 즐기는 샌드위치입니다.
19	1015	72	품절임박
19	1015	166	잔여 1개
19	1095	36	[이브닝 할인] 바질 치킨 토마토 브리또
19	1149	36	5,100원
19	1207	36	워밍 필수로 배송되는 제품입니다. 향긋한 바질 페스토로 버무린 치킨과 감칠맛을 살린 토마토라이스에 고소한 모짜렐라 치즈로 풍미를 더해 따뜻하게 구워낸 브리또입니다.
19	1285	72	품절임박
19	1285	166	잔여 1개
19	1365	36	더블 치킨 브레스트 체다 & 에그 샌드위치
19	1419	36	5,700원
19	1441	121	지금 와우 가입하면 배달비 0원 + 25,000원 쿠폰
19	1458	781	가입하기
19	1477	36	쫄깃한 잉글리시 머핀 사이 담백한 닭가슴살로 만든 치킨 브레스트 햄과 에그 프라이, 체다 치즈, 스윗 올리브& 칠리 마요 소스로 부드러우면서 매콤한 맛을 더한 모닝 샌드위치 입니다.
19	1555	72	품절임박
19	1555	166	잔여 1개
19	1556	24	배달비 0원 적용 중
20	0	0	요거트의 본고장 그리스 내 1위 브랜드 FAGE(파예)를 소개합니다. 크리미한 텍스쳐로 부드럽고 가볍게 즐길 수 있는 무지방 그릭 요거트입니다.
20	66	155	스타벅스 역삼아레나빌딩점 내 메뉴를 찾아보세요
20	132	0	[와우멤버십 회원 전용] 샌드위치&샐러드
20	151	114	[와우멤버십 회원 전용] 샌드위치&샐러드
20	151	574	[와우멤버십 회원 전용] 과일&요거트
20	182	51	4 / 6
20	238	0	오후 6:00~내일 오전 12:00 주문가능
20	248	279	스타벅스 역삼아레나빌딩점
20	298	412	4.9(675)
20	330	36	[이브닝 할인] 로스티드 치킨 & 치즈 샌드위치
20	384	36	6,500원
20	442	36	쫄깃한 사각 감자 치아바타 사이 춘천식 닭갈비 스타일로 만든 치킨과 치즈, 고구마를 넣어 따뜻하게 즐기는 샌드위치입니다.
20	520	72	품절임박
20	520	166	잔여 1개
20	600	36	[이브닝 할인] 바질 치킨 토마토 브리또
20	654	36	5,100원
20	712	36	워밍 필수로 배송되는 제품입니다. 향긋한 바질 페스토로 버무린 치킨과 감칠맛을 살린 토마토라이스에 고소한 모짜렐라 치즈로 풍미를 더해 따뜻하게 구워낸 브리또입니다.
20	790	72	품절임박
20	790	166	잔여 1개
20	870	36	더블 치킨 브레스트 체다 & 에그 샌드위치
20	924	36	5,700원
20	982	36	쫄깃한 잉글리시 머핀 사이 담백한 닭가슴살로 만든 치킨 브레스트 햄과 에그 프라이, 체다 치즈, 스윗 올리브& 칠리 마요 소스로 부드러우면서 매콤한 맛을 더한 모닝 샌드위치 입니다.
20	1060	72	품절임박
20	1060	166	잔여 1개
20	1140	36	바질 토마토 탕종 베이글 샌드
20	1194	36	5,900원
20	1252	36	쫄깃한 올리브 탕종 베이글에 상큼한 반건조 토마토를 넣은 크림치즈와 바질 페스토를 더하여 산뜻한 여름에도 가볍게 즐길 수 있는 베이글 샌드입니다.
20	1330	72	품절임박
20	1330	166	잔여 2개
20	1398	0	[와우멤버십 회원 전용] 과일&요거트
20	1441	121	지금 와우 가입하면 배달비 0원 + 25,000원 쿠폰
20	1458	781	가입하기
20	1504	0	오후 6:00~내일 오전 12:00 주문가능
20	1556	24	배달비 0원 적용 중
20	1596	36	파예 무지방 요거트
21	66	155	스타벅스 역삼아레나빌딩점 내 메뉴를 찾아보세요
21	115	36	[이브닝 할인] 바질 치킨 토마토 브리또
21	151	114	[와우멤버십 회원 전용] 샌드위치&샐러드
21	151	574	[와우멤버십 회원 전용] 과일&요거트
21	169	36	5,100원
21	182	51	5 / 6
21	227	36	워밍 필수로 배송되는 제품입니다. 향긋한 바질 페스토로 버무린 치킨과 감칠맛을 살린 토마토라이스에 고소한 모짜렐라 치즈로 풍미를 더해 따뜻하게 구워낸 브리또입니다.
21	248	279	스타벅스 역삼아레나빌딩점
21	298	412	4.9(675)
21	305	72	품절임박
21	305	166	잔여 1개
21	385	36	더블 치킨 브레스트 체다 & 에그 샌드위치
21	439	36	5,700원
21	497	36	쫄깃한 잉글리시 머핀 사이 담백한 닭가슴살로 만든 치킨 브레스트 햄과 에그 프라이, 체다 치즈, 스윗 올리브& 칠리 마요 소스로 부드러우면서 매콤한 맛을 더한 모닝 샌드위치 입니다.
21	575	72	품절임박
21	575	166	잔여 1개
21	655	36	바질 토마토 탕종 베이글 샌드
21	709	36	5,900원
21	767	36	쫄깃한 올리브 탕종 베이글에 상큼한 반건조 토마토를 넣은 크림치즈와 바질 페스토를 더하여 산뜻한 여름에도 가볍게 즐길 수 있는 베이글 샌드입니다.
21	845	72	품절임박
21	845	166	잔여 2개
21	913	0	[와우멤버십 회원 전용] 과일&요거트
21	1019	0	오후 6:00~내일 오전 12:00 주문가능
21	1111	36	파예 무지방 요거트
21	1165	36	5,900원
21	1223	36	요거트의 본고장 그리스 내 1위 브랜드 FAGE(파예)를 소개합니다. 크리미한 텍스쳐로 부드럽고 가볍게 즐길 수 있는 무지방 그릭 요거트입니다.
21	1301	72	품절임박
21	1301	166	잔여 7개
21	1381	36	파예 무지방 요거트 허니
21	1435	36	5,900원
21	1441	121	지금 와우 가입하면 배달비 0원 + 25,000원 쿠폰
21	1458	781	가입하기
21	1493	36	요거트의 본고장 그리스 내 1위 브랜드 FAGE(파예)를 소개합니다. 용기를 꺾어 달콤한 꿀을 토핑해서 가볍게 먹을 수 있는 무지방 그릭 요거트입니다.
21	1556	24	배달비 0원 적용 중
21	1571	72	품절임박
21	1571	166	잔여 2개
22	0	0	더블 치킨 브레스트 체다 & 에그 샌드위치
22	13	36	쫄깃한 잉글리시 머핀 사이 담백한 닭가슴살로 만든 치킨 브레스트 햄과 에그 프라이, 체다 치즈, 스윗 올리브& 칠리 마요 소스로 부드러우면서 매콤한 맛을 더한 모닝 샌드위치 입니다.
22	66	155	스타벅스 역삼아레나빌딩점 내 메뉴를 찾아보세요
22	151	114	[와우멤버십 회원 전용] 샌드위치&샐러드
22	151	574	[와우멤버십 회원 전용] 과일&요거트
22	171	36	바질 토마토 탕종 베이글 샌드
22	182	51	6 / 6
22	225	36	5,900원
22	248	279	스타벅스 역삼아레나빌딩점
22	283	36	쫄깃한 올리브 탕종 베이글에 상큼한 반건조 토마토를 넣은 크림치즈와 바질 페스토를 더하여 산뜻한 여름에도 가볍게 즐길 수 있는 베이글 샌드입니다.
22	298	412	4.9(675)
22	361	72	품절임박
22	361	166	잔여 2개
22	429	0	[와우멤버십 회원 전용] 과일&요거트
22	535	0	오후 6:00~내일 오전 12:00 주문가능
22	627	36	파예 무지방 요거트
22	681	36	5,900원
22	739	36	요거트의 본고장 그리스 내 1위 브랜드 FAGE(파예)를 소개합니다. 크리미한 텍스쳐로 부드럽고 가볍게 즐길 수 있는 무지방 그릭 요거트입니다.
22	817	72	품절임박
22	817	166	잔여 7개
22	897	36	파예 무지방 요거트 허니
22	951	36	5,900원
22	1009	36	요거트의 본고장 그리스 내 1위 브랜드 FAGE(파예)를 소개합니다. 용기를 꺾어 달콤한 꿀을 토핑해서 가볍게 먹을 수 있는 무지방 그릭 요거트입니다.
22	1087	72	품절임박
22	1087	166	잔여 2개
22	1167	36	한라봉 가득 핸디 젤리
22	1221	36	2,800원
22	1279	36	제주도 특산물인 한라봉과 감귤을 가득 담은 상큼한 맛의 스타벅스 핸디 젤리
22	1357	72	품절임박
22	1357	166	잔여 8개
22	1437	36	복숭아 가득 핸디 젤리
22	1441	121	지금 와우 가입하면 배달비 0원 + 25,000원 쿠폰
22	1458	781	가입하기
22	1491	36	2,800원
22	1549	36	국내산 복숭아를 가득 담은 달콤한 맛의 스타벅스 핸디 젤리
22	1556	24	배달비 0원 적용 중
22	1597	72	품절임박
22	1597	166	잔여 8개
23	0	0	달콤 아삭한 복숭아가 들어간 젤리와 부드럽고 풍미 있는 레어 치즈와 쿠키가 조화로운 케이크
23	0	0	복숭아 젤리 치즈 케이크
23	66	155	스타벅스 역삼아레나빌딩점 내 메뉴를 찾아보세요
23	142	36	파예 무지방 요거트
23	151	114	[와우멤버십 회원 전용] 과일&요거트
23	151	642	[와우멤버십 회원 전용] 와우 할인 메뉴
23	155	530	NEW
23	182	51	1 / 6
23	196	36	5,900원
23	248	279	스타벅스 역삼아레나빌딩점
23	254	36	요거트의 본고장 그리스 내 1위 브랜드 FAGE(파예)를 소개합니다. 크리미한 텍스쳐로 부드럽고 가볍게 즐길 수 있는 무지방 그릭 요거트입니다.
23	298	412	4.9(675)
23	332	72	품절임박
23	332	166	잔여 7개
23	412	36	파예 무지방 요거트 허니
23	466	36	5,900원
23	524	36	요거트의 본고장 그리스 내 1위 브랜드 FAGE(파예)를 소개합니다. 용기를 꺾어 달콤한 꿀을 토핑해서 가볍게 먹을 수 있는 무지방 그릭 요거트입니다.
23	602	72	품절임박
23	602	166	잔여 2개
23	682	36	한라봉 가득 핸디 젤리
23	736	36	2,800원
23	794	36	제주도 특산물인 한라봉과 감귤을 가득 담은 상큼한 맛의 스타벅스 핸디 젤리
23	872	72	품절임박
23	872	166	잔여 8개
23	952	36	복숭아 가득 핸디 젤리
23	1006	36	2,800원
23	1064	36	국내산 복숭아를 가득 담은 달콤한 맛의 스타벅스 핸디 젤리
23	1112	72	품절임박
23	1112	166	잔여 8개
23	1192	36	[이브닝 할인] 프리미엄 바나나
23	1246	36	1,500원
23	1304	36	프리미엄 바나나
23	1352	72	품절임박
23	1352	166	잔여 1개
23	1441	121	지금 와우 가입하면 배달비 0원 + 25,000원 쿠폰
23	1458	781	가입하기
23	1462	42	NEW
23	1505	36	주문 건 당 최대 20잔까지 추가할 수 있습니다. 더 많은 수량이 필요하신 경우, 주문을 나누어 이용해 주세요.
23	1556	24	배달비 0원 적용 중
24	0	0	파예 무지방 요거트 허니
24	40	36	요거트의 본고장 그리스 내 1위 브랜드 FAGE(파예)를 소개합니다. 용기를 꺾어 달콤한 꿀을 토핑해서 가볍게 먹을 수 있는 무지방 그릭 요거트입니다.
24	66	155	스타벅스 역삼아레나빌딩점 내 메뉴를 찾아보세요
24	132	72	품절임박
24	132	166	잔여 2개
24	151	114	[와우멤버십 회원 전용] 과일&요거트
24	151	642	[와우멤버십 회원 전용] 와우 할인 메뉴
24	155	530	NEW
24	182	51	2 / 6
24	198	36	한라봉 가득 핸디 젤리
24	248	279	스타벅스 역삼아레나빌딩점
24	252	36	2,800원
24	298	412	4.9(675)
24	310	36	제주도 특산물인 한라봉과 감귤을 가득 담은 상큼한 맛의 스타벅스 핸디 젤리
24	388	72	품절임박
24	388	166	잔여 8개
24	468	36	복숭아 가득 핸디 젤리
24	522	36	2,800원
24	580	36	국내산 복숭아를 가득 담은 달콤한 맛의 스타벅스 핸디 젤리
24	628	72	품절임박
24	628	166	잔여 8개
24	708	36	[이브닝 할인] 프리미엄 바나나
24	762	36	1,500원
24	820	36	프리미엄 바나나
24	868	72	품절임박
24	868	166	잔여 1개
24	978	42	NEW
24	1021	36	주문 건 당 최대 20잔까지 추가할 수 있습니다. 더 많은 수량이 필요하신 경우, 주문을 나누어 이용해 주세요.
24	1123	36	복숭아 젤리 치즈 케이크
24	1177	36	7,800원
24	1235	36	달콤 아삭한 복숭아가 들어간 젤리와 부드럽고 풍미 있는 레어 치즈와 쿠키가 조화로운 케이크
24	1313	72	품절임박
24	1313	166	잔여 4개
24	1393	36	귤 젤리 치즈 케이크
24	1441	121	지금 와우 가입하면 배달비 0원 + 25,000원 쿠폰
24	1447	36	7,800원
24	1458	781	가입하기
24	1505	36	상큼 탱글한 귤이 들어간 젤리와 부드럽고 풍미 있는 레어 치즈와 쿠키가 조화로운 케이크
24	1556	24	배달비 0원 적용 중
24	1583	72	품절임박
24	1583	166	잔여 4개
25	0	0	레드빈 말차 코코 프라푸치노
25	0	0	한 잔의 풍성한 디저트처럼 즐기는 프리피엄 프라푸치노달달한 단팥, 쌉싸름한 유기농 제주 말차, 쫀득한 펄 토핑과 코코넛 베이스의 다채로운 조합을 즐겨 보세요
25	0	36	복숭아 가득 핸디 젤리
25	66	155	스타벅스 역삼아레나빌딩점 내 메뉴를 찾아보세요
25	86	36	국내산 복숭아를 가득 담은 달콤한 맛의 스타벅스 핸디 젤리
25	134	72	품절임박
25	134	166	잔여 8개
25	151	114	[와우멤버십 회원 전용] 과일&요거트
25	151	642	[와우멤버십 회원 전용] 와우 할인 메뉴
25	155	530	NEW
25	182	51	3 / 6
25	214	36	[이브닝 할인] 프리미엄 바나나
25	248	279	스타벅스 역삼아레나빌딩점
25	268	36	1,500원
25	298	412	4.9(675)
25	326	36	프리미엄 바나나
25	374	72	품절임박
25	374	166	잔여 1개
25	484	42	NEW
25	527	36	주문 건 당 최대 20잔까지 추가할 수 있습니다. 더 많은 수량이 필요하신 경우, 주문을 나누어 이용해 주세요.
25	629	36	복숭아 젤리 치즈 케이크
25	683	36	7,800원
25	741	36	달콤 아삭한 복숭아가 들어간 젤리와 부드럽고 풍미 있는 레어 치즈와 쿠키가 조화로운 케이크
25	819	72	품절임박
25	819	166	잔여 4개
25	899	36	귤 젤리 치즈 케이크
25	953	36	7,800원
25	1011	36	상큼 탱글한 귤이 들어간 젤리와 부드럽고 풍미 있는 레어 치즈와 쿠키가 조화로운 케이크
25	1089	72	품절임박
25	1089	166	잔여 4개
25	1169	36	코코 콜드 브루
25	1223	36	5,900원
25	1281	36	여름철 즐기기 좋은 깔끔한 타입의 신규 콜드 브루전해질이 풍부해 수분 보충에 좋은 코코넛 워터와 콜드 브루의 조화로움을 즐겨보세요
25	1389	36	살구 조이풀 메들리 쉐이큰 티
25	1441	121	지금 와우 가입하면 배달비 0원 + 25,000원 쿠폰
25	1443	36	6,100원
25	1458	781	가입하기
25	1501	36	상큼한 살구와 조이풀 메들리 티 풍미가 어우러진 신규 티 음료*조이풀 메들리 티 : 블랙 티에 자스민 그린 티, 우롱 티가 블렌딩 되어 산뜻한 풍미가 은은하게 퍼지는 티*살구 조이풀 메들리 쉐이큰 티에는 대체당(효소처리 스테비아)을 넣어 칼로리와 당류를 낮췄습니다.* 대체당이 들어간 음료는 과량 섭취 시 설사를 유발할 수 있습니다.
25	1556	24	배달비 0원 적용 중
26	0	0	귀여운 베어리스타 쿠키 사이에 부드러운 치즈 케이크가 샌드된 케이크입니다.
26	0	0	쿠키 치즈 케이크
26	66	155	스타벅스 역삼아레나빌딩점 내 메뉴를 찾아보세요
26	144	36	복숭아 젤리 치즈 케이크
26	151	226	[와우멤버십 회원 전용] 와우 할인 메뉴
26	151	658	트렌타
26	151	784	에스프레소
26	155	114	NEW
26	182	51	4 / 6
26	198	36	7,800원
26	248	279	스타벅스 역삼아레나빌딩점
26	256	36	달콤 아삭한 복숭아가 들어간 젤리와 부드럽고 풍미 있는 레어 치즈와 쿠키가 조화로운 케이크
26	298	412	4.9(675)
26	334	72	품절임박
26	334	166	잔여 4개
26	414	36	귤 젤리 치즈 케이크
26	468	36	7,800원
26	526	36	상큼 탱글한 귤이 들어간 젤리와 부드럽고 풍미 있는 레어 치즈와 쿠키가 조화로운 케이크
26	604	72	품절임박
26	604	166	잔여 4개
26	684	36	코코 콜드 브루
26	738	36	5,900원
26	796	36	여름철 즐기기 좋은 깔끔한 타입의 신규 콜드 브루전해질이 풍부해 수분 보충에 좋은 코코넛 워터와 콜드 브루의 조화로움을 즐겨보세요
26	904	36	살구 조이풀 메들리 쉐이큰 티
26	958	36	6,100원
26	1016	36	상큼한 살구와 조이풀 메들리 티 풍미가 어우러진 신규 티 음료*조이풀 메들리 티 : 블랙 티에 자스민 그린 티, 우롱 티가 블렌딩 되어 산뜻한 풍미가 은은하게 퍼지는 티*살구 조이풀 메들리 쉐이큰 티에는 대체당(효소처리 스테비아)을 넣어 칼로리와 당류를 낮췄습니다.* 대체당이 들어간 음료는 과량 섭취 시 설사를 유발할 수 있습니다.
26	1124	36	레드빈 말차 코코 프라푸치노
26	1178	36	7,100원
26	1236	36	한 잔의 풍성한 디저트처럼 즐기는 프리피엄 프라푸치노달달한 단팥, 쌉싸름한 유기농 제주 말차, 쫀득한 펄 토핑과 코코넛 베이스의 다채로운 조합을 즐겨 보세요
26	1344	36	떠먹는 복숭아 생크림 케이크
26	1398	36	8,500원
26	1441	121	지금 와우 가입하면 배달비 0원 + 25,000원 쿠폰
26	1456	36	여름 시즌 과일 복숭아를 상큼한 요거트 크림, 바삭한 그래놀라와 함께 즐기는 떠먹는 타입의 케이크입니다.
26	1458	781	가입하기
26	1534	72	품절임박
26	1534	166	잔여 2개
26	1556	24	배달비 0원 적용 중
27	0	0	귤 젤리 치즈 케이크
27	41	36	상큼 탱글한 귤이 들어간 젤리와 부드럽고 풍미 있는 레어 치즈와 쿠키가 조화로운 케이크
27	66	155	스타벅스 역삼아레나빌딩점 내 메뉴를 찾아보세요
27	132	72	품절임박
27	132	166	잔여 4개
27	151	226	[와우멤버십 회원 전용] 와우 할인 메뉴
27	151	658	트렌타
27	151	784	에스프레소
27	155	114	NEW
27	182	51	5 / 6
27	199	36	코코 콜드 브루
27	248	279	스타벅스 역삼아레나빌딩점
27	253	36	5,900원
27	298	412	4.9(675)
27	311	36	여름철 즐기기 좋은 깔끔한 타입의 신규 콜드 브루전해질이 풍부해 수분 보충에 좋은 코코넛 워터와 콜드 브루의 조화로움을 즐겨보세요
27	419	36	살구 조이풀 메들리 쉐이큰 티
27	473	36	6,100원
27	531	36	상큼한 살구와 조이풀 메들리 티 풍미가 어우러진 신규 티 음료*조이풀 메들리 티 : 블랙 티에 자스민 그린 티, 우롱 티가 블렌딩 되어 산뜻한 풍미가 은은하게 퍼지는 티*살구 조이풀 메들리 쉐이큰 티에는 대체당(효소처리 스테비아)을 넣어 칼로리와 당류를 낮췄습니다.* 대체당이 들어간 음료는 과량 섭취 시 설사를 유발할 수 있습니다.
27	639	36	레드빈 말차 코코 프라푸치노
27	693	36	7,100원
27	751	36	한 잔의 풍성한 디저트처럼 즐기는 프리피엄 프라푸치노달달한 단팥, 쌉싸름한 유기농 제주 말차, 쫀득한 펄 토핑과 코코넛 베이스의 다채로운 조합을 즐겨 보세요
27	859	36	떠먹는 복숭아 생크림 케이크
27	913	36	8,500원
27	971	36	여름 시즌 과일 복숭아를 상큼한 요거트 크림, 바삭한 그래놀라와 함께 즐기는 떠먹는 타입의 케이크입니다.
27	1049	72	품절임박
27	1049	166	잔여 2개
27	1129	36	쿠키 치즈 케이크
27	1183	36	7,500원
27	1241	36	귀여운 베어리스타 쿠키 사이에 부드러운 치즈 케이크가 샌드된 케이크입니다.
27	1319	72	품절임박
27	1319	166	잔여 4개
27	1399	36	카프레제 미트볼 샌드위치
27	1441	121	지금 와우 가입하면 배달비 0원 + 25,000원 쿠폰
27	1453	36	7,500원
27	1458	781	가입하기
27	1511	36	육즙 가득한 미트볼에 향긋한 바질 페스토와 라구 토마토 소스, 모짜렐라 치즈가 어우러져 카프레제 스타일의 싱그러운 풍미를 더한 샌드위치입니다
27	1556	24	배달비 0원 적용 중
27	1589	72	품절임박
27	1589	166	잔여 3개
28	66	155	스타벅스 역삼아레나빌딩점 내 메뉴를 찾아보세요
28	151	226	[와우멤버십 회원 전용] 와우 할인 메뉴
28	151	658	트렌타
28	151	784	에스프레소
28	155	114	NEW
28	156	36	레드빈 말차 코코 프라푸치노
28	182	51	6 / 6
28	210	36	7,100원
28	248	279	스타벅스 역삼아레나빌딩점
28	268	36	한 잔의 풍성한 디저트처럼 즐기는 프리피엄 프라푸치노달달한 단팥, 쌉싸름한 유기농 제주 말차, 쫀득한 펄 토핑과 코코넛 베이스의 다채로운 조합을 즐겨 보세요
28	298	412	4.9(675)
28	376	36	떠먹는 복숭아 생크림 케이크
28	430	36	8,500원
28	488	36	여름 시즌 과일 복숭아를 상큼한 요거트 크림, 바삭한 그래놀라와 함께 즐기는 떠먹는 타입의 케이크입니다.
28	566	72	품절임박
28	566	166	잔여 2개
28	646	36	쿠키 치즈 케이크
28	700	36	7,500원
28	758	36	귀여운 베어리스타 쿠키 사이에 부드러운 치즈 케이크가 샌드된 케이크입니다.
28	836	72	품절임박
28	836	166	잔여 4개
28	916	36	카프레제 미트볼 샌드위치
28	970	36	7,500원
28	1028	36	육즙 가득한 미트볼에 향긋한 바질 페스토와 라구 토마토 소스, 모짜렐라 치즈가 어우러져 카프레제 스타일의 싱그러운 풍미를 더한 샌드위치입니다
28	1106	72	품절임박
28	1106	166	잔여 3개
28	1186	36	씨솔트 카라멜 콜드 브루
28	1240	36	6,500원
28	1298	36	구름 처럼 부드러운 씨솔트 폼과 번트 카라멜의 중독성 강한 단짠단짠 조합의 콜드 브루 한번 맛보면 자꾸 생각나는 매력적인 음료
28	1406	36	씨솔트 폼 블랙 티
28	1441	121	지금 와우 가입하면 배달비 0원 + 25,000원 쿠폰
28	1458	781	가입하기
28	1460	36	6,100원
28	1518	36	부드럽고 짭짤한 씨솔트 폼과 깊고 맑은 더블 블랙티가 만난 스타벅스만의 폼 티(Foam Tea).폼 티 속 알로에 토핑과 함께 깔끔하면서도 풍부한 즐거움을 느껴보세요.
28	1556	24	배달비 0원 적용 중
29	0	0	리뷰 (1)
29	0	0	피치, 망고, 딸기 등의 다양한 과일 플레이버와 레모네이드가 조화롭게 어우러진 리프레셔 음료두 가지 핑크 톤의 레이어와 함께 가볍게 에너지 부스팅 할 수 있는 음료
29	0	0	핑크 피치 리프레셔
29	66	155	스타벅스 역삼아레나빌딩점 내 메뉴를 찾아보세요
29	151	226	[와우멤버십 회원 전용] 와우 할인 메뉴
29	151	658	트렌타
29	151	784	에스프레소
29	153	36	쿠키 치즈 케이크
29	155	114	NEW
29	182	51	1 / 6
29	207	36	7,500원
29	248	279	스타벅스 역삼아레나빌딩점
29	265	36	귀여운 베어리스타 쿠키 사이에 부드러운 치즈 케이크가 샌드된 케이크입니다.
29	298	412	4.9(675)
29	343	72	품절임박
29	343	166	잔여 4개
29	423	36	카프레제 미트볼 샌드위치
29	477	36	7,500원
29	535	36	육즙 가득한 미트볼에 향긋한 바질 페스토와 라구 토마토 소스, 모짜렐라 치즈가 어우러져 카프레제 스타일의 싱그러운 풍미를 더한 샌드위치입니다
29	613	72	품절임박
29	613	166	잔여 3개
29	693	36	씨솔트 카라멜 콜드 브루
29	747	36	6,500원
29	805	36	구름 처럼 부드러운 씨솔트 폼과 번트 카라멜의 중독성 강한 단짠단짠 조합의 콜드 브루 한번 맛보면 자꾸 생각나는 매력적인 음료
29	913	36	씨솔트 폼 블랙 티
29	967	36	6,100원
29	1025	36	부드럽고 짭짤한 씨솔트 폼과 깊고 맑은 더블 블랙티가 만난 스타벅스만의 폼 티(Foam Tea).폼 티 속 알로에 토핑과 함께 깔끔하면서도 풍부한 즐거움을 느껴보세요.
29	1133	36	자몽 망고 코코 프라푸치노
29	1187	36	7,100원
29	1245	36	자몽 망고 코코넛의 완벽한 조합! 여름철 휴양지가 떠오르는 시원 달콤한 프라푸치노 고객들에게 많은 사랑을 받았던 자망코가 다시 돌아왔습니다
29	1323	63	100% (1개)
29	1397	36	파인애플 블루 코코 프라푸치노
29	1441	121	지금 와우 가입하면 배달비 0원 + 25,000원 쿠폰
29	1451	36	7,100원
29	1458	781	가입하기
29	1509	36	파인애플과 코코넛에 선명한 블루 스피룰리나를 더한 프라푸치노 음료.한 잔의 푸른 여름이 담긴 매력적인 트로피컬 프라푸치노를 만나보세요!
29	1556	24	배달비 0원 적용 중
30	0	0	카프레제 미트볼 샌드위치
30	50	36	육즙 가득한 미트볼에 향긋한 바질 페스토와 라구 토마토 소스, 모짜렐라 치즈가 어우러져 카프레제 스타일의 싱그러운 풍미를 더한 샌드위치입니다
30	66	155	스타벅스 역삼아레나빌딩점 내 메뉴를 찾아보세요
30	132	72	품절임박
30	132	166	잔여 3개
30	151	226	[와우멤버십 회원 전용] 와우 할인 메뉴
30	151	658	트렌타
30	151	784	에스프레소
30	155	114	NEW
30	182	51	2 / 6
30	208	36	씨솔트 카라멜 콜드 브루
30	248	279	스타벅스 역삼아레나빌딩점
30	262	36	6,500원
30	298	412	4.9(675)
30	320	36	구름 처럼 부드러운 씨솔트 폼과 번트 카라멜의 중독성 강한 단짠단짠 조합의 콜드 브루 한번 맛보면 자꾸 생각나는 매력적인 음료
30	428	36	씨솔트 폼 블랙 티
30	482	36	6,100원
30	540	36	부드럽고 짭짤한 씨솔트 폼과 깊고 맑은 더블 블랙티가 만난 스타벅스만의 폼 티(Foam Tea).폼 티 속 알로에 토핑과 함께 깔끔하면서도 풍부한 즐거움을 느껴보세요.
30	648	36	자몽 망고 코코 프라푸치노
30	702	36	7,100원
30	760	36	자몽 망고 코코넛의 완벽한 조합! 여름철 휴양지가 떠오르는 시원 달콤한 프라푸치노 고객들에게 많은 사랑을 받았던 자망코가 다시 돌아왔습니다
30	838	63	100% (1개)
30	912	36	파인애플 블루 코코 프라푸치노
30	966	36	7,100원
30	1024	36	파인애플과 코코넛에 선명한 블루 스피룰리나를 더한 프라푸치노 음료.한 잔의 푸른 여름이 담긴 매력적인 트로피컬 프라푸치노를 만나보세요!
30	1132	36	핑크 피치 리프레셔
30	1186	36	4,900원
30	1244	36	피치, 망고, 딸기 등의 다양한 과일 플레이버와 레모네이드가 조화롭게 어우러진 리프레셔 음료두 가지 핑크 톤의 레이어와 함께 가볍게 에너지 부스팅 할 수 있는 음료
30	1322	63	리뷰 (1)
30	1396	36	모짜렐라 포크 커틀릿 샌드위치
30	1441	121	지금 와우 가입하면 배달비 0원 + 25,000원 쿠폰
30	1450	36	5,400원
30	1458	781	가입하기
30	1508	36	폭신한 식빵 안에 겹겹의 포크 커틀릿과 고소한 모짜렐라 치즈, 달콤한 카라멜 어니언 돈카츠 소스와 알싸한 블랙페퍼 아이올리 소스가 어우러진 샌드위치 입니다.
30	1556	24	배달비 0원 적용 중
30	1586	72	품절임박
30	1586	166	잔여 2개
31	66	155	스타벅스 역삼아레나빌딩점 내 메뉴를 찾아보세요
31	151	226	[와우멤버십 회원 전용] 와우 할인 메뉴
31	151	658	트렌타
31	151	784	에스프레소
31	155	36	자몽 망고 코코 프라푸치노
31	155	114	NEW
31	182	51	3 / 6
31	209	36	7,100원
31	248	279	스타벅스 역삼아레나빌딩점
31	267	36	자몽 망고 코코넛의 완벽한 조합! 여름철 휴양지가 떠오르는 시원 달콤한 프라푸치노 고객들에게 많은 사랑을 받았던 자망코가 다시 돌아왔습니다
31	298	412	4.9(675)
31	345	63	100% (1개)
31	419	36	파인애플 블루 코코 프라푸치노
31	473	36	7,100원
31	531	36	파인애플과 코코넛에 선명한 블루 스피룰리나를 더한 프라푸치노 음료.한 잔의 푸른 여름이 담긴 매력적인 트로피컬 프라푸치노를 만나보세요!
31	639	36	핑크 피치 리프레셔
31	693	36	4,900원
31	751	36	피치, 망고, 딸기 등의 다양한 과일 플레이버와 레모네이드가 조화롭게 어우러진 리프레셔 음료두 가지 핑크 톤의 레이어와 함께 가볍게 에너지 부스팅 할 수 있는 음료
31	829	63	리뷰 (1)
31	903	36	모짜렐라 포크 커틀릿 샌드위치
31	957	36	5,400원
31	1015	36	폭신한 식빵 안에 겹겹의 포크 커틀릿과 고소한 모짜렐라 치즈, 달콤한 카라멜 어니언 돈카츠 소스와 알싸한 블랙페퍼 아이올리 소스가 어우러진 샌드위치 입니다.
31	1093	72	품절임박
31	1093	166	잔여 2개
31	1173	36	모찌 쏙 바스크 치즈 케이크
31	1227	36	9,500원
31	1285	36	쫀득한 모찌를 품은 부드러운 바스크 치즈 케이크로, 플레인과 초코 두 가지 맛이 어우러져 다채로운 풍미를 느낄 수 있는 케이크입니다.
31	1363	72	품절임박
31	1363	166	잔여 1개
31	1441	121	지금 와우 가입하면 배달비 0원 + 25,000원 쿠폰
31	1443	36	비아 말차 5개입
31	1458	781	가입하기
31	1497	36	8,800원
31	1555	36	국산 말차의 풍부한 맛과 향을 담았습니다. 스타벅스에서 많은 사랑을 받고 있는 말차 라떼를 비아로 간편하게 즐겨보세요
31	1556	24	배달비 0원 적용 중
32	0	0	2가지 티(블랙티, 얼 그레이 티)가 조화롭고 얼 그레이 폼과 바닐라의 풍미가 은은하게 퍼져 깔끔하고 부드러운 티 라떼 음료
32	0	0	파인애플 블루 코코 프라푸치노
32	49	36	파인애플과 코코넛에 선명한 블루 스피룰리나를 더한 프라푸치노 음료.한 잔의 푸른 여름이 담긴 매력적인 트로피컬 프라푸치노를 만나보세요!
32	66	155	스타벅스 역삼아레나빌딩점 내 메뉴를 찾아보세요
32	151	226	[와우멤버십 회원 전용] 와우 할인 메뉴
32	151	658	트렌타
32	151	784	에스프레소
32	155	114	NEW
32	157	36	핑크 피치 리프레셔
32	182	51	4 / 6
32	211	36	4,900원
32	248	279	스타벅스 역삼아레나빌딩점
32	269	36	피치, 망고, 딸기 등의 다양한 과일 플레이버와 레모네이드가 조화롭게 어우러진 리프레셔 음료두 가지 핑크 톤의 레이어와 함께 가볍게 에너지 부스팅 할 수 있는 음료
32	298	412	4.9(675)
32	347	63	리뷰 (1)
32	421	36	모짜렐라 포크 커틀릿 샌드위치
32	475	36	5,400원
32	533	36	폭신한 식빵 안에 겹겹의 포크 커틀릿과 고소한 모짜렐라 치즈, 달콤한 카라멜 어니언 돈카츠 소스와 알싸한 블랙페퍼 아이올리 소스가 어우러진 샌드위치 입니다.
32	611	72	품절임박
32	611	166	잔여 2개
32	691	36	모찌 쏙 바스크 치즈 케이크
32	745	36	9,500원
32	803	36	쫀득한 모찌를 품은 부드러운 바스크 치즈 케이크로, 플레인과 초코 두 가지 맛이 어우러져 다채로운 풍미를 느낄 수 있는 케이크입니다.
32	881	72	품절임박
32	881	166	잔여 1개
32	961	36	비아 말차 5개입
32	1015	36	8,800원
32	1073	36	국산 말차의 풍부한 맛과 향을 담았습니다. 스타벅스에서 많은 사랑을 받고 있는 말차 라떼를 비아로 간편하게 즐겨보세요
32	1181	36	쫀득 버터 바이트
32	1235	36	7,900원
32	1293	36	(4개입 1세트)진한 버터 풍미에 구우면서 스며든 연유의 달콤함이 더해져 쫀득한 식감과 고소함을 즐길 수 있는 미니 디저트입니다.
32	1371	72	품절임박
32	1371	166	잔여 1개
32	1421	63	100% (14개)
32	1421	159	ㆍ
32	1421	203	리뷰 (2)
32	1441	121	지금 와우 가입하면 배달비 0원 + 25,000원 쿠폰
32	1458	781	가입하기
32	1495	36	얼 그레이 바닐라 티 라떼
32	1549	36	6,100원
32	1556	24	배달비 0원 적용 중
33	0	0	100% (2개)
33	0	0	모짜렐라 포크 커틀릿 샌드위치
33	40	36	폭신한 식빵 안에 겹겹의 포크 커틀릿과 고소한 모짜렐라 치즈, 달콤한 카라멜 어니언 돈카츠 소스와 알싸한 블랙페퍼 아이올리 소스가 어우러진 샌드위치 입니다.
33	66	155	스타벅스 역삼아레나빌딩점 내 메뉴를 찾아보세요
33	132	72	품절임박
33	132	166	잔여 2개
33	151	226	[와우멤버십 회원 전용] 와우 할인 메뉴
33	151	658	트렌타
33	151	784	에스프레소
33	155	114	NEW
33	182	51	5 / 6
33	198	36	모찌 쏙 바스크 치즈 케이크
33	248	279	스타벅스 역삼아레나빌딩점
33	252	36	9,500원
33	298	412	4.9(675)
33	310	36	쫀득한 모찌를 품은 부드러운 바스크 치즈 케이크로, 플레인과 초코 두 가지 맛이 어우러져 다채로운 풍미를 느낄 수 있는 케이크입니다.
33	388	72	품절임박
33	388	166	잔여 1개
33	468	36	비아 말차 5개입
33	522	36	8,800원
33	580	36	국산 말차의 풍부한 맛과 향을 담았습니다. 스타벅스에서 많은 사랑을 받고 있는 말차 라떼를 비아로 간편하게 즐겨보세요
33	688	36	쫀득 버터 바이트
33	742	36	7,900원
33	800	36	(4개입 1세트)진한 버터 풍미에 구우면서 스며든 연유의 달콤함이 더해져 쫀득한 식감과 고소함을 즐길 수 있는 미니 디저트입니다.
33	878	72	품절임박
33	878	166	잔여 1개
33	928	63	100% (14개)
33	928	159	ㆍ
33	928	203	리뷰 (2)
33	1002	36	얼 그레이 바닐라 티 라떼
33	1056	36	6,100원
33	1114	36	2가지 티(블랙티, 얼 그레이 티)가 조화롭고 얼 그레이 폼과 바닐라의 풍미가 은은하게 퍼져 깔끔하고 부드러운 티 라떼 음료
33	1222	36	아이스 얼 그레이 바닐라 티 라떼
33	1276	36	6,100원
33	1334	36	2가지 티(블랙티, 얼 그레이 티)가 조화롭고 얼 그레이 폼과 바닐라의 풍미가 은은하게 퍼져 깔끔하고 부드러운 티 라떼 음료
33	1441	121	지금 와우 가입하면 배달비 0원 + 25,000원 쿠폰
33	1442	36	저당 토마토 라구 파스타
33	1458	781	가입하기
33	1496	36	7,900원
33	1554	36	저당으로 부담없이 즐길 수 있는 한 끼로 오메가 3 지방산과 단백질까지 챙겨보세요! 듀럼밀 펜네 파스타에 국내산 돼지고기와 토마토를 듬뿍 넣은 소스, 그릴로 구운 야채, 치즈, 올리브, 호두를 올려 맛있게 설계한 토마토 라구 파스타입니다.
33	1556	24	배달비 0원 적용 중
34	0	0	100% (7개)
34	0	0	ㆍ
34	0	0	리뷰 (2)
34	0	36	비아 말차 5개입
34	66	155	스타벅스 역삼아레나빌딩점 내 메뉴를 찾아보세요
34	96	36	국산 말차의 풍부한 맛과 향을 담았습니다. 스타벅스에서 많은 사랑을 받고 있는 말차 라떼를 비아로 간편하게 즐겨보세요
34	151	226	[와우멤버십 회원 전용] 와우 할인 메뉴
34	151	658	트렌타
34	151	784	에스프레소
34	155	114	NEW
34	182	51	6 / 6
34	204	36	쫀득 버터 바이트
34	248	279	스타벅스 역삼아레나빌딩점
34	258	36	7,900원
34	298	412	4.9(675)
34	316	36	(4개입 1세트)진한 버터 풍미에 구우면서 스며든 연유의 달콤함이 더해져 쫀득한 식감과 고소함을 즐길 수 있는 미니 디저트입니다.
34	394	72	품절임박
34	394	166	잔여 1개
34	444	63	100% (14개)
34	444	159	ㆍ
34	444	203	리뷰 (2)
34	518	36	얼 그레이 바닐라 티 라떼
34	572	36	6,100원
34	630	36	2가지 티(블랙티, 얼 그레이 티)가 조화롭고 얼 그레이 폼과 바닐라의 풍미가 은은하게 퍼져 깔끔하고 부드러운 티 라떼 음료
34	738	36	아이스 얼 그레이 바닐라 티 라떼
34	792	36	6,100원
34	850	36	2가지 티(블랙티, 얼 그레이 티)가 조화롭고 얼 그레이 폼과 바닐라의 풍미가 은은하게 퍼져 깔끔하고 부드러운 티 라떼 음료
34	958	36	저당 토마토 라구 파스타
34	1012	36	7,900원
34	1070	36	저당으로 부담없이 즐길 수 있는 한 끼로 오메가 3 지방산과 단백질까지 챙겨보세요! 듀럼밀 펜네 파스타에 국내산 돼지고기와 토마토를 듬뿍 넣은 소스, 그릴로 구운 야채, 치즈, 올리브, 호두를 올려 맛있게 설계한 토마토 라구 파스타입니다.
34	1148	72	품절임박
34	1148	166	잔여 1개
34	1198	63	100% (2개)
34	1302	42	[와우멤버십 회원 전용] 와우 할인 메뉴
34	1348	36	주문 건 당 최대 20잔까지 추가할 수 있습니다. 더 많은 수량이 필요하신 경우, 주문을 나누어 이용해 주세요.
34	1441	121	지금 와우 가입하면 배달비 0원 + 25,000원 쿠폰
34	1450	36	수박 주스 블렌디드
34	1458	781	가입하기
34	1504	36	7,100원
34	1556	24	배달비 0원 적용 중
34	1562	36	Tall Only.  달콤 시원한 수박 과육을 갈아낸 블렌디드에 수박 주스를 부어주어 과일 본연의 풍부한 과즙이 살아있는 여름 음료입니다. 수박씨처럼 콕콕 박힌 오독오독한 초콜릿 땅콩 토핑도 함께 즐겨보세요!
35	0	0	100% (1개)
35	0	0	냉동 상태로 배송되는 제품입니다. 블랙 올리브를 넣은 담백한 치아바타에 바비큐 소스로 풍미를 더한 치킨과 치즈, 로스팅한 양파가 어우러진 샌드위치 입니다.  상품을 받고 바로 드시지 않는 경우, -18도 이하 냉동 보관해 주세요.  섭취하시기 전에 24시간 정도 냉장실에서 해동해주세요.(실온 해동 4시간, 전자레인지(700w) 사용하여 해동 시 1분)  이미 냉동된 제품이므로 해동 후 재냉동하지 마시고 해동 및 개봉 후에는 가급적 빠른 시간 내 취식 바랍니다.  전자레인지(700W 2분 30초, 1,OOOW 2분), 에어프라이어(180도, 8분~9분), 광파 오븐(200도, 7분~8분)  상품 사진은 연출된  이미지로 실제와 다를 수 있습니다.
35	24	36	얼 그레이 바닐라 티 라떼
35	66	155	스타벅스 역삼아레나빌딩점 내 메뉴를 찾아보세요
35	136	36	2가지 티(블랙티, 얼 그레이 티)가 조화롭고 얼 그레이 폼과 바닐라의 풍미가 은은하게 퍼져 깔끔하고 부드러운 티 라떼 음료
35	151	226	[와우멤버십 회원 전용] 와우 할인 메뉴
35	151	658	트렌타
35	151	784	에스프레소
35	155	114	NEW
35	182	51	1 / 6
35	244	36	아이스 얼 그레이 바닐라 티 라떼
35	248	279	스타벅스 역삼아레나빌딩점
35	298	36	6,100원
35	298	412	4.9(675)
35	356	36	2가지 티(블랙티, 얼 그레이 티)가 조화롭고 얼 그레이 폼과 바닐라의 풍미가 은은하게 퍼져 깔끔하고 부드러운 티 라떼 음료
35	464	36	저당 토마토 라구 파스타
35	518	36	7,900원
35	576	36	저당으로 부담없이 즐길 수 있는 한 끼로 오메가 3 지방산과 단백질까지 챙겨보세요! 듀럼밀 펜네 파스타에 국내산 돼지고기와 토마토를 듬뿍 넣은 소스, 그릴로 구운 야채, 치즈, 올리브, 호두를 올려 맛있게 설계한 토마토 라구 파스타입니다.
35	654	72	품절임박
35	654	166	잔여 1개
35	704	63	100% (2개)
35	808	42	[와우멤버십 회원 전용] 와우 할인 메뉴
35	854	36	주문 건 당 최대 20잔까지 추가할 수 있습니다. 더 많은 수량이 필요하신 경우, 주문을 나누어 이용해 주세요.
35	956	36	수박 주스 블렌디드
35	1010	36	7,100원
35	1068	36	Tall Only.  달콤 시원한 수박 과육을 갈아낸 블렌디드에 수박 주스를 부어주어 과일 본연의 풍부한 과즙이 살아있는 여름 음료입니다. 수박씨처럼 콕콕 박힌 오독오독한 초콜릿 땅콩 토핑도 함께 즐겨보세요!
35	1146	63	100% (7개)
35	1146	149	ㆍ
35	1146	193	리뷰 (2)
35	1220	36	초코생크림빵세트
35	1274	36	10,200원
35	1332	36	(냉동 상태로 배송되는 제품입니다)부드러운 빵 속에 달콤한 초콜릿 풍미가 풍부하게 느껴지는 생크림이 가득 들어있는 크림빵입니다. 하나씩 낱개 포장되어 있어서 취식 및 보관이 용이합니다. (105g x 3개입)
35	1410	72	품절임박
35	1410	166	잔여 5개
35	1441	121	지금 와우 가입하면 배달비 0원 + 25,000원 쿠폰
35	1458	781	가입하기
35	1490	36	바비큐 치킨 치즈 치아바타(4개입)
35	1544	36	19,600원
35	1556	24	배달비 0원 적용 중
36	0	36	저당 토마토 라구 파스타
36	66	155	스타벅스 역삼아레나빌딩점 내 메뉴를 찾아보세요
36	90	36	저당으로 부담없이 즐길 수 있는 한 끼로 오메가 3 지방산과 단백질까지 챙겨보세요! 듀럼밀 펜네 파스타에 국내산 돼지고기와 토마토를 듬뿍 넣은 소스, 그릴로 구운 야채, 치즈, 올리브, 호두를 올려 맛있게 설계한 토마토 라구 파스타입니다.
36	151	226	[와우멤버십 회원 전용] 와우 할인 메뉴
36	151	658	트렌타
36	151	784	에스프레소
36	155	114	NEW
36	168	72	품절임박
36	168	166	잔여 1개
36	182	51	2 / 6
36	218	63	100% (2개)
36	248	279	스타벅스 역삼아레나빌딩점
36	298	412	4.9(675)
36	322	42	[와우멤버십 회원 전용] 와우 할인 메뉴
36	368	36	주문 건 당 최대 20잔까지 추가할 수 있습니다. 더 많은 수량이 필요하신 경우, 주문을 나누어 이용해 주세요.
36	470	36	수박 주스 블렌디드
36	524	36	7,100원
36	582	36	Tall Only.  달콤 시원한 수박 과육을 갈아낸 블렌디드에 수박 주스를 부어주어 과일 본연의 풍부한 과즙이 살아있는 여름 음료입니다. 수박씨처럼 콕콕 박힌 오독오독한 초콜릿 땅콩 토핑도 함께 즐겨보세요!
36	660	63	100% (7개)
36	660	149	ㆍ
36	660	193	리뷰 (2)
36	734	36	초코생크림빵세트
36	788	36	10,200원
36	846	36	(냉동 상태로 배송되는 제품입니다)부드러운 빵 속에 달콤한 초콜릿 풍미가 풍부하게 느껴지는 생크림이 가득 들어있는 크림빵입니다. 하나씩 낱개 포장되어 있어서 취식 및 보관이 용이합니다. (105g x 3개입)
36	924	72	품절임박
36	924	166	잔여 5개
36	1004	36	바비큐 치킨 치즈 치아바타(4개입)
36	1058	36	19,600원
36	1116	36	냉동 상태로 배송되는 제품입니다. 블랙 올리브를 넣은 담백한 치아바타에 바비큐 소스로 풍미를 더한 치킨과 치즈, 로스팅한 양파가 어우러진 샌드위치 입니다.  상품을 받고 바로 드시지 않는 경우, -18도 이하 냉동 보관해 주세요.  섭취하시기 전에 24시간 정도 냉장실에서 해동해주세요.(실온 해동 4시간, 전자레인지(700w) 사용하여 해동 시 1분)  이미 냉동된 제품이므로 해동 후 재냉동하지 마시고 해동 및 개봉 후에는 가급적 빠른 시간 내 취식 바랍니다.  전자레인지(700W 2분 30초, 1,OOOW 2분), 에어프라이어(180도, 8분~9분), 광파 오븐(200도, 7분~8분)  상품 사진은 연출된  이미지로 실제와 다를 수 있습니다.
36	1194	72	품절임박
36	1194	166	잔여 7개
36	1244	63	100% (1개)
36	1348	42	트렌타
36	1394	36	기존 벤티 사이즈보다 50% 커진(887ml) 대용량 음료
36	1441	121	지금 와우 가입하면 배달비 0원 + 25,000원 쿠폰
36	1458	781	가입하기
36	1468	36	콜드 브루
36	1522	36	7,300원
36	1556	24	배달비 0원 적용 중
36	1580	36	스타벅스 바리스타의 정성으로 탄생한 콜드 브루!  콜드 브루 전용 원두를 차가운 물로 추출하여 한정된 양만 제공됩니다.  실크같이 부드럽고 그윽한 초콜릿 풍미의 콜드 브루를 만나보세요! 트렌타 사이즈는 Iced Only로 제공됩니다.
37	0	0	100% (2개)
37	0	0	ㆍ
37	0	0	리뷰 (1)
37	0	0	밀크 카라멜 라떼
37	0	0	부드럽고 달콤한 밀크카라멜의 은은한 풍미와 풍부한 질감을 느낄 수 있는 특별한 우유가 만나 언제나 편안하게 즐길 수 있는 라떼입니다.
37	0	36	수박 주스 블렌디드
37	66	155	스타벅스 역삼아레나빌딩점 내 메뉴를 찾아보세요
37	98	36	Tall Only.  달콤 시원한 수박 과육을 갈아낸 블렌디드에 수박 주스를 부어주어 과일 본연의 풍부한 과즙이 살아있는 여름 음료입니다. 수박씨처럼 콕콕 박힌 오독오독한 초콜릿 땅콩 토핑도 함께 즐겨보세요!
37	151	114	[와우멤버십 회원 전용] 와우 할인 메뉴
37	151	548	트렌타
37	151	674	에스프레소
37	151	844	콜드브루
37	176	63	100% (7개)
37	176	149	ㆍ
37	176	193	리뷰 (2)
37	182	51	3 / 6
37	248	279	스타벅스 역삼아레나빌딩점
37	250	36	초코생크림빵세트
37	298	412	4.9(675)
37	304	36	10,200원
37	362	36	(냉동 상태로 배송되는 제품입니다)부드러운 빵 속에 달콤한 초콜릿 풍미가 풍부하게 느껴지는 생크림이 가득 들어있는 크림빵입니다. 하나씩 낱개 포장되어 있어서 취식 및 보관이 용이합니다. (105g x 3개입)
37	440	72	품절임박
37	440	166	잔여 5개
37	520	36	바비큐 치킨 치즈 치아바타(4개입)
37	574	36	19,600원
37	632	36	냉동 상태로 배송되는 제품입니다. 블랙 올리브를 넣은 담백한 치아바타에 바비큐 소스로 풍미를 더한 치킨과 치즈, 로스팅한 양파가 어우러진 샌드위치 입니다.  상품을 받고 바로 드시지 않는 경우, -18도 이하 냉동 보관해 주세요.  섭취하시기 전에 24시간 정도 냉장실에서 해동해주세요.(실온 해동 4시간, 전자레인지(700w) 사용하여 해동 시 1분)  이미 냉동된 제품이므로 해동 후 재냉동하지 마시고 해동 및 개봉 후에는 가급적 빠른 시간 내 취식 바랍니다.  전자레인지(700W 2분 30초, 1,OOOW 2분), 에어프라이어(180도, 8분~9분), 광파 오븐(200도, 7분~8분)  상품 사진은 연출된  이미지로 실제와 다를 수 있습니다.
37	710	72	품절임박
37	710	166	잔여 7개
37	760	63	100% (1개)
37	864	42	트렌타
37	910	36	기존 벤티 사이즈보다 50% 커진(887ml) 대용량 음료
37	984	36	콜드 브루
37	1038	36	7,300원
37	1096	36	스타벅스 바리스타의 정성으로 탄생한 콜드 브루!  콜드 브루 전용 원두를 차가운 물로 추출하여 한정된 양만 제공됩니다.  실크같이 부드럽고 그윽한 초콜릿 풍미의 콜드 브루를 만나보세요! 트렌타 사이즈는 Iced Only로 제공됩니다.
37	1204	36	아이스 자몽 허니 블랙 티
37	1258	36	8,100원
37	1316	36	새콤한 자몽과 달콤한 꿀이 깊고 그윽한 풍미의 스타벅스 티바나 블랙 티의 조화. 트렌타 사이즈는 Iced Only로 제공됩니다.
37	1394	63	100% (4개)
37	1441	121	지금 와우 가입하면 배달비 0원 + 25,000원 쿠폰
37	1458	781	가입하기
37	1498	42	에스프레소
37	1544	36	스타벅스 모든 커피 음료의 기본으로 깊고 강렬한 커피
37	1556	24	배달비 0원 적용 중
38	34	36	바비큐 치킨 치즈 치아바타(4개입)
38	66	155	스타벅스 역삼아레나빌딩점 내 메뉴를 찾아보세요
38	146	36	냉동 상태로 배송되는 제품입니다. 블랙 올리브를 넣은 담백한 치아바타에 바비큐 소스로 풍미를 더한 치킨과 치즈, 로스팅한 양파가 어우러진 샌드위치 입니다.  상품을 받고 바로 드시지 않는 경우, -18도 이하 냉동 보관해 주세요.  섭취하시기 전에 24시간 정도 냉장실에서 해동해주세요.(실온 해동 4시간, 전자레인지(700w) 사용하여 해동 시 1분)  이미 냉동된 제품이므로 해동 후 재냉동하지 마시고 해동 및 개봉 후에는 가급적 빠른 시간 내 취식 바랍니다.  전자레인지(700W 2분 30초, 1,OOOW 2분), 에어프라이어(180도, 8분~9분), 광파 오븐(200도, 7분~8분)  상품 사진은 연출된  이미지로 실제와 다를 수 있습니다.
38	151	114	[와우멤버십 회원 전용] 와우 할인 메뉴
38	151	548	트렌타
38	151	674	에스프레소
38	151	844	콜드브루
38	182	51	4 / 6
38	224	72	품절임박
38	224	166	잔여 7개
38	248	279	스타벅스 역삼아레나빌딩점
38	274	63	100% (1개)
38	298	412	4.9(675)
38	378	42	트렌타
38	424	36	기존 벤티 사이즈보다 50% 커진(887ml) 대용량 음료
38	498	36	콜드 브루
38	552	36	7,300원
38	610	36	스타벅스 바리스타의 정성으로 탄생한 콜드 브루!  콜드 브루 전용 원두를 차가운 물로 추출하여 한정된 양만 제공됩니다.  실크같이 부드럽고 그윽한 초콜릿 풍미의 콜드 브루를 만나보세요! 트렌타 사이즈는 Iced Only로 제공됩니다.
38	718	36	아이스 자몽 허니 블랙 티
38	772	36	8,100원
38	830	36	새콤한 자몽과 달콤한 꿀이 깊고 그윽한 풍미의 스타벅스 티바나 블랙 티의 조화. 트렌타 사이즈는 Iced Only로 제공됩니다.
38	908	63	100% (4개)
38	1012	42	에스프레소
38	1058	36	스타벅스 모든 커피 음료의 기본으로 깊고 강렬한 커피
38	1132	36	밀크 카라멜 라떼
38	1186	36	5,800원
38	1244	36	부드럽고 달콤한 밀크카라멜의 은은한 풍미와 풍부한 질감을 느낄 수 있는 특별한 우유가 만나 언제나 편안하게 즐길 수 있는 라떼입니다.
38	1322	63	100% (2개)
38	1322	149	ㆍ
38	1322	193	리뷰 (1)
38	1396	36	아이스 밀크 카라멜 라떼
38	1441	121	지금 와우 가입하면 배달비 0원 + 25,000원 쿠폰
38	1450	36	5,800원
38	1458	781	가입하기
38	1508	36	부드럽고 달콤한 밀크카라멜의 은은한 풍미와 풍부한 질감을 느낄 수 있는 특별한 우유가 만나 언제나 편안하게 즐길 수 있는 라떼입니다.
38	1556	24	배달비 0원 적용 중
38	1586	63	100% (1개)
39	0	0	100% (1개)
39	11	36	콜드 브루
39	66	155	스타벅스 역삼아레나빌딩점 내 메뉴를 찾아보세요
39	123	36	스타벅스 바리스타의 정성으로 탄생한 콜드 브루!  콜드 브루 전용 원두를 차가운 물로 추출하여 한정된 양만 제공됩니다.  실크같이 부드럽고 그윽한 초콜릿 풍미의 콜드 브루를 만나보세요! 트렌타 사이즈는 Iced Only로 제공됩니다.
39	151	114	트렌타
39	151	240	에스프레소
39	151	410	콜드브루
39	151	558	블론드
39	151	684	디카페인 커피
39	151	882	티바나
39	182	51	5 / 6
39	231	36	아이스 자몽 허니 블랙 티
39	248	279	스타벅스 역삼아레나빌딩점
39	285	36	8,100원
39	298	412	4.9(675)
39	343	36	새콤한 자몽과 달콤한 꿀이 깊고 그윽한 풍미의 스타벅스 티바나 블랙 티의 조화. 트렌타 사이즈는 Iced Only로 제공됩니다.
39	421	63	100% (4개)
39	525	42	에스프레소
39	571	36	스타벅스 모든 커피 음료의 기본으로 깊고 강렬한 커피
39	645	36	밀크 카라멜 라떼
39	699	36	5,800원
39	757	36	부드럽고 달콤한 밀크카라멜의 은은한 풍미와 풍부한 질감을 느낄 수 있는 특별한 우유가 만나 언제나 편안하게 즐길 수 있는 라떼입니다.
39	835	63	100% (2개)
39	835	149	ㆍ
39	835	193	리뷰 (1)
39	909	36	아이스 밀크 카라멜 라떼
39	963	36	5,800원
39	1021	36	부드럽고 달콤한 밀크카라멜의 은은한 풍미와 풍부한 질감을 느낄 수 있는 특별한 우유가 만나 언제나 편안하게 즐길 수 있는 라떼입니다.
39	1099	63	100% (1개)
39	1173	36	플랫 화이트
39	1227	36	5,800원
39	1285	36	부드러운 리스트레토 샷과 완벽한 양의 스팀밀크를 더해, 카페 라떼보다 커피의 맛을 진하게 즐길 수 있는 에스프레소 음료
39	1363	63	83% (6개)
39	1363	139	ㆍ
39	1363	183	리뷰 (1)
39	1437	36	아이스 플랫 화이트
39	1441	121	지금 와우 가입하면 배달비 0원 + 25,000원 쿠폰
39	1458	781	가입하기
39	1491	36	5,800원
39	1549	36	부드러운 리스트레토 샷과 완벽한 양의 스팀밀크를 더해, 카페 라떼보다 커피의 맛을 진하게 즐길 수 있는 에스프레소 음료
39	1556	24	배달비 0원 적용 중
40	0	0	80% (5개)
40	0	0	ㆍ
40	0	0	리뷰 (2)
40	66	155	스타벅스 역삼아레나빌딩점 내 메뉴를 찾아보세요
40	151	114	에스프레소
40	151	284	콜드브루
40	151	432	블론드
40	151	558	디카페인 커피
40	151	756	티바나
40	151	882	피지오
40	160	36	밀크 카라멜 라떼
40	182	51	6 / 6
40	214	36	5,800원
40	248	279	스타벅스 역삼아레나빌딩점
40	272	36	부드럽고 달콤한 밀크카라멜의 은은한 풍미와 풍부한 질감을 느낄 수 있는 특별한 우유가 만나 언제나 편안하게 즐길 수 있는 라떼입니다.
40	298	412	4.9(675)
40	350	63	100% (2개)
40	350	149	ㆍ
40	350	193	리뷰 (1)
40	424	36	아이스 밀크 카라멜 라떼
40	478	36	5,800원
40	536	36	부드럽고 달콤한 밀크카라멜의 은은한 풍미와 풍부한 질감을 느낄 수 있는 특별한 우유가 만나 언제나 편안하게 즐길 수 있는 라떼입니다.
40	614	63	100% (1개)
40	688	36	플랫 화이트
40	742	36	5,800원
40	800	36	부드러운 리스트레토 샷과 완벽한 양의 스팀밀크를 더해, 카페 라떼보다 커피의 맛을 진하게 즐길 수 있는 에스프레소 음료
40	878	63	83% (6개)
40	878	139	ㆍ
40	878	183	리뷰 (1)
40	952	36	아이스 플랫 화이트
40	1006	36	5,800원
40	1064	36	부드러운 리스트레토 샷과 완벽한 양의 스팀밀크를 더해, 카페 라떼보다 커피의 맛을 진하게 즐길 수 있는 에스프레소 음료
40	1142	63	100% (1개)
40	1216	36	스타벅스 돌체 라떼
40	1270	36	6,100원
40	1328	36	스타벅스의 다른 커피 음료보다 더욱 깊은 커피의 맛과 향에 깔끔한 무지방 우유와 부드러운 돌체 시럽이 들어간 음료로 달콤하고 진한 커피 라떼
40	1406	63	100% (3개)
40	1441	121	지금 와우 가입하면 배달비 0원 + 25,000원 쿠폰
40	1458	781	가입하기
40	1480	36	아이스 스타벅스 돌체 라떼
40	1534	36	6,100원
40	1556	24	배달비 0원 적용 중
40	1592	36	스타벅스의 다른 커피 음료보다 더욱 깊은 커피의 맛과 향에 깔끔한 무지방 우유와 부드러운 돌체 시럽이 들어간 음료로 달콤하고 진한 커피 라떼
41	0	0	100% (1개)
41	0	0	ㆍ
41	0	0	리뷰 (2)
41	0	0	아이스 밀크 카라멜 라떼
41	50	36	부드럽고 달콤한 밀크카라멜의 은은한 풍미와 풍부한 질감을 느낄 수 있는 특별한 우유가 만나 언제나 편안하게 즐길 수 있는 라떼입니다.
41	66	155	스타벅스 역삼아레나빌딩점 내 메뉴를 찾아보세요
41	128	63	100% (1개)
41	151	114	에스프레소
41	151	284	콜드브루
41	151	432	블론드
41	151	558	디카페인 커피
41	151	756	티바나
41	151	882	피지오
41	182	51	1 / 6
41	202	36	플랫 화이트
41	248	279	스타벅스 역삼아레나빌딩점
41	256	36	5,800원
41	298	412	4.9(675)
41	314	36	부드러운 리스트레토 샷과 완벽한 양의 스팀밀크를 더해, 카페 라떼보다 커피의 맛을 진하게 즐길 수 있는 에스프레소 음료
41	392	63	83% (6개)
41	392	139	ㆍ
41	392	183	리뷰 (1)
41	466	36	아이스 플랫 화이트
41	520	36	5,800원
41	578	36	부드러운 리스트레토 샷과 완벽한 양의 스팀밀크를 더해, 카페 라떼보다 커피의 맛을 진하게 즐길 수 있는 에스프레소 음료
41	656	63	100% (1개)
41	730	36	스타벅스 돌체 라떼
41	784	36	6,100원
41	842	36	스타벅스의 다른 커피 음료보다 더욱 깊은 커피의 맛과 향에 깔끔한 무지방 우유와 부드러운 돌체 시럽이 들어간 음료로 달콤하고 진한 커피 라떼
41	920	63	100% (3개)
41	994	36	아이스 스타벅스 돌체 라떼
41	1048	36	6,100원
41	1106	36	스타벅스의 다른 커피 음료보다 더욱 깊은 커피의 맛과 향에 깔끔한 무지방 우유와 부드러운 돌체 시럽이 들어간 음료로 달콤하고 진한 커피 라떼
41	1184	63	80% (5개)
41	1184	139	ㆍ
41	1184	183	리뷰 (2)
41	1258	36	카페 모카
41	1312	36	5,700원
41	1370	36	배달 주문 시에는 휘핑크림 없이 제공됩니다. 진한 초콜릿 모카 시럽과 풍부한 에스프레소를 스팀 밀크와 섞은 음료로 진한 에스프레소와 초콜릿 맛이 어우러진 커피
41	1441	121	지금 와우 가입하면 배달비 0원 + 25,000원 쿠폰
41	1458	781	가입하기
41	1478	36	아이스 카페 모카
41	1532	36	5,700원
41	1556	24	배달비 0원 적용 중
41	1590	36	진한 초콜릿 모카 시럽과 풍부한 에스프레소를 신선한 우유 그리고 얼음과 섞은 음료로 진한 에스프레소와 초콜릿 맛이 어우러진 커피
42	0	0	100% (2개)
42	0	0	ㆍ
42	0	0	리뷰 (1)
42	0	0	향긋한 바닐라 시럽과 시원한 우유와 얼음을 넣고 점을 찍듯이 에스프레소를 부은 후 벌집 모양으로 카라멜 드리즐을 올린 달콤한 커피 음료
42	0	36	아이스 플랫 화이트
42	66	155	스타벅스 역삼아레나빌딩점 내 메뉴를 찾아보세요
42	84	36	부드러운 리스트레토 샷과 완벽한 양의 스팀밀크를 더해, 카페 라떼보다 커피의 맛을 진하게 즐길 수 있는 에스프레소 음료
42	151	114	에스프레소
42	151	284	콜드브루
42	151	432	블론드
42	151	558	디카페인 커피
42	151	756	티바나
42	151	882	피지오
42	162	63	100% (1개)
42	182	51	2 / 6
42	236	36	스타벅스 돌체 라떼
42	248	279	스타벅스 역삼아레나빌딩점
42	290	36	6,100원
42	298	412	4.9(675)
42	348	36	스타벅스의 다른 커피 음료보다 더욱 깊은 커피의 맛과 향에 깔끔한 무지방 우유와 부드러운 돌체 시럽이 들어간 음료로 달콤하고 진한 커피 라떼
42	426	63	100% (3개)
42	500	36	아이스 스타벅스 돌체 라떼
42	554	36	6,100원
42	612	36	스타벅스의 다른 커피 음료보다 더욱 깊은 커피의 맛과 향에 깔끔한 무지방 우유와 부드러운 돌체 시럽이 들어간 음료로 달콤하고 진한 커피 라떼
42	690	63	80% (5개)
42	690	139	ㆍ
42	690	183	리뷰 (2)
42	764	36	카페 모카
42	818	36	5,700원
42	876	36	배달 주문 시에는 휘핑크림 없이 제공됩니다. 진한 초콜릿 모카 시럽과 풍부한 에스프레소를 스팀 밀크와 섞은 음료로 진한 에스프레소와 초콜릿 맛이 어우러진 커피
42	984	36	아이스 카페 모카
42	1038	36	5,700원
42	1096	36	진한 초콜릿 모카 시럽과 풍부한 에스프레소를 신선한 우유 그리고 얼음과 섞은 음료로 진한 에스프레소와 초콜릿 맛이 어우러진 커피
42	1174	63	100% (1개)
42	1174	149	ㆍ
42	1174	193	리뷰 (2)
42	1248	36	카라멜 마키아또
42	1302	36	6,100원
42	1360	36	향긋한 바닐라 시럽과 따뜻한 스팀 밀크 위에 풍성한 우유 거품을 얹고 점을 찍듯이 에스프레소를 부은 후 벌집 모양으로 카라멜 드리즐을 올린 달콤한 커피 음료
42	1438	63	100% (2개)
42	1438	149	ㆍ
42	1438	193	리뷰 (1)
42	1441	121	지금 와우 가입하면 배달비 0원 + 25,000원 쿠폰
42	1458	781	가입하기
42	1512	36	아이스 카라멜 마키아또
42	1556	24	배달비 0원 적용 중
42	1566	36	6,100원
43	0	0	100% (1개)
43	0	0	달콤하고 부드러운 화이트 초콜릿 시럽과 에스프레소를 스팀 밀크와 섞은 음료로 달콤함과 강렬한 에스프레소가 부드럽게 어우러진 커피
43	8	36	아이스 스타벅스 돌체 라떼
43	66	155	스타벅스 역삼아레나빌딩점 내 메뉴를 찾아보세요
43	120	36	스타벅스의 다른 커피 음료보다 더욱 깊은 커피의 맛과 향에 깔끔한 무지방 우유와 부드러운 돌체 시럽이 들어간 음료로 달콤하고 진한 커피 라떼
43	151	114	에스프레소
43	151	284	콜드브루
43	151	432	블론드
43	151	558	디카페인 커피
43	151	756	티바나
43	151	882	피지오
43	182	51	3 / 6
43	198	63	80% (5개)
43	198	139	ㆍ
43	198	183	리뷰 (2)
43	248	279	스타벅스 역삼아레나빌딩점
43	272	36	카페 모카
43	298	412	4.9(675)
43	326	36	5,700원
43	384	36	배달 주문 시에는 휘핑크림 없이 제공됩니다. 진한 초콜릿 모카 시럽과 풍부한 에스프레소를 스팀 밀크와 섞은 음료로 진한 에스프레소와 초콜릿 맛이 어우러진 커피
43	492	36	아이스 카페 모카
43	546	36	5,700원
43	604	36	진한 초콜릿 모카 시럽과 풍부한 에스프레소를 신선한 우유 그리고 얼음과 섞은 음료로 진한 에스프레소와 초콜릿 맛이 어우러진 커피
43	682	63	100% (1개)
43	682	149	ㆍ
43	682	193	리뷰 (2)
43	756	36	카라멜 마키아또
43	810	36	6,100원
43	868	36	향긋한 바닐라 시럽과 따뜻한 스팀 밀크 위에 풍성한 우유 거품을 얹고 점을 찍듯이 에스프레소를 부은 후 벌집 모양으로 카라멜 드리즐을 올린 달콤한 커피 음료
43	946	63	100% (2개)
43	946	149	ㆍ
43	946	193	리뷰 (1)
43	1020	36	아이스 카라멜 마키아또
43	1074	36	6,100원
43	1132	36	향긋한 바닐라 시럽과 시원한 우유와 얼음을 넣고 점을 찍듯이 에스프레소를 부은 후 벌집 모양으로 카라멜 드리즐을 올린 달콤한 커피 음료
43	1210	63	100% (2개)
43	1210	149	ㆍ
43	1210	193	리뷰 (1)
43	1284	36	화이트 초콜릿 모카
43	1338	36	6,100원
43	1396	36	배달 주문 시에는 휘핑크림 없이 제공됩니다. 달콤하고 부드러운 화이트 초콜릿 시럽과 에스프레소를 스팀 밀크와 섞은 음료로 달콤함과 강렬한 에스프레소가 부드럽게 어우러진 커피
43	1441	121	지금 와우 가입하면 배달비 0원 + 25,000원 쿠폰
43	1458	781	가입하기
43	1504	36	아이스 화이트 초콜릿 모카
43	1556	24	배달비 0원 적용 중
43	1558	36	6,100원
44	0	0	100% (1개)
44	0	0	배달 특성상 12oz 톨 사이즈 컵에 7oz 음료가 얼음 없이 절반 정도 담겨서 제공됩니다.신선하게 제조된 더블 샷 믹스에 바닐라 시럽을 넣고 에스프레소 샷, 얼음이 어우러져 핸드 쉐이킹한 음료
44	0	36	아이스 카페 모카
44	66	155	스타벅스 역삼아레나빌딩점 내 메뉴를 찾아보세요
44	110	36	진한 초콜릿 모카 시럽과 풍부한 에스프레소를 신선한 우유 그리고 얼음과 섞은 음료로 진한 에스프레소와 초콜릿 맛이 어우러진 커피
44	151	114	에스프레소
44	151	284	콜드브루
44	151	432	블론드
44	151	558	디카페인 커피
44	151	756	티바나
44	151	882	피지오
44	182	51	4 / 6
44	188	63	100% (1개)
44	188	149	ㆍ
44	188	193	리뷰 (2)
44	248	279	스타벅스 역삼아레나빌딩점
44	262	36	카라멜 마키아또
44	298	412	4.9(675)
44	316	36	6,100원
44	374	36	향긋한 바닐라 시럽과 따뜻한 스팀 밀크 위에 풍성한 우유 거품을 얹고 점을 찍듯이 에스프레소를 부은 후 벌집 모양으로 카라멜 드리즐을 올린 달콤한 커피 음료
44	452	63	100% (2개)
44	452	149	ㆍ
44	452	193	리뷰 (1)
44	526	36	아이스 카라멜 마키아또
44	580	36	6,100원
44	638	36	향긋한 바닐라 시럽과 시원한 우유와 얼음을 넣고 점을 찍듯이 에스프레소를 부은 후 벌집 모양으로 카라멜 드리즐을 올린 달콤한 커피 음료
44	716	63	100% (2개)
44	716	149	ㆍ
44	716	193	리뷰 (1)
44	790	36	화이트 초콜릿 모카
44	844	36	6,100원
44	902	36	배달 주문 시에는 휘핑크림 없이 제공됩니다. 달콤하고 부드러운 화이트 초콜릿 시럽과 에스프레소를 스팀 밀크와 섞은 음료로 달콤함과 강렬한 에스프레소가 부드럽게 어우러진 커피
44	1010	36	아이스 화이트 초콜릿 모카
44	1064	36	6,100원
44	1122	36	달콤하고 부드러운 화이트 초콜릿 시럽과 에스프레소를 스팀 밀크와 섞은 음료로 달콤함과 강렬한 에스프레소가 부드럽게 어우러진 커피
44	1200	63	100% (1개)
44	1274	36	커피 스타벅스 더블 샷
44	1328	36	5,300원
44	1386	36	배달 특성상 12oz 톨 사이즈 컵에 7oz 음료가 얼음 없이 절반 정도 담겨서 제공됩니다.신선하게 제조된 더블 샷 믹스에 클래식 시럽을 넣고 에스프레소 샷, 얼음이 어우러져 핸드 쉐이킹한 음료
44	1441	121	지금 와우 가입하면 배달비 0원 + 25,000원 쿠폰
44	1458	781	가입하기
44	1464	63	100% (20개)
44	1464	159	ㆍ
44	1464	203	리뷰 (1)
44	1538	36	바닐라 스타벅스 더블 샷
44	1556	24	배달비 0원 적용 중
44	1592	36	5,300원
45	0	0	고소하고 담백한 호지티 라떼를 간편하게 비아로 즐겨보세요
45	40	36	아이스 카라멜 마키아또
45	66	155	스타벅스 역삼아레나빌딩점 내 메뉴를 찾아보세요
45	132	36	6,100원
45	151	114	에스프레소
45	151	284	콜드브루
45	151	432	블론드
45	151	558	디카페인 커피
45	151	756	티바나
45	151	882	피지오
45	152	36	향긋한 바닐라 시럽과 시원한 우유와 얼음을 넣고 점을 찍듯이 에스프레소를 부은 후 벌집 모양으로 카라멜 드리즐을 올린 달콤한 커피 음료
45	182	51	5 / 6
45	230	63	100% (2개)
45	230	149	ㆍ
45	230	193	리뷰 (1)
45	248	279	스타벅스 역삼아레나빌딩점
45	298	412	4.9(675)
45	304	36	화이트 초콜릿 모카
45	358	36	6,100원
45	416	36	배달 주문 시에는 휘핑크림 없이 제공됩니다. 달콤하고 부드러운 화이트 초콜릿 시럽과 에스프레소를 스팀 밀크와 섞은 음료로 달콤함과 강렬한 에스프레소가 부드럽게 어우러진 커피
45	524	36	아이스 화이트 초콜릿 모카
45	578	36	6,100원
45	636	36	달콤하고 부드러운 화이트 초콜릿 시럽과 에스프레소를 스팀 밀크와 섞은 음료로 달콤함과 강렬한 에스프레소가 부드럽게 어우러진 커피
45	714	63	100% (1개)
45	788	36	커피 스타벅스 더블 샷
45	842	36	5,300원
45	900	36	배달 특성상 12oz 톨 사이즈 컵에 7oz 음료가 얼음 없이 절반 정도 담겨서 제공됩니다.신선하게 제조된 더블 샷 믹스에 클래식 시럽을 넣고 에스프레소 샷, 얼음이 어우러져 핸드 쉐이킹한 음료
45	978	63	100% (20개)
45	978	159	ㆍ
45	978	203	리뷰 (1)
45	1052	36	바닐라 스타벅스 더블 샷
45	1106	36	5,300원
45	1164	36	배달 특성상 12oz 톨 사이즈 컵에 7oz 음료가 얼음 없이 절반 정도 담겨서 제공됩니다.신선하게 제조된 더블 샷 믹스에 바닐라 시럽을 넣고 에스프레소 샷, 얼음이 어우러져 핸드 쉐이킹한 음료
45	1242	63	100% (1개)
45	1316	36	헤이즐넛 스타벅스 더블 샷
45	1370	36	5,300원
45	1428	36	배달 특성상 12oz 톨 사이즈 컵에 7oz 음료가 얼음 없이 절반 정도 담겨서 제공됩니다.신선하게 제조된 더블 샷 믹스에 헤이즐넛 시럽을 넣고 에스프레소 샷, 얼음이 어우러져 핸드 쉐이킹한 음료
45	1441	121	지금 와우 가입하면 배달비 0원 + 25,000원 쿠폰
45	1458	781	가입하기
45	1536	36	비아 호지차
45	1556	24	배달비 0원 적용 중
45	1590	36	8,800원
46	38	36	아이스 화이트 초콜릿 모카
46	66	155	스타벅스 역삼아레나빌딩점 내 메뉴를 찾아보세요
46	150	36	달콤하고 부드러운 화이트 초콜릿 시럽과 에스프레소를 스팀 밀크와 섞은 음료로 달콤함과 강렬한 에스프레소가 부드럽게 어우러진 커피
46	151	114	에스프레소
46	151	284	콜드브루
46	151	432	블론드
46	151	558	디카페인 커피
46	151	756	티바나
46	151	882	피지오
46	182	51	6 / 6
46	228	63	100% (1개)
46	248	279	스타벅스 역삼아레나빌딩점
46	298	412	4.9(675)
46	302	36	커피 스타벅스 더블 샷
46	356	36	5,300원
46	414	36	배달 특성상 12oz 톨 사이즈 컵에 7oz 음료가 얼음 없이 절반 정도 담겨서 제공됩니다.신선하게 제조된 더블 샷 믹스에 클래식 시럽을 넣고 에스프레소 샷, 얼음이 어우러져 핸드 쉐이킹한 음료
46	492	63	100% (20개)
46	492	159	ㆍ
46	492	203	리뷰 (1)
46	566	36	바닐라 스타벅스 더블 샷
46	620	36	5,300원
46	678	36	배달 특성상 12oz 톨 사이즈 컵에 7oz 음료가 얼음 없이 절반 정도 담겨서 제공됩니다.신선하게 제조된 더블 샷 믹스에 바닐라 시럽을 넣고 에스프레소 샷, 얼음이 어우러져 핸드 쉐이킹한 음료
46	756	63	100% (1개)
46	830	36	헤이즐넛 스타벅스 더블 샷
46	884	36	5,300원
46	942	36	배달 특성상 12oz 톨 사이즈 컵에 7oz 음료가 얼음 없이 절반 정도 담겨서 제공됩니다.신선하게 제조된 더블 샷 믹스에 헤이즐넛 시럽을 넣고 에스프레소 샷, 얼음이 어우러져 핸드 쉐이킹한 음료
46	1050	36	비아 호지차
46	1104	36	8,800원
46	1162	36	고소하고 담백한 호지티 라떼를 간편하게 비아로 즐겨보세요
46	1293	42	콜드브루
46	1339	36	차가운 물로 오랜시간 원두를 추출하여 제조하는 깊고 진한 풍미의 커피
46	1413	36	바닐라 아인슈페너 콜드 브루
46	1441	121	지금 와우 가입하면 배달비 0원 + 25,000원 쿠폰
46	1458	781	가입하기
46	1467	36	6,100원
46	1525	36	바닐라 풍미의'콜드 폼'과 초콜릿 풍미의 콜드 브루가 조화롭게 어우러진 아인슈페너. 폭신한 콜드 폼과 깊은 콜드 브루의 풍미를 함께 즐겨보세요.
46	1556	24	배달비 0원 적용 중
47	0	0	콜드 브루 전용 원두를 차가운 물로 매장에서 직접 추출하여 부드럽고 진한 풍미의 콜드브루를 언제 어디서나 편하게 즐겨보세요 (전용 보틀 /500ml)*주문 즉시 메뉴 제조를 시작하므로 주문 완료 후에는 변경 또는 취소할 수 없습니다.*해당 제품은 콜드 브루 원액으로 물 또는 우유와 함께 즐겨주세요*변심 또는 제조 공정상 발생 가능한 잔기스 등은 반품/교환 대상에 해당되지 않습니다.*보틀 불량의 경우, 구매일로 부터 3일 이내에 매장 파트너 확인 후 교환 처리 가능합니다.*보틀 용기는 차가운 음료 전용(뜨거운 음료를 담을 경우 변형, 화상위험이 있습니다)*고카페인 함유 : 해당 제품은 고카페인 음료입니다. 어린이, 임산부, 카페인 민감자는 섭취에 주의해주시기 바랍니다.
47	66	155	스타벅스 역삼아레나빌딩점 내 메뉴를 찾아보세요
47	75	36	바닐라 스타벅스 더블 샷
47	132	36	5,300원
47	151	114	에스프레소
47	151	284	콜드브루
47	151	432	블론드
47	151	558	디카페인 커피
47	151	756	티바나
47	151	882	피지오
47	182	51	1 / 6
47	187	36	배달 특성상 12oz 톨 사이즈 컵에 7oz 음료가 얼음 없이 절반 정도 담겨서 제공됩니다.신선하게 제조된 더블 샷 믹스에 바닐라 시럽을 넣고 에스프레소 샷, 얼음이 어우러져 핸드 쉐이킹한 음료
47	248	279	스타벅스 역삼아레나빌딩점
47	265	63	100% (1개)
47	298	412	4.9(675)
47	339	36	헤이즐넛 스타벅스 더블 샷
47	393	36	5,300원
47	451	36	배달 특성상 12oz 톨 사이즈 컵에 7oz 음료가 얼음 없이 절반 정도 담겨서 제공됩니다.신선하게 제조된 더블 샷 믹스에 헤이즐넛 시럽을 넣고 에스프레소 샷, 얼음이 어우러져 핸드 쉐이킹한 음료
47	559	36	비아 호지차
47	613	36	8,800원
47	671	36	고소하고 담백한 호지티 라떼를 간편하게 비아로 즐겨보세요
47	802	42	콜드브루
47	848	36	차가운 물로 오랜시간 원두를 추출하여 제조하는 깊고 진한 풍미의 커피
47	922	36	바닐라 아인슈페너 콜드 브루
47	976	36	6,100원
47	1034	36	바닐라 풍미의'콜드 폼'과 초콜릿 풍미의 콜드 브루가 조화롭게 어우러진 아인슈페너. 폭신한 콜드 폼과 깊은 콜드 브루의 풍미를 함께 즐겨보세요.
47	1142	36	프렌치 바닐라 콜드 브루
47	1196	36	6,300원
47	1254	36	깊고 부드러운 프렌치 바닐라 풍미와 깔끔한 콜드 브루가 어우러진 음료
47	1355	36	베르가못 콜드브루
47	1409	36	6,000원
47	1441	121	지금 와우 가입하면 배달비 0원 + 25,000원 쿠폰
47	1458	781	가입하기
47	1467	36	은은하게 퍼지는 플로럴 향과 베르가못의 화사하고 우아한 시트러스 맛이 느껴지는 부드러운 콜드 브루
47	1556	24	배달비 0원 적용 중
47	1575	36	시그니처 더 블랙 콜드 브루 500ml
48	0	0	무더운 여름철, 동남아 휴가지에서 즐기는 커피를 떠오르게 하는 스타벅스 음료의 베스트 x 베스트 조합인돌체 콜드 브루를 만나보세요!
48	64	36	비아 호지차
48	66	155	스타벅스 역삼아레나빌딩점 내 메뉴를 찾아보세요
48	132	36	8,800원
48	151	114	에스프레소
48	151	284	콜드브루
48	151	432	블론드
48	151	558	디카페인 커피
48	151	756	티바나
48	151	882	피지오
48	176	36	고소하고 담백한 호지티 라떼를 간편하게 비아로 즐겨보세요
48	182	51	2 / 6
48	248	279	스타벅스 역삼아레나빌딩점
48	298	412	4.9(675)
48	307	42	콜드브루
48	353	36	차가운 물로 오랜시간 원두를 추출하여 제조하는 깊고 진한 풍미의 커피
48	427	36	바닐라 아인슈페너 콜드 브루
48	481	36	6,100원
48	539	36	바닐라 풍미의'콜드 폼'과 초콜릿 풍미의 콜드 브루가 조화롭게 어우러진 아인슈페너. 폭신한 콜드 폼과 깊은 콜드 브루의 풍미를 함께 즐겨보세요.
48	647	36	프렌치 바닐라 콜드 브루
48	701	36	6,300원
48	759	36	깊고 부드러운 프렌치 바닐라 풍미와 깔끔한 콜드 브루가 어우러진 음료
48	860	36	베르가못 콜드브루
48	914	36	6,000원
48	972	36	은은하게 퍼지는 플로럴 향과 베르가못의 화사하고 우아한 시트러스 맛이 느껴지는 부드러운 콜드 브루
48	1080	36	시그니처 더 블랙 콜드 브루 500ml
48	1134	36	20,400원
48	1192	36	콜드 브루 전용 원두를 차가운 물로 매장에서 직접 추출하여 부드럽고 진한 풍미의 콜드브루를 언제 어디서나 편하게 즐겨보세요 (전용 보틀 /500ml)*주문 즉시 메뉴 제조를 시작하므로 주문 완료 후에는 변경 또는 취소할 수 없습니다.*해당 제품은 콜드 브루 원액으로 물 또는 우유와 함께 즐겨주세요*변심 또는 제조 공정상 발생 가능한 잔기스 등은 반품/교환 대상에 해당되지 않습니다.*보틀 불량의 경우, 구매일로 부터 3일 이내에 매장 파트너 확인 후 교환 처리 가능합니다.*보틀 용기는 차가운 음료 전용(뜨거운 음료를 담을 경우 변형, 화상위험이 있습니다)*고카페인 함유 : 해당 제품은 고카페인 음료입니다. 어린이, 임산부, 카페인 민감자는 섭취에 주의해주시기 바랍니다.
48	1300	36	오트 콜드 브루
48	1354	36	6,000원
48	1412	36	콜드 브루의 풍미와 깔끔한 오트음료(식물성 대체유)가 어우러진 달콤 고소한 라떼. 식물성 대체유를 사용해 모든 고객이 부담없이 즐길 수 있는 콜드 브루 음료
48	1441	121	지금 와우 가입하면 배달비 0원 + 25,000원 쿠폰
48	1458	781	가입하기
48	1520	36	돌체 콜드 브루
48	1556	24	배달비 0원 적용 중
48	1574	36	6,000원
49	0	0	100% (2개)
49	0	0	ㆍ
49	0	0	리뷰 (1)
49	0	0	스타벅스 바리스타의 정성으로 탄생한 콜드 브루!콜드 브루 전용 원두를 차가운 물로 추출하여 한정된 양만 제공됩니다.깊은 풍미의 새로운 커피 경험을 즐겨보세요.
49	66	155	스타벅스 역삼아레나빌딩점 내 메뉴를 찾아보세요
49	151	114	콜드브루
49	151	262	블론드
49	151	388	디카페인 커피
49	151	586	티바나
49	151	712	피지오
49	151	838	프라푸치노
49	154	36	프렌치 바닐라 콜드 브루
49	182	51	3 / 6
49	208	36	6,300원
49	248	279	스타벅스 역삼아레나빌딩점
49	266	36	깊고 부드러운 프렌치 바닐라 풍미와 깔끔한 콜드 브루가 어우러진 음료
49	298	412	4.9(675)
49	367	36	베르가못 콜드브루
49	421	36	6,000원
49	479	36	은은하게 퍼지는 플로럴 향과 베르가못의 화사하고 우아한 시트러스 맛이 느껴지는 부드러운 콜드 브루
49	587	36	시그니처 더 블랙 콜드 브루 500ml
49	641	36	20,400원
49	699	36	콜드 브루 전용 원두를 차가운 물로 매장에서 직접 추출하여 부드럽고 진한 풍미의 콜드브루를 언제 어디서나 편하게 즐겨보세요 (전용 보틀 /500ml)*주문 즉시 메뉴 제조를 시작하므로 주문 완료 후에는 변경 또는 취소할 수 없습니다.*해당 제품은 콜드 브루 원액으로 물 또는 우유와 함께 즐겨주세요*변심 또는 제조 공정상 발생 가능한 잔기스 등은 반품/교환 대상에 해당되지 않습니다.*보틀 불량의 경우, 구매일로 부터 3일 이내에 매장 파트너 확인 후 교환 처리 가능합니다.*보틀 용기는 차가운 음료 전용(뜨거운 음료를 담을 경우 변형, 화상위험이 있습니다)*고카페인 함유 : 해당 제품은 고카페인 음료입니다. 어린이, 임산부, 카페인 민감자는 섭취에 주의해주시기 바랍니다.
49	807	36	오트 콜드 브루
49	861	36	6,000원
49	919	36	콜드 브루의 풍미와 깔끔한 오트음료(식물성 대체유)가 어우러진 달콤 고소한 라떼. 식물성 대체유를 사용해 모든 고객이 부담없이 즐길 수 있는 콜드 브루 음료
49	1027	36	돌체 콜드 브루
49	1081	36	6,000원
49	1139	36	무더운 여름철, 동남아 휴가지에서 즐기는 커피를 떠오르게 하는 스타벅스 음료의 베스트 x 베스트 조합인돌체 콜드 브루를 만나보세요!
49	1247	36	바닐라 크림 콜드 브루
49	1301	36	6,000원
49	1359	36	콜드 브루에 더해진 바닐라 크림으로 깔끔하면서 달콤한 콜드 브루를 새롭게 즐길 수 있는 음료입니다.
49	1437	63	100% (3개)
49	1441	121	지금 와우 가입하면 배달비 0원 + 25,000원 쿠폰
49	1458	781	가입하기
49	1511	36	콜드 브루
49	1556	24	배달비 0원 적용 중
49	1565	36	5,100원
50	66	155	스타벅스 역삼아레나빌딩점 내 메뉴를 찾아보세요
50	94	36	시그니처 더 블랙 콜드 브루 500ml
50	148	36	20,400원
50	151	114	콜드브루
50	151	262	블론드
50	151	388	디카페인 커피
50	151	586	티바나
50	151	712	피지오
50	151	838	프라푸치노
50	182	51	4 / 6
50	206	36	콜드 브루 전용 원두를 차가운 물로 매장에서 직접 추출하여 부드럽고 진한 풍미의 콜드브루를 언제 어디서나 편하게 즐겨보세요 (전용 보틀 /500ml)*주문 즉시 메뉴 제조를 시작하므로 주문 완료 후에는 변경 또는 취소할 수 없습니다.*해당 제품은 콜드 브루 원액으로 물 또는 우유와 함께 즐겨주세요*변심 또는 제조 공정상 발생 가능한 잔기스 등은 반품/교환 대상에 해당되지 않습니다.*보틀 불량의 경우, 구매일로 부터 3일 이내에 매장 파트너 확인 후 교환 처리 가능합니다.*보틀 용기는 차가운 음료 전용(뜨거운 음료를 담을 경우 변형, 화상위험이 있습니다)*고카페인 함유 : 해당 제품은 고카페인 음료입니다. 어린이, 임산부, 카페인 민감자는 섭취에 주의해주시기 바랍니다.
50	248	279	스타벅스 역삼아레나빌딩점
50	298	412	4.9(675)
50	314	36	오트 콜드 브루
50	368	36	6,000원
50	426	36	콜드 브루의 풍미와 깔끔한 오트음료(식물성 대체유)가 어우러진 달콤 고소한 라떼. 식물성 대체유를 사용해 모든 고객이 부담없이 즐길 수 있는 콜드 브루 음료
50	534	36	돌체 콜드 브루
50	588	36	6,000원
50	646	36	무더운 여름철, 동남아 휴가지에서 즐기는 커피를 떠오르게 하는 스타벅스 음료의 베스트 x 베스트 조합인돌체 콜드 브루를 만나보세요!
50	754	36	바닐라 크림 콜드 브루
50	808	36	6,000원
50	866	36	콜드 브루에 더해진 바닐라 크림으로 깔끔하면서 달콤한 콜드 브루를 새롭게 즐길 수 있는 음료입니다.
50	944	63	100% (3개)
50	1018	36	콜드 브루
50	1072	36	5,100원
50	1130	36	스타벅스 바리스타의 정성으로 탄생한 콜드 브루!콜드 브루 전용 원두를 차가운 물로 추출하여 한정된 양만 제공됩니다.깊은 풍미의 새로운 커피 경험을 즐겨보세요.
50	1208	63	100% (2개)
50	1208	149	ㆍ
50	1208	193	리뷰 (1)
50	1312	42	블론드
50	1358	36	향긋하고, 은은한 산미, 부드러운 단맛이 느껴지게 로스팅된 원두로 제조된 커피
50	1432	36	블론드 밀크카라멜 라떼
50	1441	121	지금 와우 가입하면 배달비 0원 + 25,000원 쿠폰
50	1458	781	가입하기
50	1486	36	5,800원
50	1544	36	부드럽고 달콤한 밀크카라멜의 은은한 풍미와 풍부한 질감을 느낄 수 있는 특별한 우유가 만나 언제나 편안하게 즐길 수 있는 라떼입니다.
50	1556	24	배달비 0원 적용 중
51	48	36	돌체 콜드 브루
51	66	155	스타벅스 역삼아레나빌딩점 내 메뉴를 찾아보세요
51	132	36	6,000원
51	151	114	콜드브루
51	151	262	블론드
51	151	388	디카페인 커피
51	151	586	티바나
51	151	712	피지오
51	151	838	프라푸치노
51	160	36	무더운 여름철, 동남아 휴가지에서 즐기는 커피를 떠오르게 하는 스타벅스 음료의 베스트 x 베스트 조합인돌체 콜드 브루를 만나보세요!
51	182	51	5 / 6
51	248	279	스타벅스 역삼아레나빌딩점
51	268	36	바닐라 크림 콜드 브루
51	298	412	4.9(675)
51	322	36	6,000원
51	380	36	콜드 브루에 더해진 바닐라 크림으로 깔끔하면서 달콤한 콜드 브루를 새롭게 즐길 수 있는 음료입니다.
51	458	63	100% (3개)
51	532	36	콜드 브루
51	586	36	5,100원
51	644	36	스타벅스 바리스타의 정성으로 탄생한 콜드 브루!콜드 브루 전용 원두를 차가운 물로 추출하여 한정된 양만 제공됩니다.깊은 풍미의 새로운 커피 경험을 즐겨보세요.
51	722	63	100% (2개)
51	722	149	ㆍ
51	722	193	리뷰 (1)
51	826	42	블론드
51	872	36	향긋하고, 은은한 산미, 부드러운 단맛이 느껴지게 로스팅된 원두로 제조된 커피
51	946	36	블론드 밀크카라멜 라떼
51	1000	36	5,800원
51	1058	36	부드럽고 달콤한 밀크카라멜의 은은한 풍미와 풍부한 질감을 느낄 수 있는 특별한 우유가 만나 언제나 편안하게 즐길 수 있는 라떼입니다.
51	1166	36	아이스 블론드 밀크카라멜 라떼
51	1220	36	5,800원
51	1278	36	부드럽고 달콤한 밀크카라멜의 은은한 풍미와 풍부한 질감을 느낄 수 있는 특별한 우유가 만나 언제나 편안하게 즐길 수 있는 라떼입니다.
51	1356	63	100% (1개)
51	1430	36	블론드 플랫 화이트
51	1441	121	지금 와우 가입하면 배달비 0원 + 25,000원 쿠폰
51	1458	781	가입하기
51	1484	36	5,800원
51	1542	36	부드러운 리스트레토 샷과 완벽한 양의 스팀밀크를 더해, 카페 라떼보다 커피의 맛을 진하게 즐길 수 있는 에스프레소 음료
51	1556	24	배달비 0원 적용 중
52	40	36	콜드 브루
52	66	155	스타벅스 역삼아레나빌딩점 내 메뉴를 찾아보세요
52	132	36	5,100원
52	151	114	콜드브루
52	151	262	블론드
52	151	388	디카페인 커피
52	151	586	티바나
52	151	712	피지오
52	151	838	프라푸치노
52	152	36	스타벅스 바리스타의 정성으로 탄생한 콜드 브루!콜드 브루 전용 원두를 차가운 물로 추출하여 한정된 양만 제공됩니다.깊은 풍미의 새로운 커피 경험을 즐겨보세요.
52	182	51	6 / 6
52	230	63	100% (2개)
52	230	149	ㆍ
52	230	193	리뷰 (1)
52	248	279	스타벅스 역삼아레나빌딩점
52	298	412	4.9(675)
52	334	42	블론드
52	380	36	향긋하고, 은은한 산미, 부드러운 단맛이 느껴지게 로스팅된 원두로 제조된 커피
52	454	36	블론드 밀크카라멜 라떼
52	508	36	5,800원
52	566	36	부드럽고 달콤한 밀크카라멜의 은은한 풍미와 풍부한 질감을 느낄 수 있는 특별한 우유가 만나 언제나 편안하게 즐길 수 있는 라떼입니다.
52	674	36	아이스 블론드 밀크카라멜 라떼
52	728	36	5,800원
52	786	36	부드럽고 달콤한 밀크카라멜의 은은한 풍미와 풍부한 질감을 느낄 수 있는 특별한 우유가 만나 언제나 편안하게 즐길 수 있는 라떼입니다.
52	864	63	100% (1개)
52	938	36	블론드 플랫 화이트
52	992	36	5,800원
52	1050	36	부드러운 리스트레토 샷과 완벽한 양의 스팀밀크를 더해, 카페 라떼보다 커피의 맛을 진하게 즐길 수 있는 에스프레소 음료
52	1158	36	아이스 블론드 플랫 화이트
52	1212	36	5,800원
52	1270	36	부드러운 리스트레토 샷과 완벽한 양의 스팀밀크를 더해, 카페 라떼보다 커피의 맛을 진하게 즐길 수 있는 에스프레소 음료
52	1378	36	블론드 스타벅스 돌체 라떼
52	1432	36	6,100원
52	1441	121	지금 와우 가입하면 배달비 0원 + 25,000원 쿠폰
52	1458	781	가입하기
52	1490	36	밝고 경쾌한 블론드 에스프레소와 무지방 우유, 돌체 시럽이 달콤하게 어우러진 블론드 스타벅스 돌체 라떼를 즐겨보세요!
52	1556	24	배달비 0원 적용 중
52	1568	63	리뷰 (1)
53	0	0	100% (1개)
53	0	0	블론드 밀크카라멜 라떼
53	66	155	스타벅스 역삼아레나빌딩점 내 메뉴를 찾아보세요
53	73	36	부드럽고 달콤한 밀크카라멜의 은은한 풍미와 풍부한 질감을 느낄 수 있는 특별한 우유가 만나 언제나 편안하게 즐길 수 있는 라떼입니다.
53	151	114	블론드
53	151	240	디카페인 커피
53	151	438	티바나
53	151	564	피지오
53	151	690	프라푸치노
53	151	860	블렌디드
53	181	36	아이스 블론드 밀크카라멜 라떼
53	182	51	1 / 6
53	235	36	5,800원
53	248	279	스타벅스 역삼아레나빌딩점
53	293	36	부드럽고 달콤한 밀크카라멜의 은은한 풍미와 풍부한 질감을 느낄 수 있는 특별한 우유가 만나 언제나 편안하게 즐길 수 있는 라떼입니다.
53	298	412	4.9(675)
53	371	63	100% (1개)
53	445	36	블론드 플랫 화이트
53	499	36	5,800원
53	557	36	부드러운 리스트레토 샷과 완벽한 양의 스팀밀크를 더해, 카페 라떼보다 커피의 맛을 진하게 즐길 수 있는 에스프레소 음료
53	665	36	아이스 블론드 플랫 화이트
53	719	36	5,800원
53	777	36	부드러운 리스트레토 샷과 완벽한 양의 스팀밀크를 더해, 카페 라떼보다 커피의 맛을 진하게 즐길 수 있는 에스프레소 음료
53	885	36	블론드 스타벅스 돌체 라떼
53	939	36	6,100원
53	997	36	밝고 경쾌한 블론드 에스프레소와 무지방 우유, 돌체 시럽이 달콤하게 어우러진 블론드 스타벅스 돌체 라떼를 즐겨보세요!
53	1075	63	리뷰 (1)
53	1149	36	아이스 블론드 스타벅스 돌체 라떼
53	1203	36	6,100원
53	1261	36	밝고 경쾌한 블론드 에스프레소와 무지방 우유, 돌체 시럽이 달콤하게 어우러진 아이스 블론드 스타벅스 돌체 라떼를 즐겨보세요!
53	1339	63	100% (2개)
53	1413	36	블론드 카페 라떼
53	1441	121	지금 와우 가입하면 배달비 0원 + 25,000원 쿠폰
53	1458	781	가입하기
53	1467	36	5,200원
53	1525	36	밝고 경쾌한 블론드 에스프레소와 우유가 부드럽게 어우러진 블론드 카페 라떼를 즐겨보세요!
53	1556	24	배달비 0원 적용 중
54	0	0	블론드 플랫 화이트
54	64	36	부드러운 리스트레토 샷과 완벽한 양의 스팀밀크를 더해, 카페 라떼보다 커피의 맛을 진하게 즐길 수 있는 에스프레소 음료
54	66	155	스타벅스 역삼아레나빌딩점 내 메뉴를 찾아보세요
54	151	114	블론드
54	151	240	디카페인 커피
54	151	438	티바나
54	151	564	피지오
54	151	690	프라푸치노
54	151	860	블렌디드
54	172	36	아이스 블론드 플랫 화이트
54	182	51	2 / 6
54	226	36	5,800원
54	248	279	스타벅스 역삼아레나빌딩점
54	284	36	부드러운 리스트레토 샷과 완벽한 양의 스팀밀크를 더해, 카페 라떼보다 커피의 맛을 진하게 즐길 수 있는 에스프레소 음료
54	298	412	4.9(675)
54	392	36	블론드 스타벅스 돌체 라떼
54	446	36	6,100원
54	504	36	밝고 경쾌한 블론드 에스프레소와 무지방 우유, 돌체 시럽이 달콤하게 어우러진 블론드 스타벅스 돌체 라떼를 즐겨보세요!
54	582	63	리뷰 (1)
54	656	36	아이스 블론드 스타벅스 돌체 라떼
54	710	36	6,100원
54	768	36	밝고 경쾌한 블론드 에스프레소와 무지방 우유, 돌체 시럽이 달콤하게 어우러진 아이스 블론드 스타벅스 돌체 라떼를 즐겨보세요!
54	846	63	100% (2개)
54	920	36	블론드 카페 라떼
54	974	36	5,200원
54	1032	36	밝고 경쾌한 블론드 에스프레소와 우유가 부드럽게 어우러진 블론드 카페 라떼를 즐겨보세요!
54	1110	63	100% (1개)
54	1184	36	아이스 블론드 카페 라떼
54	1238	36	5,200원
54	1296	36	밝고 경쾌한 블론드 에스프레소와 우유가 부드럽게 어우러진 아이스 블론드 카페 라떼를 즐겨보세요!
54	1374	63	100% (1개)
54	1374	149	ㆍ
54	1374	193	리뷰 (1)
54	1441	121	지금 와우 가입하면 배달비 0원 + 25,000원 쿠폰
54	1448	36	블론드 카페 아메리카노
54	1458	781	가입하기
54	1502	36	4,700원
54	1556	24	배달비 0원 적용 중
54	1560	36	블론드 에스프레소의 밝고 경쾌한 풍미를 블론드 카페 아메리카노로 즐겨보세요!
55	0	0	블론드 스타벅스 돌체 라떼
55	19	36	밝고 경쾌한 블론드 에스프레소와 무지방 우유, 돌체 시럽이 달콤하게 어우러진 블론드 스타벅스 돌체 라떼를 즐겨보세요!
55	66	155	스타벅스 역삼아레나빌딩점 내 메뉴를 찾아보세요
55	97	63	리뷰 (1)
55	151	114	블론드
55	151	240	디카페인 커피
55	151	438	티바나
55	151	564	피지오
55	151	690	프라푸치노
55	151	860	블렌디드
55	171	36	아이스 블론드 스타벅스 돌체 라떼
55	182	51	3 / 6
55	225	36	6,100원
55	248	279	스타벅스 역삼아레나빌딩점
55	283	36	밝고 경쾌한 블론드 에스프레소와 무지방 우유, 돌체 시럽이 달콤하게 어우러진 아이스 블론드 스타벅스 돌체 라떼를 즐겨보세요!
55	298	412	4.9(675)
55	361	63	100% (2개)
55	435	36	블론드 카페 라떼
55	489	36	5,200원
55	547	36	밝고 경쾌한 블론드 에스프레소와 우유가 부드럽게 어우러진 블론드 카페 라떼를 즐겨보세요!
55	625	63	100% (1개)
55	699	36	아이스 블론드 카페 라떼
55	753	36	5,200원
55	811	36	밝고 경쾌한 블론드 에스프레소와 우유가 부드럽게 어우러진 아이스 블론드 카페 라떼를 즐겨보세요!
55	889	63	100% (1개)
55	889	149	ㆍ
55	889	193	리뷰 (1)
55	963	36	블론드 카페 아메리카노
55	1017	36	4,700원
55	1075	36	블론드 에스프레소의 밝고 경쾌한 풍미를 블론드 카페 아메리카노로 즐겨보세요!
55	1183	36	아이스 블론드 카페 아메리카노
55	1237	36	4,700원
55	1295	36	블론드 에스프레소의 밝고 경쾌한 풍미를 아이스 블론드 카페 아메리카노로 즐겨보세요!
55	1373	63	100% (6개)
55	1373	149	ㆍ
55	1373	193	리뷰 (1)
55	1441	121	지금 와우 가입하면 배달비 0원 + 25,000원 쿠폰
55	1447	36	블론드 카페 모카
55	1458	781	가입하기
55	1501	36	5,700원
55	1556	24	배달비 0원 적용 중
55	1559	36	배달 주문 시에는 휘핑크림 없이 제공됩니다. 진한 초콜릿 모카 시럽과 밝고 경쾌한 풍미의 블론드 에스프레소를 스팀 밀크와 섞은 음료로 에스프레소와 초콜릿 맛이 어우러진 커피
56	0	0	블론드 카페 라떼
56	0	0	아이스 블론드 카라멜 마키아또
56	0	0	향긋한 바닐라 시럽과 시원한 우유에 얼음을 넣고 점을 찍듯이 블론드 에스프레소를 부은 후 벌집 모양으로 카라멜 드리즐을 올린 달콤한 커피 음료
56	53	36	밝고 경쾌한 블론드 에스프레소와 우유가 부드럽게 어우러진 블론드 카페 라떼를 즐겨보세요!
56	66	155	스타벅스 역삼아레나빌딩점 내 메뉴를 찾아보세요
56	131	63	100% (1개)
56	151	114	블론드
56	151	240	디카페인 커피
56	151	438	티바나
56	151	564	피지오
56	151	690	프라푸치노
56	151	860	블렌디드
56	182	51	4 / 6
56	205	36	아이스 블론드 카페 라떼
56	248	279	스타벅스 역삼아레나빌딩점
56	259	36	5,200원
56	298	412	4.9(675)
56	317	36	밝고 경쾌한 블론드 에스프레소와 우유가 부드럽게 어우러진 아이스 블론드 카페 라떼를 즐겨보세요!
56	395	63	100% (1개)
56	395	149	ㆍ
56	395	193	리뷰 (1)
56	469	36	블론드 카페 아메리카노
56	523	36	4,700원
56	581	36	블론드 에스프레소의 밝고 경쾌한 풍미를 블론드 카페 아메리카노로 즐겨보세요!
56	689	36	아이스 블론드 카페 아메리카노
56	743	36	4,700원
56	801	36	블론드 에스프레소의 밝고 경쾌한 풍미를 아이스 블론드 카페 아메리카노로 즐겨보세요!
56	879	63	100% (6개)
56	879	149	ㆍ
56	879	193	리뷰 (1)
56	953	36	블론드 카페 모카
56	1007	36	5,700원
56	1065	36	배달 주문 시에는 휘핑크림 없이 제공됩니다. 진한 초콜릿 모카 시럽과 밝고 경쾌한 풍미의 블론드 에스프레소를 스팀 밀크와 섞은 음료로 에스프레소와 초콜릿 맛이 어우러진 커피
56	1173	36	아이스 블론드 카페 모카
56	1227	36	5,700원
56	1285	36	진한 초콜릿 모카 시럽과 밝고 경쾌한 풍미의 블론드 에스프레소를 신선한 우유와 섞은 음료로 에스프레소와 초콜릿 맛이 어우러진 커피
56	1393	36	블론드 카라멜 마키아또
56	1441	121	지금 와우 가입하면 배달비 0원 + 25,000원 쿠폰
56	1447	36	6,100원
56	1458	781	가입하기
56	1505	36	향긋한 바닐라 시럽과 따뜻한 스팀 밀크 위에 풍성한 우유 거품을 얹고 점을 찍듯이 블론드 에스프레소를 부은 후 벌집 모양으로 카라멜 드리즐을 올린 달콤한 커피 음료
56	1556	24	배달비 0원 적용 중
57	0	0	달콤하고 부드러운 화이트 초콜릿 시럽과 블론드 에스프레소를 신선한 우유 그리고 얼음과 섞은 음료로 달콤함과 블론드 에스프레소가 부드럽게 어우러진 커피
57	0	36	블론드 카페 아메리카노
57	66	155	스타벅스 역삼아레나빌딩점 내 메뉴를 찾아보세요
57	87	36	블론드 에스프레소의 밝고 경쾌한 풍미를 블론드 카페 아메리카노로 즐겨보세요!
57	151	114	블론드
57	151	240	디카페인 커피
57	151	438	티바나
57	151	564	피지오
57	151	690	프라푸치노
57	151	860	블렌디드
57	182	51	5 / 6
57	195	36	아이스 블론드 카페 아메리카노
57	248	279	스타벅스 역삼아레나빌딩점
57	249	36	4,700원
57	298	412	4.9(675)
57	307	36	블론드 에스프레소의 밝고 경쾌한 풍미를 아이스 블론드 카페 아메리카노로 즐겨보세요!
57	385	63	100% (6개)
57	385	149	ㆍ
57	385	193	리뷰 (1)
57	459	36	블론드 카페 모카
57	513	36	5,700원
57	571	36	배달 주문 시에는 휘핑크림 없이 제공됩니다. 진한 초콜릿 모카 시럽과 밝고 경쾌한 풍미의 블론드 에스프레소를 스팀 밀크와 섞은 음료로 에스프레소와 초콜릿 맛이 어우러진 커피
57	679	36	아이스 블론드 카페 모카
57	733	36	5,700원
57	791	36	진한 초콜릿 모카 시럽과 밝고 경쾌한 풍미의 블론드 에스프레소를 신선한 우유와 섞은 음료로 에스프레소와 초콜릿 맛이 어우러진 커피
57	899	36	블론드 카라멜 마키아또
57	953	36	6,100원
57	1011	36	향긋한 바닐라 시럽과 따뜻한 스팀 밀크 위에 풍성한 우유 거품을 얹고 점을 찍듯이 블론드 에스프레소를 부은 후 벌집 모양으로 카라멜 드리즐을 올린 달콤한 커피 음료
57	1119	36	아이스 블론드 카라멜 마키아또
57	1173	36	6,100원
57	1231	36	향긋한 바닐라 시럽과 시원한 우유에 얼음을 넣고 점을 찍듯이 블론드 에스프레소를 부은 후 벌집 모양으로 카라멜 드리즐을 올린 달콤한 커피 음료
57	1339	36	블론드 화이트 초콜릿 모카
57	1393	36	6,100원
57	1441	121	지금 와우 가입하면 배달비 0원 + 25,000원 쿠폰
57	1451	36	배달 주문 시에는 휘핑크림 없이 제공됩니다. 달콤하고 부드러운 화이트 초콜릿 시럽과 블론드 에스프레소를 스팀 밀크와 섞은 음료로 달콤함과 블론드 에스프레소가 부드럽게 어우러진 커피
57	1458	781	가입하기
57	1556	24	배달비 0원 적용 중
57	1559	36	아이스 블론드 화이트 초콜릿 모카
58	0	0	신선하게 제조된 더블 샷 믹스에 바닐라 시럽을 넣고 블론드 에스프레소 샷, 얼음이 어우러져 핸드 쉐이킹한 음료배달 특성상 12oz 톨 사이즈 컵에 7oz 음료가 얼음 없이 절반정도 담겨서 제공됩니다.
58	0	36	블론드 카페 모카
58	66	155	스타벅스 역삼아레나빌딩점 내 메뉴를 찾아보세요
58	77	36	배달 주문 시에는 휘핑크림 없이 제공됩니다. 진한 초콜릿 모카 시럽과 밝고 경쾌한 풍미의 블론드 에스프레소를 스팀 밀크와 섞은 음료로 에스프레소와 초콜릿 맛이 어우러진 커피
58	151	114	블론드
58	151	240	디카페인 커피
58	151	438	티바나
58	151	564	피지오
58	151	690	프라푸치노
58	151	860	블렌디드
58	182	51	6 / 6
58	185	36	아이스 블론드 카페 모카
58	239	36	5,700원
58	248	279	스타벅스 역삼아레나빌딩점
58	297	36	진한 초콜릿 모카 시럽과 밝고 경쾌한 풍미의 블론드 에스프레소를 신선한 우유와 섞은 음료로 에스프레소와 초콜릿 맛이 어우러진 커피
58	298	412	4.9(675)
58	405	36	블론드 카라멜 마키아또
58	459	36	6,100원
58	517	36	향긋한 바닐라 시럽과 따뜻한 스팀 밀크 위에 풍성한 우유 거품을 얹고 점을 찍듯이 블론드 에스프레소를 부은 후 벌집 모양으로 카라멜 드리즐을 올린 달콤한 커피 음료
58	625	36	아이스 블론드 카라멜 마키아또
58	679	36	6,100원
58	737	36	향긋한 바닐라 시럽과 시원한 우유에 얼음을 넣고 점을 찍듯이 블론드 에스프레소를 부은 후 벌집 모양으로 카라멜 드리즐을 올린 달콤한 커피 음료
58	845	36	블론드 화이트 초콜릿 모카
58	899	36	6,100원
58	957	36	배달 주문 시에는 휘핑크림 없이 제공됩니다. 달콤하고 부드러운 화이트 초콜릿 시럽과 블론드 에스프레소를 스팀 밀크와 섞은 음료로 달콤함과 블론드 에스프레소가 부드럽게 어우러진 커피
58	1065	36	아이스 블론드 화이트 초콜릿 모카
58	1119	36	6,100원
58	1177	36	달콤하고 부드러운 화이트 초콜릿 시럽과 블론드 에스프레소를 신선한 우유 그리고 얼음과 섞은 음료로 달콤함과 블론드 에스프레소가 부드럽게 어우러진 커피
58	1285	36	블론드 커피 스타벅스 더블 샷
58	1339	36	5,300원
58	1397	36	신선하게 제조된 더블 샷 믹스에 클래식 시럽을 넣고 블론드 에스프레소 샷, 얼음이 어우러져 핸드 쉐이킹한 음료배달 특성상 12oz 톨 사이즈 컵에 7oz 음료가 얼음 없이 절반정도 담겨서 제공됩니다.
58	1441	121	지금 와우 가입하면 배달비 0원 + 25,000원 쿠폰
58	1458	781	가입하기
58	1475	63	100% (6개)
58	1549	36	블론드 바닐라 스타벅스 더블 샷
58	1556	24	배달비 0원 적용 중
59	0	0	달콤한 바닐라의 향을 풍부하고 진한 블론드 에스프레소, 부드러운 우유와 함께 즐길 수 있는 라떼입니다.
59	66	155	스타벅스 역삼아레나빌딩점 내 메뉴를 찾아보세요
59	131	36	아이스 블론드 카라멜 마키아또
59	151	114	블론드
59	151	240	디카페인 커피
59	151	438	티바나
59	151	564	피지오
59	151	690	프라푸치노
59	151	860	블렌디드
59	182	51	1 / 6
59	185	36	6,100원
59	243	36	향긋한 바닐라 시럽과 시원한 우유에 얼음을 넣고 점을 찍듯이 블론드 에스프레소를 부은 후 벌집 모양으로 카라멜 드리즐을 올린 달콤한 커피 음료
59	248	279	스타벅스 역삼아레나빌딩점
59	298	412	4.9(675)
59	351	36	블론드 화이트 초콜릿 모카
59	405	36	6,100원
59	463	36	배달 주문 시에는 휘핑크림 없이 제공됩니다. 달콤하고 부드러운 화이트 초콜릿 시럽과 블론드 에스프레소를 스팀 밀크와 섞은 음료로 달콤함과 블론드 에스프레소가 부드럽게 어우러진 커피
59	571	36	아이스 블론드 화이트 초콜릿 모카
59	625	36	6,100원
59	683	36	달콤하고 부드러운 화이트 초콜릿 시럽과 블론드 에스프레소를 신선한 우유 그리고 얼음과 섞은 음료로 달콤함과 블론드 에스프레소가 부드럽게 어우러진 커피
59	791	36	블론드 커피 스타벅스 더블 샷
59	845	36	5,300원
59	903	36	신선하게 제조된 더블 샷 믹스에 클래식 시럽을 넣고 블론드 에스프레소 샷, 얼음이 어우러져 핸드 쉐이킹한 음료배달 특성상 12oz 톨 사이즈 컵에 7oz 음료가 얼음 없이 절반정도 담겨서 제공됩니다.
59	981	63	100% (6개)
59	1055	36	블론드 바닐라 스타벅스 더블 샷
59	1109	36	5,300원
59	1167	36	신선하게 제조된 더블 샷 믹스에 바닐라 시럽을 넣고 블론드 에스프레소 샷, 얼음이 어우러져 핸드 쉐이킹한 음료배달 특성상 12oz 톨 사이즈 컵에 7oz 음료가 얼음 없이 절반정도 담겨서 제공됩니다.
59	1275	36	블론드 헤이즐넛 스타벅스 더블 샷
59	1329	36	5,300원
59	1387	36	신선하게 제조된 더블 샷 믹스에 헤이즐넛 시럽을 넣고 블론드 에스프레소 샷, 얼음이 어우러져 핸드 쉐이킹한 음료배달 특성상 12oz 톨 사이즈 컵에 7oz 음료가 얼음 없이 절반정도 담겨서 제공됩니다.
59	1441	121	지금 와우 가입하면 배달비 0원 + 25,000원 쿠폰
59	1458	781	가입하기
59	1495	36	블론드 바닐라 라떼
59	1549	36	5,200원
59	1556	24	배달비 0원 적용 중
60	0	0	부드럽고 달콤한 밀크카라멜의 은은한 풍미와 풍부한 질감을 느낄 수 있는 특별한 우유가 만나 언제나 편안하게 즐길 수 있는 라떼입니다.
60	66	155	스타벅스 역삼아레나빌딩점 내 메뉴를 찾아보세요
60	78	36	아이스 블론드 화이트 초콜릿 모카
60	132	36	6,100원
60	151	114	블론드
60	151	240	디카페인 커피
60	151	438	티바나
60	151	564	피지오
60	151	690	프라푸치노
60	151	860	블렌디드
60	182	51	2 / 6
60	190	36	달콤하고 부드러운 화이트 초콜릿 시럽과 블론드 에스프레소를 신선한 우유 그리고 얼음과 섞은 음료로 달콤함과 블론드 에스프레소가 부드럽게 어우러진 커피
60	248	279	스타벅스 역삼아레나빌딩점
60	298	36	블론드 커피 스타벅스 더블 샷
60	298	412	4.9(675)
60	352	36	5,300원
60	410	36	신선하게 제조된 더블 샷 믹스에 클래식 시럽을 넣고 블론드 에스프레소 샷, 얼음이 어우러져 핸드 쉐이킹한 음료배달 특성상 12oz 톨 사이즈 컵에 7oz 음료가 얼음 없이 절반정도 담겨서 제공됩니다.
60	488	63	100% (6개)
60	562	36	블론드 바닐라 스타벅스 더블 샷
60	616	36	5,300원
60	674	36	신선하게 제조된 더블 샷 믹스에 바닐라 시럽을 넣고 블론드 에스프레소 샷, 얼음이 어우러져 핸드 쉐이킹한 음료배달 특성상 12oz 톨 사이즈 컵에 7oz 음료가 얼음 없이 절반정도 담겨서 제공됩니다.
60	782	36	블론드 헤이즐넛 스타벅스 더블 샷
60	836	36	5,300원
60	894	36	신선하게 제조된 더블 샷 믹스에 헤이즐넛 시럽을 넣고 블론드 에스프레소 샷, 얼음이 어우러져 핸드 쉐이킹한 음료배달 특성상 12oz 톨 사이즈 컵에 7oz 음료가 얼음 없이 절반정도 담겨서 제공됩니다.
60	1002	36	블론드 바닐라 라떼
60	1056	36	5,200원
60	1114	36	달콤한 바닐라의 향을 풍부하고 진한 블론드 에스프레소, 부드러운 우유와 함께 즐길 수 있는 라떼입니다.
60	1222	36	아이스 블론드 바닐라 라떼
60	1276	36	5,200원
60	1334	36	달콤한 바닐라의 향을 풍부하고 진한 블론드 에스프레소, 부드러운 우유와 함께 즐길 수 있는 라떼입니다.
60	1441	121	지금 와우 가입하면 배달비 0원 + 25,000원 쿠폰
60	1458	781	가입하기
60	1472	42	디카페인 커피
60	1518	36	카페인 부담을 줄이면서 스타벅스 음료의 풍미를 즐길 수 있는 커피
60	1556	24	배달비 0원 적용 중
60	1592	36	디카페인 밀크카라멜 라떼
61	0	0	부드럽고 달콤한 밀크카라멜의 은은한 풍미와 풍부한 질감을 느낄 수 있는 특별한 우유가 만나 언제나 편안하게 즐길 수 있는 라떼입니다.
61	66	155	스타벅스 역삼아레나빌딩점 내 메뉴를 찾아보세요
61	75	36	블론드 바닐라 스타벅스 더블 샷
61	132	36	5,300원
61	151	114	블론드
61	151	240	디카페인 커피
61	151	438	티바나
61	151	564	피지오
61	151	690	프라푸치노
61	151	860	블렌디드
61	182	51	3 / 6
61	187	36	신선하게 제조된 더블 샷 믹스에 바닐라 시럽을 넣고 블론드 에스프레소 샷, 얼음이 어우러져 핸드 쉐이킹한 음료배달 특성상 12oz 톨 사이즈 컵에 7oz 음료가 얼음 없이 절반정도 담겨서 제공됩니다.
61	248	279	스타벅스 역삼아레나빌딩점
61	295	36	블론드 헤이즐넛 스타벅스 더블 샷
61	298	412	4.9(675)
61	349	36	5,300원
61	407	36	신선하게 제조된 더블 샷 믹스에 헤이즐넛 시럽을 넣고 블론드 에스프레소 샷, 얼음이 어우러져 핸드 쉐이킹한 음료배달 특성상 12oz 톨 사이즈 컵에 7oz 음료가 얼음 없이 절반정도 담겨서 제공됩니다.
61	515	36	블론드 바닐라 라떼
61	569	36	5,200원
61	627	36	달콤한 바닐라의 향을 풍부하고 진한 블론드 에스프레소, 부드러운 우유와 함께 즐길 수 있는 라떼입니다.
61	735	36	아이스 블론드 바닐라 라떼
61	789	36	5,200원
61	847	36	달콤한 바닐라의 향을 풍부하고 진한 블론드 에스프레소, 부드러운 우유와 함께 즐길 수 있는 라떼입니다.
61	985	42	디카페인 커피
61	1031	36	카페인 부담을 줄이면서 스타벅스 음료의 풍미를 즐길 수 있는 커피
61	1105	36	디카페인 밀크카라멜 라떼
61	1159	36	6,100원
61	1217	36	부드럽고 달콤한 밀크카라멜의 은은한 풍미와 풍부한 질감을 느낄 수 있는 특별한 우유가 만나 언제나 편안하게 즐길 수 있는 라떼입니다.
61	1325	36	아이스 디카페인 밀크카라멜 라떼
61	1379	36	6,100원
61	1437	36	부드럽고 달콤한 밀크카라멜의 은은한 풍미와 풍부한 질감을 느낄 수 있는 특별한 우유가 만나 언제나 편안하게 즐길 수 있는 라떼입니다.
61	1441	121	지금 와우 가입하면 배달비 0원 + 25,000원 쿠폰
61	1458	781	가입하기
61	1515	63	리뷰 (3)
61	1556	24	배달비 0원 적용 중
61	1589	36	1/2 디카페인 밀크카라멜 라떼
62	0	0	부드러운 리스트레토 샷과 완벽한 양의 스팀밀크를 더해, 카페 라떼보다 커피의 맛을 진하게 즐길 수 있는 에스프레소 음료
62	30	36	블론드 바닐라 라떼
62	66	155	스타벅스 역삼아레나빌딩점 내 메뉴를 찾아보세요
62	142	36	달콤한 바닐라의 향을 풍부하고 진한 블론드 에스프레소, 부드러운 우유와 함께 즐길 수 있는 라떼입니다.
62	151	114	블론드
62	151	240	디카페인 커피
62	151	438	티바나
62	151	564	피지오
62	151	690	프라푸치노
62	151	860	블렌디드
62	182	51	4 / 6
62	248	279	스타벅스 역삼아레나빌딩점
62	250	36	아이스 블론드 바닐라 라떼
62	298	412	4.9(675)
62	304	36	5,200원
62	362	36	달콤한 바닐라의 향을 풍부하고 진한 블론드 에스프레소, 부드러운 우유와 함께 즐길 수 있는 라떼입니다.
62	500	42	디카페인 커피
62	546	36	카페인 부담을 줄이면서 스타벅스 음료의 풍미를 즐길 수 있는 커피
62	620	36	디카페인 밀크카라멜 라떼
62	674	36	6,100원
62	732	36	부드럽고 달콤한 밀크카라멜의 은은한 풍미와 풍부한 질감을 느낄 수 있는 특별한 우유가 만나 언제나 편안하게 즐길 수 있는 라떼입니다.
62	840	36	아이스 디카페인 밀크카라멜 라떼
62	894	36	6,100원
62	952	36	부드럽고 달콤한 밀크카라멜의 은은한 풍미와 풍부한 질감을 느낄 수 있는 특별한 우유가 만나 언제나 편안하게 즐길 수 있는 라떼입니다.
62	1030	63	리뷰 (3)
62	1104	36	1/2 디카페인 밀크카라멜 라떼
62	1158	36	6,100원
62	1216	36	부드럽고 달콤한 밀크카라멜의 은은한 풍미와 풍부한 질감을 느낄 수 있는 특별한 우유가 만나 언제나 편안하게 즐길 수 있는 라떼입니다.
62	1324	36	아이스 1/2디카페인 밀크카라멜 라떼
62	1378	36	6,100원
62	1436	36	부드럽고 달콤한 밀크카라멜의 은은한 풍미와 풍부한 질감을 느낄 수 있는 특별한 우유가 만나 언제나 편안하게 즐길 수 있는 라떼입니다.
62	1441	121	지금 와우 가입하면 배달비 0원 + 25,000원 쿠폰
62	1458	781	가입하기
62	1544	36	디카페인 플랫 화이트
62	1556	24	배달비 0원 적용 중
62	1598	36	6,100원
63	0	0	깊고 진한 에스프레소 샷과 깔끔한 무지방 우유, 달콤한 돌체 시럽이 부드럽게 어우러진 스타벅스 돌체 라떼를 카페인 부담을 줄인 디카페인으로 즐겨보세요!
63	66	155	스타벅스 역삼아레나빌딩점 내 메뉴를 찾아보세요
63	127	36	디카페인 밀크카라멜 라떼
63	151	114	디카페인 커피
63	151	312	티바나
63	151	438	피지오
63	151	564	프라푸치노
63	151	734	블렌디드
63	155	882	To Go Bag
63	181	36	6,100원
63	182	51	5 / 6
63	239	36	부드럽고 달콤한 밀크카라멜의 은은한 풍미와 풍부한 질감을 느낄 수 있는 특별한 우유가 만나 언제나 편안하게 즐길 수 있는 라떼입니다.
63	248	279	스타벅스 역삼아레나빌딩점
63	298	412	4.9(675)
63	347	36	아이스 디카페인 밀크카라멜 라떼
63	401	36	6,100원
63	459	36	부드럽고 달콤한 밀크카라멜의 은은한 풍미와 풍부한 질감을 느낄 수 있는 특별한 우유가 만나 언제나 편안하게 즐길 수 있는 라떼입니다.
63	537	63	리뷰 (3)
63	611	36	1/2 디카페인 밀크카라멜 라떼
63	665	36	6,100원
63	723	36	부드럽고 달콤한 밀크카라멜의 은은한 풍미와 풍부한 질감을 느낄 수 있는 특별한 우유가 만나 언제나 편안하게 즐길 수 있는 라떼입니다.
63	831	36	아이스 1/2디카페인 밀크카라멜 라떼
63	885	36	6,100원
63	943	36	부드럽고 달콤한 밀크카라멜의 은은한 풍미와 풍부한 질감을 느낄 수 있는 특별한 우유가 만나 언제나 편안하게 즐길 수 있는 라떼입니다.
63	1051	36	디카페인 플랫 화이트
63	1105	36	6,100원
63	1163	36	부드러운 리스트레토 샷과 완벽한 양의 스팀밀크를 더해, 카페 라떼보다 커피의 맛을 진하게 즐길 수 있는 에스프레소 음료
63	1271	36	디카페인 아이스 플랫 화이트
63	1325	36	6,100원
63	1383	36	부드러운 리스트레토 샷과 완벽한 양의 스팀밀크를 더해, 카페 라떼보다 커피의 맛을 진하게 즐길 수 있는 에스프레소 음료
63	1441	121	지금 와우 가입하면 배달비 0원 + 25,000원 쿠폰
63	1458	781	가입하기
63	1491	36	디카페인 스타벅스 돌체 라떼
63	1545	36	6,400원
63	1556	24	배달비 0원 적용 중
64	0	0	리뷰 (1)
64	66	155	스타벅스 역삼아레나빌딩점 내 메뉴를 찾아보세요
64	115	36	1/2 디카페인 밀크카라멜 라떼
64	151	114	디카페인 커피
64	151	312	티바나
64	151	438	피지오
64	151	564	프라푸치노
64	151	734	블렌디드
64	155	882	To Go Bag
64	169	36	6,100원
64	182	51	6 / 6
64	227	36	부드럽고 달콤한 밀크카라멜의 은은한 풍미와 풍부한 질감을 느낄 수 있는 특별한 우유가 만나 언제나 편안하게 즐길 수 있는 라떼입니다.
64	248	279	스타벅스 역삼아레나빌딩점
64	298	412	4.9(675)
64	335	36	아이스 1/2디카페인 밀크카라멜 라떼
64	389	36	6,100원
64	447	36	부드럽고 달콤한 밀크카라멜의 은은한 풍미와 풍부한 질감을 느낄 수 있는 특별한 우유가 만나 언제나 편안하게 즐길 수 있는 라떼입니다.
64	555	36	디카페인 플랫 화이트
64	609	36	6,100원
64	667	36	부드러운 리스트레토 샷과 완벽한 양의 스팀밀크를 더해, 카페 라떼보다 커피의 맛을 진하게 즐길 수 있는 에스프레소 음료
64	775	36	디카페인 아이스 플랫 화이트
64	829	36	6,100원
64	887	36	부드러운 리스트레토 샷과 완벽한 양의 스팀밀크를 더해, 카페 라떼보다 커피의 맛을 진하게 즐길 수 있는 에스프레소 음료
64	995	36	디카페인 스타벅스 돌체 라떼
64	1049	36	6,400원
64	1107	36	깊고 진한 에스프레소 샷과 깔끔한 무지방 우유, 달콤한 돌체 시럽이 부드럽게 어우러진 스타벅스 돌체 라떼를 카페인 부담을 줄인 디카페인으로 즐겨보세요!
64	1215	36	아이스 디카페인 스타벅스 돌체 라떼
64	1269	36	6,400원
64	1327	36	깊고 진한 에스프레소 샷과 깔끔한 무지방 우유, 달콤한 돌체 시럽이 부드럽게 어우러진 아이스 스타벅스 돌체 라떼를 카페인 부담을 줄인 디카페인으로 즐겨보세요!
64	1435	36	디카페인 카라멜 마키아또
64	1441	121	지금 와우 가입하면 배달비 0원 + 25,000원 쿠폰
64	1458	781	가입하기
64	1489	36	6,400원
64	1547	36	바닐라 시럽과 우유, 그리고 진한 에스프레소 샷과 달콤한 카라멜 드리즐이 어우러진 디카페인 카라멜 마키아또를 즐겨보세요!
64	1556	24	배달비 0원 적용 중
65	0	0	리뷰 (1)
65	66	155	스타벅스 역삼아레나빌딩점 내 메뉴를 찾아보세요
65	71	36	디카페인 플랫 화이트
65	132	36	6,100원
65	151	114	디카페인 커피
65	151	312	티바나
65	151	438	피지오
65	151	564	프라푸치노
65	151	734	블렌디드
65	155	882	To Go Bag
65	182	51	1 / 6
65	183	36	부드러운 리스트레토 샷과 완벽한 양의 스팀밀크를 더해, 카페 라떼보다 커피의 맛을 진하게 즐길 수 있는 에스프레소 음료
65	248	279	스타벅스 역삼아레나빌딩점
65	291	36	디카페인 아이스 플랫 화이트
65	298	412	4.9(675)
65	345	36	6,100원
65	403	36	부드러운 리스트레토 샷과 완벽한 양의 스팀밀크를 더해, 카페 라떼보다 커피의 맛을 진하게 즐길 수 있는 에스프레소 음료
65	511	36	디카페인 스타벅스 돌체 라떼
65	565	36	6,400원
65	623	36	깊고 진한 에스프레소 샷과 깔끔한 무지방 우유, 달콤한 돌체 시럽이 부드럽게 어우러진 스타벅스 돌체 라떼를 카페인 부담을 줄인 디카페인으로 즐겨보세요!
65	731	36	아이스 디카페인 스타벅스 돌체 라떼
65	785	36	6,400원
65	843	36	깊고 진한 에스프레소 샷과 깔끔한 무지방 우유, 달콤한 돌체 시럽이 부드럽게 어우러진 아이스 스타벅스 돌체 라떼를 카페인 부담을 줄인 디카페인으로 즐겨보세요!
65	951	36	디카페인 카라멜 마키아또
65	1005	36	6,400원
65	1063	36	바닐라 시럽과 우유, 그리고 진한 에스프레소 샷과 달콤한 카라멜 드리즐이 어우러진 디카페인 카라멜 마키아또를 즐겨보세요!
65	1141	63	리뷰 (1)
65	1215	36	아이스 디카페인 카라멜 마키아또
65	1269	36	6,400원
65	1327	36	바닐라 시럽과 우유, 그리고 진한 에스프레소 샷과 달콤한 카라멜 드리즐이 어우러진 아이스 디카페인 카라멜 마키아또를 즐겨보세요!
65	1435	36	디카페인 카페 라떼
65	1441	121	지금 와우 가입하면 배달비 0원 + 25,000원 쿠폰
65	1458	781	가입하기
65	1489	36	5,500원
65	1547	36	깊고 진한 에스프레소 샷과 따뜻한 우유가 어우러진 부드러운 디카페인 카페 라떼를 즐겨보세요!
65	1556	24	배달비 0원 적용 중
66	0	0	리뷰 (2)
66	15	36	디카페인 스타벅스 돌체 라떼
66	66	155	스타벅스 역삼아레나빌딩점 내 메뉴를 찾아보세요
66	127	36	깊고 진한 에스프레소 샷과 깔끔한 무지방 우유, 달콤한 돌체 시럽이 부드럽게 어우러진 스타벅스 돌체 라떼를 카페인 부담을 줄인 디카페인으로 즐겨보세요!
66	151	114	디카페인 커피
66	151	312	티바나
66	151	438	피지오
66	151	564	프라푸치노
66	151	734	블렌디드
66	155	882	To Go Bag
66	182	51	2 / 6
66	235	36	아이스 디카페인 스타벅스 돌체 라떼
66	248	279	스타벅스 역삼아레나빌딩점
66	289	36	6,400원
66	298	412	4.9(675)
66	347	36	깊고 진한 에스프레소 샷과 깔끔한 무지방 우유, 달콤한 돌체 시럽이 부드럽게 어우러진 아이스 스타벅스 돌체 라떼를 카페인 부담을 줄인 디카페인으로 즐겨보세요!
66	455	36	디카페인 카라멜 마키아또
66	509	36	6,400원
66	567	36	바닐라 시럽과 우유, 그리고 진한 에스프레소 샷과 달콤한 카라멜 드리즐이 어우러진 디카페인 카라멜 마키아또를 즐겨보세요!
66	645	63	리뷰 (1)
66	719	36	아이스 디카페인 카라멜 마키아또
66	773	36	6,400원
66	831	36	바닐라 시럽과 우유, 그리고 진한 에스프레소 샷과 달콤한 카라멜 드리즐이 어우러진 아이스 디카페인 카라멜 마키아또를 즐겨보세요!
66	939	36	디카페인 카페 라떼
66	993	36	5,500원
66	1051	36	깊고 진한 에스프레소 샷과 따뜻한 우유가 어우러진 부드러운 디카페인 카페 라떼를 즐겨보세요!
66	1129	63	리뷰 (1)
66	1203	36	아이스 디카페인 카페 라떼
66	1257	36	5,500원
66	1315	36	깊고 진한 에스프레소 샷과 우유가 어우러진 부드러운 아이스 디카페인 카페 라떼를 즐겨보세요!
66	1393	63	리뷰 (1)
66	1441	121	지금 와우 가입하면 배달비 0원 + 25,000원 쿠폰
66	1458	781	가입하기
66	1467	36	디카페인 카페 아메리카노
66	1521	36	5,000원
66	1556	24	배달비 0원 적용 중
66	1579	36	스타벅스의 깊고 강렬한 에스프레소의 풍미를 디카페인 카페 아메리카노로 즐겨보세요!
67	0	0	디카페인 카라멜 마키아또
67	0	0	배달 주문 시에는 휘핑크림 없이 제공됩니다. 진한 초콜릿 모카 시럽과 디카페인 에스프레소를 스팀 밀크와 섞은 음료로 디카페인 에스프레소와 초콜릿 맛이 어우러진 커피
67	66	155	스타벅스 역삼아레나빌딩점 내 메뉴를 찾아보세요
67	73	36	바닐라 시럽과 우유, 그리고 진한 에스프레소 샷과 달콤한 카라멜 드리즐이 어우러진 디카페인 카라멜 마키아또를 즐겨보세요!
67	151	63	리뷰 (1)
67	151	114	디카페인 커피
67	151	312	티바나
67	151	438	피지오
67	151	564	프라푸치노
67	151	734	블렌디드
67	155	882	To Go Bag
67	182	51	3 / 6
67	225	36	아이스 디카페인 카라멜 마키아또
67	248	279	스타벅스 역삼아레나빌딩점
67	279	36	6,400원
67	298	412	4.9(675)
67	337	36	바닐라 시럽과 우유, 그리고 진한 에스프레소 샷과 달콤한 카라멜 드리즐이 어우러진 아이스 디카페인 카라멜 마키아또를 즐겨보세요!
67	445	36	디카페인 카페 라떼
67	499	36	5,500원
67	557	36	깊고 진한 에스프레소 샷과 따뜻한 우유가 어우러진 부드러운 디카페인 카페 라떼를 즐겨보세요!
67	635	63	리뷰 (1)
67	709	36	아이스 디카페인 카페 라떼
67	763	36	5,500원
67	821	36	깊고 진한 에스프레소 샷과 우유가 어우러진 부드러운 아이스 디카페인 카페 라떼를 즐겨보세요!
67	899	63	리뷰 (1)
67	973	36	디카페인 카페 아메리카노
67	1027	36	5,000원
67	1085	36	스타벅스의 깊고 강렬한 에스프레소의 풍미를 디카페인 카페 아메리카노로 즐겨보세요!
67	1163	63	리뷰 (2)
67	1238	45	주문많음
67	1264	36	아이스 디카페인 카페 아메리카노
67	1318	36	5,000원
67	1376	36	스타벅스의 깊고 강렬한 에스프레소의 풍미를 아이스 디카페인 카페 아메리카노로 즐겨보세요!
67	1441	121	지금 와우 가입하면 배달비 0원 + 25,000원 쿠폰
67	1454	63	리뷰 (5)
67	1458	781	가입하기
67	1528	36	디카페인 카페 모카
67	1556	24	배달비 0원 적용 중
67	1582	36	6,000원
68	0	0	디카페인 카페 라떼
68	65	36	깊고 진한 에스프레소 샷과 따뜻한 우유가 어우러진 부드러운 디카페인 카페 라떼를 즐겨보세요!
68	66	155	스타벅스 역삼아레나빌딩점 내 메뉴를 찾아보세요
68	143	63	리뷰 (1)
68	151	114	디카페인 커피
68	151	312	티바나
68	151	438	피지오
68	151	564	프라푸치노
68	151	734	블렌디드
68	155	882	To Go Bag
68	182	51	4 / 6
68	217	36	아이스 디카페인 카페 라떼
68	248	279	스타벅스 역삼아레나빌딩점
68	271	36	5,500원
68	298	412	4.9(675)
68	329	36	깊고 진한 에스프레소 샷과 우유가 어우러진 부드러운 아이스 디카페인 카페 라떼를 즐겨보세요!
68	407	63	리뷰 (1)
68	481	36	디카페인 카페 아메리카노
68	535	36	5,000원
68	593	36	스타벅스의 깊고 강렬한 에스프레소의 풍미를 디카페인 카페 아메리카노로 즐겨보세요!
68	671	63	리뷰 (2)
68	746	45	주문많음
68	772	36	아이스 디카페인 카페 아메리카노
68	826	36	5,000원
68	884	36	스타벅스의 깊고 강렬한 에스프레소의 풍미를 아이스 디카페인 카페 아메리카노로 즐겨보세요!
68	962	63	리뷰 (5)
68	1036	36	디카페인 카페 모카
68	1090	36	6,000원
68	1148	36	배달 주문 시에는 휘핑크림 없이 제공됩니다. 진한 초콜릿 모카 시럽과 디카페인 에스프레소를 스팀 밀크와 섞은 음료로 디카페인 에스프레소와 초콜릿 맛이 어우러진 커피
68	1256	36	아이스 디카페인 카페 모카
68	1310	36	6,000원
68	1368	36	진한 초콜릿 모카 시럽과 디카페인 에스프레소를 신선한 우유와 섞은 음료로 디카페인 에스프레소와 초콜릿 맛이 어우러진 커피
68	1441	121	지금 와우 가입하면 배달비 0원 + 25,000원 쿠폰
68	1458	781	가입하기
68	1476	36	디카페인 화이트 초콜릿 모카
68	1530	36	6,400원
68	1556	24	배달비 0원 적용 중
68	1588	36	배달 주문 시에는 휘핑크림 없이 제공됩니다. 달콤하고 부드러운 화이트 초콜릿 시럽과 디카페인 에스프레소를 스팀 밀크와 섞은 음료로 달콤함과 디카페인 에스프레소가 부드럽게 어우러진 커피
69	0	36	디카페인 카페 아메리카노
69	66	155	스타벅스 역삼아레나빌딩점 내 메뉴를 찾아보세요
69	101	36	스타벅스의 깊고 강렬한 에스프레소의 풍미를 디카페인 카페 아메리카노로 즐겨보세요!
69	151	114	디카페인 커피
69	151	312	티바나
69	151	438	피지오
69	151	564	프라푸치노
69	151	734	블렌디드
69	155	882	To Go Bag
69	179	63	리뷰 (2)
69	182	51	5 / 6
69	248	279	스타벅스 역삼아레나빌딩점
69	254	45	주문많음
69	280	36	아이스 디카페인 카페 아메리카노
69	298	412	4.9(675)
69	334	36	5,000원
69	392	36	스타벅스의 깊고 강렬한 에스프레소의 풍미를 아이스 디카페인 카페 아메리카노로 즐겨보세요!
69	470	63	리뷰 (5)
69	544	36	디카페인 카페 모카
69	598	36	6,000원
69	656	36	배달 주문 시에는 휘핑크림 없이 제공됩니다. 진한 초콜릿 모카 시럽과 디카페인 에스프레소를 스팀 밀크와 섞은 음료로 디카페인 에스프레소와 초콜릿 맛이 어우러진 커피
69	764	36	아이스 디카페인 카페 모카
69	818	36	6,000원
69	876	36	진한 초콜릿 모카 시럽과 디카페인 에스프레소를 신선한 우유와 섞은 음료로 디카페인 에스프레소와 초콜릿 맛이 어우러진 커피
69	984	36	디카페인 화이트 초콜릿 모카
69	1038	36	6,400원
69	1096	36	배달 주문 시에는 휘핑크림 없이 제공됩니다. 달콤하고 부드러운 화이트 초콜릿 시럽과 디카페인 에스프레소를 스팀 밀크와 섞은 음료로 달콤함과 디카페인 에스프레소가 부드럽게 어우러진 커피
69	1204	36	아이스 디카페인 화이트 초콜릿 모카
69	1258	36	6,400원
69	1316	36	달콤하고 부드러운 화이트 초콜릿 시럽과 디카페인 에스프레소를 신선한 우유 그리고 얼음과 섞은 음료로 달콤함과 디카페인 에스프레소가 부드럽게 어우러진 커피
69	1424	36	디카페인 커피 스타벅스 더블 샷
69	1441	121	지금 와우 가입하면 배달비 0원 + 25,000원 쿠폰
69	1458	781	가입하기
69	1478	36	5,600원
69	1536	36	신선하게 제조된 더블 샷 믹스에 클래식 시럽을 넣고 디카페인 에스프레소 샷, 얼음이 어우러져 핸드 쉐이킹한 음료배달 특성상 12oz 톨 사이즈 컵에 7oz 음료가 얼음 없이 절반정도 담겨서 제공됩니다.
69	1556	24	배달비 0원 적용 중
70	0	0	부드러운 리스트레토 샷과 완벽한 양의 스팀밀크를 더해, 카페 라떼보다 커피의 맛을 진하게 즐길 수 있는 에스프레소 음료
70	50	36	디카페인 카페 모카
70	66	155	스타벅스 역삼아레나빌딩점 내 메뉴를 찾아보세요
70	132	36	6,000원
70	151	114	디카페인 커피
70	151	312	티바나
70	151	438	피지오
70	151	564	프라푸치노
70	151	734	블렌디드
70	155	882	To Go Bag
70	162	36	배달 주문 시에는 휘핑크림 없이 제공됩니다. 진한 초콜릿 모카 시럽과 디카페인 에스프레소를 스팀 밀크와 섞은 음료로 디카페인 에스프레소와 초콜릿 맛이 어우러진 커피
70	182	51	6 / 6
70	248	279	스타벅스 역삼아레나빌딩점
70	270	36	아이스 디카페인 카페 모카
70	298	412	4.9(675)
70	324	36	6,000원
70	382	36	진한 초콜릿 모카 시럽과 디카페인 에스프레소를 신선한 우유와 섞은 음료로 디카페인 에스프레소와 초콜릿 맛이 어우러진 커피
70	490	36	디카페인 화이트 초콜릿 모카
70	544	36	6,400원
70	602	36	배달 주문 시에는 휘핑크림 없이 제공됩니다. 달콤하고 부드러운 화이트 초콜릿 시럽과 디카페인 에스프레소를 스팀 밀크와 섞은 음료로 달콤함과 디카페인 에스프레소가 부드럽게 어우러진 커피
70	710	36	아이스 디카페인 화이트 초콜릿 모카
70	764	36	6,400원
70	822	36	달콤하고 부드러운 화이트 초콜릿 시럽과 디카페인 에스프레소를 신선한 우유 그리고 얼음과 섞은 음료로 달콤함과 디카페인 에스프레소가 부드럽게 어우러진 커피
70	930	36	디카페인 커피 스타벅스 더블 샷
70	984	36	5,600원
70	1042	36	신선하게 제조된 더블 샷 믹스에 클래식 시럽을 넣고 디카페인 에스프레소 샷, 얼음이 어우러져 핸드 쉐이킹한 음료배달 특성상 12oz 톨 사이즈 컵에 7oz 음료가 얼음 없이 절반정도 담겨서 제공됩니다.
70	1150	36	디카페인 바닐라 스타벅스 더블 샷
70	1204	36	5,600원
70	1262	36	신선하게 제조된 더블 샷 믹스에 바닐라 시럽을 넣고 디카페인 에스프레소 샷, 얼음이 어우러져 핸드 쉐이킹한 음료배달 특성상 12oz 톨 사이즈 컵에 7oz 음료가 얼음 없이 절반정도 담겨서 제공됩니다.
70	1370	36	디카페인 헤이즐넛 스타벅스 더블 샷
70	1424	36	5,600원
70	1441	121	지금 와우 가입하면 배달비 0원 + 25,000원 쿠폰
70	1458	781	가입하기
70	1482	36	신선하게 제조된 더블 샷 믹스에 헤이즐넛 시럽을 넣고 디카페인 에스프레소 샷, 얼음이 어우러져 핸드 쉐이킹한 음료배달 특성상 12oz 톨 사이즈 컵에 7oz 음료가 얼음 없이 절반정도 담겨서 제공됩니다.
70	1556	24	배달비 0원 적용 중
70	1590	36	1/2 디카페인 플랫 화이트
71	0	0	깊고 진한 에스프레소 샷과 깔끔한 무지방 우유, 달콤한 돌체 시럽이 부드럽게 어우러진 1/2디카페인 스타벅스 돌체 라떼를 즐겨보세요!
71	0	36	디카페인 화이트 초콜릿 모카
71	66	155	스타벅스 역삼아레나빌딩점 내 메뉴를 찾아보세요
71	109	36	배달 주문 시에는 휘핑크림 없이 제공됩니다. 달콤하고 부드러운 화이트 초콜릿 시럽과 디카페인 에스프레소를 스팀 밀크와 섞은 음료로 달콤함과 디카페인 에스프레소가 부드럽게 어우러진 커피
71	151	114	디카페인 커피
71	151	312	티바나
71	151	438	피지오
71	151	564	프라푸치노
71	151	734	블렌디드
71	155	882	To Go Bag
71	182	51	1 / 6
71	217	36	아이스 디카페인 화이트 초콜릿 모카
71	248	279	스타벅스 역삼아레나빌딩점
71	271	36	6,400원
71	298	412	4.9(675)
71	329	36	달콤하고 부드러운 화이트 초콜릿 시럽과 디카페인 에스프레소를 신선한 우유 그리고 얼음과 섞은 음료로 달콤함과 디카페인 에스프레소가 부드럽게 어우러진 커피
71	437	36	디카페인 커피 스타벅스 더블 샷
71	491	36	5,600원
71	549	36	신선하게 제조된 더블 샷 믹스에 클래식 시럽을 넣고 디카페인 에스프레소 샷, 얼음이 어우러져 핸드 쉐이킹한 음료배달 특성상 12oz 톨 사이즈 컵에 7oz 음료가 얼음 없이 절반정도 담겨서 제공됩니다.
71	657	36	디카페인 바닐라 스타벅스 더블 샷
71	711	36	5,600원
71	769	36	신선하게 제조된 더블 샷 믹스에 바닐라 시럽을 넣고 디카페인 에스프레소 샷, 얼음이 어우러져 핸드 쉐이킹한 음료배달 특성상 12oz 톨 사이즈 컵에 7oz 음료가 얼음 없이 절반정도 담겨서 제공됩니다.
71	877	36	디카페인 헤이즐넛 스타벅스 더블 샷
71	931	36	5,600원
71	989	36	신선하게 제조된 더블 샷 믹스에 헤이즐넛 시럽을 넣고 디카페인 에스프레소 샷, 얼음이 어우러져 핸드 쉐이킹한 음료배달 특성상 12oz 톨 사이즈 컵에 7oz 음료가 얼음 없이 절반정도 담겨서 제공됩니다.
71	1097	36	1/2 디카페인 플랫 화이트
71	1151	36	6,100원
71	1209	36	부드러운 리스트레토 샷과 완벽한 양의 스팀밀크를 더해, 카페 라떼보다 커피의 맛을 진하게 즐길 수 있는 에스프레소 음료
71	1317	36	1/2 디카페인 아이스 플랫 화이트
71	1371	36	6,100원
71	1429	36	필요할 때, 필요한 만큼 카페인을 조절한 아이스 1/2디카페인 플랫 화이트를 즐겨보세요.
71	1441	121	지금 와우 가입하면 배달비 0원 + 25,000원 쿠폰
71	1458	781	가입하기
71	1507	63	리뷰 (1)
71	1556	24	배달비 0원 적용 중
71	1581	36	1/2디카페인 스타벅스 돌체 라떼
72	0	0	디카페인 커피 스타벅스 더블 샷
72	0	0	필요할 때, 필요한 만큼 카페인을 조절하여 스타벅스 1/2디카페인 카라멜 마키아또를 즐겨보세요!
72	64	36	신선하게 제조된 더블 샷 믹스에 클래식 시럽을 넣고 디카페인 에스프레소 샷, 얼음이 어우러져 핸드 쉐이킹한 음료배달 특성상 12oz 톨 사이즈 컵에 7oz 음료가 얼음 없이 절반정도 담겨서 제공됩니다.
72	66	155	스타벅스 역삼아레나빌딩점 내 메뉴를 찾아보세요
72	151	114	디카페인 커피
72	151	312	티바나
72	151	438	피지오
72	151	564	프라푸치노
72	151	734	블렌디드
72	155	882	To Go Bag
72	172	36	디카페인 바닐라 스타벅스 더블 샷
72	182	51	2 / 6
72	226	36	5,600원
72	248	279	스타벅스 역삼아레나빌딩점
72	284	36	신선하게 제조된 더블 샷 믹스에 바닐라 시럽을 넣고 디카페인 에스프레소 샷, 얼음이 어우러져 핸드 쉐이킹한 음료배달 특성상 12oz 톨 사이즈 컵에 7oz 음료가 얼음 없이 절반정도 담겨서 제공됩니다.
72	298	412	4.9(675)
72	392	36	디카페인 헤이즐넛 스타벅스 더블 샷
72	446	36	5,600원
72	504	36	신선하게 제조된 더블 샷 믹스에 헤이즐넛 시럽을 넣고 디카페인 에스프레소 샷, 얼음이 어우러져 핸드 쉐이킹한 음료배달 특성상 12oz 톨 사이즈 컵에 7oz 음료가 얼음 없이 절반정도 담겨서 제공됩니다.
72	612	36	1/2 디카페인 플랫 화이트
72	666	36	6,100원
72	724	36	부드러운 리스트레토 샷과 완벽한 양의 스팀밀크를 더해, 카페 라떼보다 커피의 맛을 진하게 즐길 수 있는 에스프레소 음료
72	832	36	1/2 디카페인 아이스 플랫 화이트
72	886	36	6,100원
72	944	36	필요할 때, 필요한 만큼 카페인을 조절한 아이스 1/2디카페인 플랫 화이트를 즐겨보세요.
72	1022	63	리뷰 (1)
72	1096	36	1/2디카페인 스타벅스 돌체 라떼
72	1150	36	6,400원
72	1208	36	깊고 진한 에스프레소 샷과 깔끔한 무지방 우유, 달콤한 돌체 시럽이 부드럽게 어우러진 1/2디카페인 스타벅스 돌체 라떼를 즐겨보세요!
72	1316	36	아이스 1/2디카페인 스타벅스 돌체 라떼
72	1370	36	6,400원
72	1428	36	깊고 진한 에스프레소 샷과 깔끔한 무지방 우유, 달콤한 돌체 시럽이 부드럽게 어우러진 아이스 1/2디카페인 스타벅스 돌체 라떼를 즐겨보세요!
72	1441	121	지금 와우 가입하면 배달비 0원 + 25,000원 쿠폰
72	1458	781	가입하기
72	1536	36	1/2디카페인 카라멜 마키아또
72	1556	24	배달비 0원 적용 중
72	1590	36	6,400원
73	0	0	필요할 때, 필요한 만큼 카페인을 조절한 1/2디카페인 카페 라떼를 즐겨보세요.
73	66	155	스타벅스 역삼아레나빌딩점 내 메뉴를 찾아보세요
73	128	36	1/2 디카페인 플랫 화이트
73	151	114	디카페인 커피
73	151	312	티바나
73	151	438	피지오
73	151	564	프라푸치노
73	151	734	블렌디드
73	155	882	To Go Bag
73	182	36	6,100원
73	182	51	3 / 6
73	240	36	부드러운 리스트레토 샷과 완벽한 양의 스팀밀크를 더해, 카페 라떼보다 커피의 맛을 진하게 즐길 수 있는 에스프레소 음료
73	248	279	스타벅스 역삼아레나빌딩점
73	298	412	4.9(675)
73	348	36	1/2 디카페인 아이스 플랫 화이트
73	402	36	6,100원
73	460	36	필요할 때, 필요한 만큼 카페인을 조절한 아이스 1/2디카페인 플랫 화이트를 즐겨보세요.
73	538	63	리뷰 (1)
73	612	36	1/2디카페인 스타벅스 돌체 라떼
73	666	36	6,400원
73	724	36	깊고 진한 에스프레소 샷과 깔끔한 무지방 우유, 달콤한 돌체 시럽이 부드럽게 어우러진 1/2디카페인 스타벅스 돌체 라떼를 즐겨보세요!
73	832	36	아이스 1/2디카페인 스타벅스 돌체 라떼
73	886	36	6,400원
73	944	36	깊고 진한 에스프레소 샷과 깔끔한 무지방 우유, 달콤한 돌체 시럽이 부드럽게 어우러진 아이스 1/2디카페인 스타벅스 돌체 라떼를 즐겨보세요!
73	1052	36	1/2디카페인 카라멜 마키아또
73	1106	36	6,400원
73	1164	36	필요할 때, 필요한 만큼 카페인을 조절하여 스타벅스 1/2디카페인 카라멜 마키아또를 즐겨보세요!
73	1272	36	아이스 1/2디카페인 카라멜 마키아또
73	1326	36	6,400원
73	1384	36	필요할 때, 필요한 만큼 카페인을 조절하여 스타벅스 아이스 1/2디카페인 카라멜 마키아또를 즐겨보세요!
73	1441	121	지금 와우 가입하면 배달비 0원 + 25,000원 쿠폰
73	1458	781	가입하기
73	1492	36	1/2디카페인 카페 라떼
73	1546	36	5,500원
73	1556	24	배달비 0원 적용 중
74	66	155	스타벅스 역삼아레나빌딩점 내 메뉴를 찾아보세요
74	125	36	1/2디카페인 스타벅스 돌체 라떼
74	151	114	디카페인 커피
74	151	312	티바나
74	151	438	피지오
74	151	564	프라푸치노
74	151	734	블렌디드
74	155	882	To Go Bag
74	179	36	6,400원
74	182	51	4 / 6
74	237	36	깊고 진한 에스프레소 샷과 깔끔한 무지방 우유, 달콤한 돌체 시럽이 부드럽게 어우러진 1/2디카페인 스타벅스 돌체 라떼를 즐겨보세요!
74	248	279	스타벅스 역삼아레나빌딩점
74	298	412	4.9(675)
74	345	36	아이스 1/2디카페인 스타벅스 돌체 라떼
74	399	36	6,400원
74	457	36	깊고 진한 에스프레소 샷과 깔끔한 무지방 우유, 달콤한 돌체 시럽이 부드럽게 어우러진 아이스 1/2디카페인 스타벅스 돌체 라떼를 즐겨보세요!
74	565	36	1/2디카페인 카라멜 마키아또
74	619	36	6,400원
74	677	36	필요할 때, 필요한 만큼 카페인을 조절하여 스타벅스 1/2디카페인 카라멜 마키아또를 즐겨보세요!
74	785	36	아이스 1/2디카페인 카라멜 마키아또
74	839	36	6,400원
74	897	36	필요할 때, 필요한 만큼 카페인을 조절하여 스타벅스 아이스 1/2디카페인 카라멜 마키아또를 즐겨보세요!
74	1005	36	1/2디카페인 카페 라떼
74	1059	36	5,500원
74	1117	36	필요할 때, 필요한 만큼 카페인을 조절한 1/2디카페인 카페 라떼를 즐겨보세요.
74	1225	36	아이스 1/2디카페인 카페 라떼
74	1279	36	5,500원
74	1337	36	필요할 때, 필요한 만큼 카페인을 조절한 아이스 1/2디카페인 카페 라떼를 즐겨보세요.
74	1441	121	지금 와우 가입하면 배달비 0원 + 25,000원 쿠폰
74	1445	36	1/2디카페인 카페 아메리카노
74	1458	781	가입하기
74	1499	36	5,000원
74	1556	24	배달비 0원 적용 중
74	1557	36	필요할 때, 필요한 만큼 카페인을 조절하여 스타벅스 1/2디카페인 카페 아메리카노를 즐겨보세요.
75	0	0	아이스 1/2디카페인 카페 모카
75	0	0	진한 초콜릿 모카 시럽과 1/2 디카페인 에스프레소를 신선한 우유와 섞은 음료로 1/2 디카페인 에스프레소와 초콜릿 맛이 어우러진 커피
75	66	155	스타벅스 역삼아레나빌딩점 내 메뉴를 찾아보세요
75	70	36	1/2디카페인 카라멜 마키아또
75	132	36	6,400원
75	151	114	디카페인 커피
75	151	312	티바나
75	151	438	피지오
75	151	564	프라푸치노
75	151	734	블렌디드
75	155	882	To Go Bag
75	182	36	필요할 때, 필요한 만큼 카페인을 조절하여 스타벅스 1/2디카페인 카라멜 마키아또를 즐겨보세요!
75	182	51	5 / 6
75	248	279	스타벅스 역삼아레나빌딩점
75	290	36	아이스 1/2디카페인 카라멜 마키아또
75	298	412	4.9(675)
75	344	36	6,400원
75	402	36	필요할 때, 필요한 만큼 카페인을 조절하여 스타벅스 아이스 1/2디카페인 카라멜 마키아또를 즐겨보세요!
75	510	36	1/2디카페인 카페 라떼
75	564	36	5,500원
75	622	36	필요할 때, 필요한 만큼 카페인을 조절한 1/2디카페인 카페 라떼를 즐겨보세요.
75	730	36	아이스 1/2디카페인 카페 라떼
75	784	36	5,500원
75	842	36	필요할 때, 필요한 만큼 카페인을 조절한 아이스 1/2디카페인 카페 라떼를 즐겨보세요.
75	950	36	1/2디카페인 카페 아메리카노
75	1004	36	5,000원
75	1062	36	필요할 때, 필요한 만큼 카페인을 조절하여 스타벅스 1/2디카페인 카페 아메리카노를 즐겨보세요.
75	1170	36	아이스 1/2디카페인 카페 아메리카노
75	1224	36	5,000원
75	1282	36	필요할 때, 필요한 만큼 카페인을 조절하여 스타벅스 아이스 1/2디카페인 카페 아메리카노를 즐겨보세요.
75	1390	36	1/2디카페인 카페 모카
75	1441	121	지금 와우 가입하면 배달비 0원 + 25,000원 쿠폰
75	1444	36	6,000원
75	1458	781	가입하기
75	1502	36	배달 주문 시에는 휘핑크림 없이 제공됩니다. 진한 초콜릿 모카 시럽과 1/2 디카페인 에스프레소를 스팀 밀크와 섞은 음료로 1/2 디카페인 에스프레소와 초콜릿 맛이 어우러진 커피
75	1556	24	배달비 0원 적용 중
76	0	0	달콤하고 부드러운 화이트 초콜릿 시럽과 1/2 디카페인을 신선한 우유 그리고 얼음과 섞은 음료로 달콤함과 디카페인 에스프레소가 부드럽게 어우러진 커피
76	16	36	1/2디카페인 카페 라떼
76	66	155	스타벅스 역삼아레나빌딩점 내 메뉴를 찾아보세요
76	128	36	필요할 때, 필요한 만큼 카페인을 조절한 1/2디카페인 카페 라떼를 즐겨보세요.
76	151	114	디카페인 커피
76	151	312	티바나
76	151	438	피지오
76	151	564	프라푸치노
76	151	734	블렌디드
76	155	882	To Go Bag
76	182	51	6 / 6
76	236	36	아이스 1/2디카페인 카페 라떼
76	248	279	스타벅스 역삼아레나빌딩점
76	290	36	5,500원
76	298	412	4.9(675)
76	348	36	필요할 때, 필요한 만큼 카페인을 조절한 아이스 1/2디카페인 카페 라떼를 즐겨보세요.
76	456	36	1/2디카페인 카페 아메리카노
76	510	36	5,000원
76	568	36	필요할 때, 필요한 만큼 카페인을 조절하여 스타벅스 1/2디카페인 카페 아메리카노를 즐겨보세요.
76	676	36	아이스 1/2디카페인 카페 아메리카노
76	730	36	5,000원
76	788	36	필요할 때, 필요한 만큼 카페인을 조절하여 스타벅스 아이스 1/2디카페인 카페 아메리카노를 즐겨보세요.
76	896	36	1/2디카페인 카페 모카
76	950	36	6,000원
76	1008	36	배달 주문 시에는 휘핑크림 없이 제공됩니다. 진한 초콜릿 모카 시럽과 1/2 디카페인 에스프레소를 스팀 밀크와 섞은 음료로 1/2 디카페인 에스프레소와 초콜릿 맛이 어우러진 커피
76	1116	36	아이스 1/2디카페인 카페 모카
76	1170	36	6,000원
76	1228	36	진한 초콜릿 모카 시럽과 1/2 디카페인 에스프레소를 신선한 우유와 섞은 음료로 1/2 디카페인 에스프레소와 초콜릿 맛이 어우러진 커피
76	1336	36	1/2디카페인 화이트 초콜릿 모카
76	1390	36	6,400원
76	1441	121	지금 와우 가입하면 배달비 0원 + 25,000원 쿠폰
76	1448	36	배달 주문 시에는 휘핑크림 없이 제공됩니다. 달콤하고 부드러운 화이트 초콜릿 시럽과 1/2 디카페인을 스팀 밀크와 섞은 음료로 달콤함과 디카페인 에스프레소가 부드럽게 어우러진 커피
76	1458	781	가입하기
76	1556	24	배달비 0원 적용 중
76	1556	36	아이스 1/2디카페인 화이트 초콜릿 모카
77	0	0	신선하게 제조된 더블 샷 믹스에 바닐라 시럽을 넣고 1/2 디카페인 에스프레소 샷, 얼음이 어우러져 핸드 쉐이킹한 음료배달 특성상 12oz 톨 사이즈 컵에 7oz 음료가 얼음 없이 절반정도 담겨서 제공됩니다.
77	0	36	1/2디카페인 카페 아메리카노
77	66	155	스타벅스 역삼아레나빌딩점 내 메뉴를 찾아보세요
77	74	36	필요할 때, 필요한 만큼 카페인을 조절하여 스타벅스 1/2디카페인 카페 아메리카노를 즐겨보세요.
77	151	114	디카페인 커피
77	151	312	티바나
77	151	438	피지오
77	151	564	프라푸치노
77	151	734	블렌디드
77	155	882	To Go Bag
77	182	36	아이스 1/2디카페인 카페 아메리카노
77	182	51	1 / 6
77	236	36	5,000원
77	248	279	스타벅스 역삼아레나빌딩점
77	294	36	필요할 때, 필요한 만큼 카페인을 조절하여 스타벅스 아이스 1/2디카페인 카페 아메리카노를 즐겨보세요.
77	298	412	4.9(675)
77	402	36	1/2디카페인 카페 모카
77	456	36	6,000원
77	514	36	배달 주문 시에는 휘핑크림 없이 제공됩니다. 진한 초콜릿 모카 시럽과 1/2 디카페인 에스프레소를 스팀 밀크와 섞은 음료로 1/2 디카페인 에스프레소와 초콜릿 맛이 어우러진 커피
77	622	36	아이스 1/2디카페인 카페 모카
77	676	36	6,000원
77	734	36	진한 초콜릿 모카 시럽과 1/2 디카페인 에스프레소를 신선한 우유와 섞은 음료로 1/2 디카페인 에스프레소와 초콜릿 맛이 어우러진 커피
77	842	36	1/2디카페인 화이트 초콜릿 모카
77	896	36	6,400원
77	954	36	배달 주문 시에는 휘핑크림 없이 제공됩니다. 달콤하고 부드러운 화이트 초콜릿 시럽과 1/2 디카페인을 스팀 밀크와 섞은 음료로 달콤함과 디카페인 에스프레소가 부드럽게 어우러진 커피
77	1062	36	아이스 1/2디카페인 화이트 초콜릿 모카
77	1116	36	6,400원
77	1174	36	달콤하고 부드러운 화이트 초콜릿 시럽과 1/2 디카페인을 신선한 우유 그리고 얼음과 섞은 음료로 달콤함과 디카페인 에스프레소가 부드럽게 어우러진 커피
77	1282	36	1/2디카페인 커피 스타벅스 더블 샷
77	1336	36	5,600원
77	1394	36	신선하게 제조된 더블 샷 믹스에 클래식 시럽을 넣고 1/2 디카페인 에스프레소 샷, 얼음이 어우러져 핸드 쉐이킹한 음료배달 특성상 12oz 톨 사이즈 컵에 7oz 음료가 얼음 없이 절반정도 담겨서 제공됩니다.
77	1441	121	지금 와우 가입하면 배달비 0원 + 25,000원 쿠폰
77	1458	781	가입하기
77	1502	36	1/2디카페인 바닐라 스타벅스 더블 샷
77	1556	24	배달비 0원 적용 중
77	1556	36	5,600원
78	66	155	스타벅스 역삼아레나빌딩점 내 메뉴를 찾아보세요
78	129	36	아이스 1/2디카페인 카페 모카
78	151	114	디카페인 커피
78	151	312	티바나
78	151	438	피지오
78	151	564	프라푸치노
78	151	734	블렌디드
78	155	882	To Go Bag
78	182	51	2 / 6
78	183	36	6,000원
78	241	36	진한 초콜릿 모카 시럽과 1/2 디카페인 에스프레소를 신선한 우유와 섞은 음료로 1/2 디카페인 에스프레소와 초콜릿 맛이 어우러진 커피
78	248	279	스타벅스 역삼아레나빌딩점
78	298	412	4.9(675)
78	349	36	1/2디카페인 화이트 초콜릿 모카
78	403	36	6,400원
78	461	36	배달 주문 시에는 휘핑크림 없이 제공됩니다. 달콤하고 부드러운 화이트 초콜릿 시럽과 1/2 디카페인을 스팀 밀크와 섞은 음료로 달콤함과 디카페인 에스프레소가 부드럽게 어우러진 커피
78	569	36	아이스 1/2디카페인 화이트 초콜릿 모카
78	623	36	6,400원
78	681	36	달콤하고 부드러운 화이트 초콜릿 시럽과 1/2 디카페인을 신선한 우유 그리고 얼음과 섞은 음료로 달콤함과 디카페인 에스프레소가 부드럽게 어우러진 커피
78	789	36	1/2디카페인 커피 스타벅스 더블 샷
78	843	36	5,600원
78	901	36	신선하게 제조된 더블 샷 믹스에 클래식 시럽을 넣고 1/2 디카페인 에스프레소 샷, 얼음이 어우러져 핸드 쉐이킹한 음료배달 특성상 12oz 톨 사이즈 컵에 7oz 음료가 얼음 없이 절반정도 담겨서 제공됩니다.
78	1009	36	1/2디카페인 바닐라 스타벅스 더블 샷
78	1063	36	5,600원
78	1121	36	신선하게 제조된 더블 샷 믹스에 바닐라 시럽을 넣고 1/2 디카페인 에스프레소 샷, 얼음이 어우러져 핸드 쉐이킹한 음료배달 특성상 12oz 톨 사이즈 컵에 7oz 음료가 얼음 없이 절반정도 담겨서 제공됩니다.
78	1229	36	1/2디카페인 헤이즐넛 스타벅스 더블 샷
78	1283	36	5,600원
78	1341	36	신선하게 제조된 더블 샷 믹스에 헤이즐넛 시럽을 넣고 1/2 디카페인 에스프레소 샷, 얼음이 어우러져 핸드 쉐이킹한 음료배달 특성상 12oz 톨 사이즈 컵에 7oz 음료가 얼음 없이 절반정도 담겨서 제공됩니다.
78	1441	121	지금 와우 가입하면 배달비 0원 + 25,000원 쿠폰
78	1449	36	디카페인 바닐라 라떼
78	1458	781	가입하기
78	1503	36	5,500원
78	1556	24	배달비 0원 적용 중
78	1561	36	달콤한 바닐라의 향을 풍부하고 진한 디카페인 에스프레소, 부드러운 우유와 함께 즐길 수 있는 라떼입니다.
79	66	155	스타벅스 역삼아레나빌딩점 내 메뉴를 찾아보세요
79	85	36	아이스 1/2디카페인 화이트 초콜릿 모카
79	139	36	6,400원
79	151	114	디카페인 커피
79	151	312	티바나
79	151	438	피지오
79	151	564	프라푸치노
79	151	734	블렌디드
79	155	882	To Go Bag
79	182	51	3 / 6
79	197	36	달콤하고 부드러운 화이트 초콜릿 시럽과 1/2 디카페인을 신선한 우유 그리고 얼음과 섞은 음료로 달콤함과 디카페인 에스프레소가 부드럽게 어우러진 커피
79	248	279	스타벅스 역삼아레나빌딩점
79	298	412	4.9(675)
79	305	36	1/2디카페인 커피 스타벅스 더블 샷
79	359	36	5,600원
79	417	36	신선하게 제조된 더블 샷 믹스에 클래식 시럽을 넣고 1/2 디카페인 에스프레소 샷, 얼음이 어우러져 핸드 쉐이킹한 음료배달 특성상 12oz 톨 사이즈 컵에 7oz 음료가 얼음 없이 절반정도 담겨서 제공됩니다.
79	525	36	1/2디카페인 바닐라 스타벅스 더블 샷
79	579	36	5,600원
79	637	36	신선하게 제조된 더블 샷 믹스에 바닐라 시럽을 넣고 1/2 디카페인 에스프레소 샷, 얼음이 어우러져 핸드 쉐이킹한 음료배달 특성상 12oz 톨 사이즈 컵에 7oz 음료가 얼음 없이 절반정도 담겨서 제공됩니다.
79	745	36	1/2디카페인 헤이즐넛 스타벅스 더블 샷
79	799	36	5,600원
79	857	36	신선하게 제조된 더블 샷 믹스에 헤이즐넛 시럽을 넣고 1/2 디카페인 에스프레소 샷, 얼음이 어우러져 핸드 쉐이킹한 음료배달 특성상 12oz 톨 사이즈 컵에 7oz 음료가 얼음 없이 절반정도 담겨서 제공됩니다.
79	965	36	디카페인 바닐라 라떼
79	1019	36	5,500원
79	1077	36	달콤한 바닐라의 향을 풍부하고 진한 디카페인 에스프레소, 부드러운 우유와 함께 즐길 수 있는 라떼입니다.
79	1185	36	아이스 디카페인 바닐라 라떼
79	1239	36	5,500원
79	1297	36	달콤한 바닐라의 향을 풍부하고 진한 디카페인 에스프레소, 부드러운 우유와 함께 즐길 수 있는 라떼입니다.
79	1405	36	1/2디카페인 바닐라 라떼
79	1441	121	지금 와우 가입하면 배달비 0원 + 25,000원 쿠폰
79	1458	781	가입하기
79	1459	36	5,500원
79	1517	36	달콤한 바닐라의 향을 풍부하고 진한 1/2디카페인 에스프레소, 부드러운 우유와 함께 즐길 수 있는 라떼입니다.
79	1556	24	배달비 0원 적용 중
80	0	0	차광재배한 어린 녹찻잎을 곱게 갈아 깊고 진한 말차 본연의 맛과 향을부드럽게 즐길 수 있는 제주 유기농 말차로 만든 라떼
80	42	36	1/2디카페인 바닐라 스타벅스 더블 샷
80	66	155	스타벅스 역삼아레나빌딩점 내 메뉴를 찾아보세요
80	132	36	5,600원
80	151	114	디카페인 커피
80	151	312	티바나
80	151	438	피지오
80	151	564	프라푸치노
80	151	734	블렌디드
80	154	36	신선하게 제조된 더블 샷 믹스에 바닐라 시럽을 넣고 1/2 디카페인 에스프레소 샷, 얼음이 어우러져 핸드 쉐이킹한 음료배달 특성상 12oz 톨 사이즈 컵에 7oz 음료가 얼음 없이 절반정도 담겨서 제공됩니다.
80	155	882	To Go Bag
80	182	51	4 / 6
80	248	279	스타벅스 역삼아레나빌딩점
80	262	36	1/2디카페인 헤이즐넛 스타벅스 더블 샷
80	298	412	4.9(675)
80	316	36	5,600원
80	374	36	신선하게 제조된 더블 샷 믹스에 헤이즐넛 시럽을 넣고 1/2 디카페인 에스프레소 샷, 얼음이 어우러져 핸드 쉐이킹한 음료배달 특성상 12oz 톨 사이즈 컵에 7oz 음료가 얼음 없이 절반정도 담겨서 제공됩니다.
80	482	36	디카페인 바닐라 라떼
80	536	36	5,500원
80	594	36	달콤한 바닐라의 향을 풍부하고 진한 디카페인 에스프레소, 부드러운 우유와 함께 즐길 수 있는 라떼입니다.
80	702	36	아이스 디카페인 바닐라 라떼
80	756	36	5,500원
80	814	36	달콤한 바닐라의 향을 풍부하고 진한 디카페인 에스프레소, 부드러운 우유와 함께 즐길 수 있는 라떼입니다.
80	922	36	1/2디카페인 바닐라 라떼
80	976	36	5,500원
80	1034	36	달콤한 바닐라의 향을 풍부하고 진한 1/2디카페인 에스프레소, 부드러운 우유와 함께 즐길 수 있는 라떼입니다.
80	1142	36	아이스 1/2디카페인 바닐라 라떼
80	1196	36	5,500원
80	1254	36	달콤한 바닐라의 향을 풍부하고 진한 1/2디카페인 에스프레소, 부드러운 우유와 함께 즐길 수 있는 라떼입니다.
80	1392	42	티바나
80	1438	36	최고 품질의 찻잎과 허브를 추출하여 누구나 즐길 수 있는 새로운 스타일의 프리미엄 티 브랜드
80	1441	121	지금 와우 가입하면 배달비 0원 + 25,000원 쿠폰
80	1458	781	가입하기
80	1512	36	제주 말차 라떼
80	1556	24	배달비 0원 적용 중
80	1566	36	6,100원
81	0	36	디카페인 바닐라 라떼
81	66	155	스타벅스 역삼아레나빌딩점 내 메뉴를 찾아보세요
81	101	36	달콤한 바닐라의 향을 풍부하고 진한 디카페인 에스프레소, 부드러운 우유와 함께 즐길 수 있는 라떼입니다.
81	151	114	디카페인 커피
81	151	312	티바나
81	151	438	피지오
81	151	564	프라푸치노
81	151	734	블렌디드
81	155	882	To Go Bag
81	182	51	5 / 6
81	209	36	아이스 디카페인 바닐라 라떼
81	248	279	스타벅스 역삼아레나빌딩점
81	263	36	5,500원
81	298	412	4.9(675)
81	321	36	달콤한 바닐라의 향을 풍부하고 진한 디카페인 에스프레소, 부드러운 우유와 함께 즐길 수 있는 라떼입니다.
81	429	36	1/2디카페인 바닐라 라떼
81	483	36	5,500원
81	541	36	달콤한 바닐라의 향을 풍부하고 진한 1/2디카페인 에스프레소, 부드러운 우유와 함께 즐길 수 있는 라떼입니다.
81	649	36	아이스 1/2디카페인 바닐라 라떼
81	703	36	5,500원
81	761	36	달콤한 바닐라의 향을 풍부하고 진한 1/2디카페인 에스프레소, 부드러운 우유와 함께 즐길 수 있는 라떼입니다.
81	899	42	티바나
81	945	36	최고 품질의 찻잎과 허브를 추출하여 누구나 즐길 수 있는 새로운 스타일의 프리미엄 티 브랜드
81	1019	36	제주 말차 라떼
81	1073	36	6,100원
81	1131	36	차광재배한 어린 녹찻잎을 곱게 갈아 깊고 진한 말차 본연의 맛과 향을부드럽게 즐길 수 있는 제주 유기농 말차로 만든 라떼
81	1239	36	아이스 제주 말차 라떼
81	1293	36	6,100원
81	1351	36	차광재배한 어린 녹찻잎을 곱게 갈아 깊고 진한 말차 본연의 맛과 향을부드럽게 즐길 수 있는 제주 유기농 말차로 만든 라떼
81	1441	121	지금 와우 가입하면 배달비 0원 + 25,000원 쿠폰
81	1458	781	가입하기
81	1459	36	스타벅스 클래식 밀크 티 보틀
81	1513	36	13,400원
81	1556	24	배달비 0원 적용 중
81	1571	36	진하게 우려낸 블랙 티의 깊은 풍미와 우유의 조화로움을 담아낸 클래식 밀크 티를 전용 보틀과 함께, 언제 어디서나, 편하게 즐겨보세요.(전용 보틀 / 500ml)*주문 완료 후에는 변경/취소할 수 없습니다.*변심 또는 제조 공정상 발생 가능한 잔기스 등은 반품/교환 대상에 해당되지 않습니다. *해당 보틀은 밀폐용기가 아니며,직사광선을 피해 냉장보관하시고, 구입 후 즉시 섭취하세요.*보틀 용기는 차가운 음료 전용(뜨거운 음료를 담을 경우 변형, 화상위험이 있습니다.)*식기 세척기 사용 금지*고카페인 함유 : 해당 제품은 고카페인 음료입니다. 어린이, 임산부, 카페인 민감자는 섭취에 주의해주시기 바랍니다.
82	0	0	1/2디카페인 바닐라 라떼
82	54	36	달콤한 바닐라의 향을 풍부하고 진한 1/2디카페인 에스프레소, 부드러운 우유와 함께 즐길 수 있는 라떼입니다.
82	66	155	스타벅스 역삼아레나빌딩점 내 메뉴를 찾아보세요
82	151	114	디카페인 커피
82	151	312	티바나
82	151	438	피지오
82	151	564	프라푸치노
82	151	734	블렌디드
82	155	882	To Go Bag
82	162	36	아이스 1/2디카페인 바닐라 라떼
82	182	51	6 / 6
82	216	36	5,500원
82	248	279	스타벅스 역삼아레나빌딩점
82	274	36	달콤한 바닐라의 향을 풍부하고 진한 1/2디카페인 에스프레소, 부드러운 우유와 함께 즐길 수 있는 라떼입니다.
82	298	412	4.9(675)
82	412	42	티바나
82	458	36	최고 품질의 찻잎과 허브를 추출하여 누구나 즐길 수 있는 새로운 스타일의 프리미엄 티 브랜드
82	532	36	제주 말차 라떼
82	586	36	6,100원
82	644	36	차광재배한 어린 녹찻잎을 곱게 갈아 깊고 진한 말차 본연의 맛과 향을부드럽게 즐길 수 있는 제주 유기농 말차로 만든 라떼
82	752	36	아이스 제주 말차 라떼
82	806	36	6,100원
82	864	36	차광재배한 어린 녹찻잎을 곱게 갈아 깊고 진한 말차 본연의 맛과 향을부드럽게 즐길 수 있는 제주 유기농 말차로 만든 라떼
82	972	36	스타벅스 클래식 밀크 티 보틀
82	1026	36	13,400원
82	1084	36	진하게 우려낸 블랙 티의 깊은 풍미와 우유의 조화로움을 담아낸 클래식 밀크 티를 전용 보틀과 함께, 언제 어디서나, 편하게 즐겨보세요.(전용 보틀 / 500ml)*주문 완료 후에는 변경/취소할 수 없습니다.*변심 또는 제조 공정상 발생 가능한 잔기스 등은 반품/교환 대상에 해당되지 않습니다. *해당 보틀은 밀폐용기가 아니며,직사광선을 피해 냉장보관하시고, 구입 후 즉시 섭취하세요.*보틀 용기는 차가운 음료 전용(뜨거운 음료를 담을 경우 변형, 화상위험이 있습니다.)*식기 세척기 사용 금지*고카페인 함유 : 해당 제품은 고카페인 음료입니다. 어린이, 임산부, 카페인 민감자는 섭취에 주의해주시기 바랍니다.
82	1192	36	스타벅스 클래식 밀크 티
82	1246	36	6,100원
82	1304	36	스타벅스가 선보이는 클래식한 밀크 티로,진하게 오래 우려낸 티바나 블랙 티의 깊은 풍미와우유의 조화로움을 담아낸 '맛'에 집중한 밀크 티
82	1412	36	아이스 스타벅스 클래식 밀크 티
82	1441	121	지금 와우 가입하면 배달비 0원 + 25,000원 쿠폰
82	1458	781	가입하기
82	1466	36	6,100원
82	1524	36	스타벅스가 선보이는 클래식한 밀크 티로,진하게 오래 우려낸 티바나 블랙 티의 깊은 풍미와우유의 조화로움을 담아낸 '맛'에 집중한 밀크 티
82	1556	24	배달비 0원 적용 중
83	0	0	인도 아삼, 제주도 유기농 홍차가 블렌딩되어 진한 벌꿀향과 그윽한 몰트향이 특징인 블랙 티
83	0	0	잉글리쉬 브렉퍼스트 티
83	37	36	제주 말차 라떼
83	66	155	스타벅스 역삼아레나빌딩점 내 메뉴를 찾아보세요
83	149	36	차광재배한 어린 녹찻잎을 곱게 갈아 깊고 진한 말차 본연의 맛과 향을부드럽게 즐길 수 있는 제주 유기농 말차로 만든 라떼
83	151	114	티바나
83	151	240	피지오
83	151	366	프라푸치노
83	151	536	블렌디드
83	151	854	브루드 커피
83	155	684	To Go Bag
83	182	51	1 / 6
83	248	279	스타벅스 역삼아레나빌딩점
83	257	36	아이스 제주 말차 라떼
83	298	412	4.9(675)
83	311	36	6,100원
83	369	36	차광재배한 어린 녹찻잎을 곱게 갈아 깊고 진한 말차 본연의 맛과 향을부드럽게 즐길 수 있는 제주 유기농 말차로 만든 라떼
83	477	36	스타벅스 클래식 밀크 티 보틀
83	531	36	13,400원
83	589	36	진하게 우려낸 블랙 티의 깊은 풍미와 우유의 조화로움을 담아낸 클래식 밀크 티를 전용 보틀과 함께, 언제 어디서나, 편하게 즐겨보세요.(전용 보틀 / 500ml)*주문 완료 후에는 변경/취소할 수 없습니다.*변심 또는 제조 공정상 발생 가능한 잔기스 등은 반품/교환 대상에 해당되지 않습니다. *해당 보틀은 밀폐용기가 아니며,직사광선을 피해 냉장보관하시고, 구입 후 즉시 섭취하세요.*보틀 용기는 차가운 음료 전용(뜨거운 음료를 담을 경우 변형, 화상위험이 있습니다.)*식기 세척기 사용 금지*고카페인 함유 : 해당 제품은 고카페인 음료입니다. 어린이, 임산부, 카페인 민감자는 섭취에 주의해주시기 바랍니다.
83	697	36	스타벅스 클래식 밀크 티
83	751	36	6,100원
83	809	36	스타벅스가 선보이는 클래식한 밀크 티로,진하게 오래 우려낸 티바나 블랙 티의 깊은 풍미와우유의 조화로움을 담아낸 '맛'에 집중한 밀크 티
83	917	36	아이스 스타벅스 클래식 밀크 티
83	971	36	6,100원
83	1029	36	스타벅스가 선보이는 클래식한 밀크 티로,진하게 오래 우려낸 티바나 블랙 티의 깊은 풍미와우유의 조화로움을 담아낸 '맛'에 집중한 밀크 티
83	1137	36	제주 유기농 녹차로 만든 티
83	1191	36	5,300원
83	1249	36	우수한 품질의 제주도 유기농 녹차로 만든 맑은 수색과 신선한 향, 맛이 뛰어난 녹차
83	1357	36	아이스 제주 유기농 녹차로 만든 티
83	1411	36	5,300원
83	1441	121	지금 와우 가입하면 배달비 0원 + 25,000원 쿠폰
83	1458	781	가입하기
83	1469	36	우수한 품질의 제주도 유기농 녹차로 만든 맑은 수색과 신선한 향, 맛이 뛰어난 녹차
83	1547	63	리뷰 (1)
83	1556	24	배달비 0원 적용 중
84	0	0	꽃향 가득한 라벤더와 베르가못 향이 진한 홍차와 블렌딩된 향긋한 블랙 티
84	0	36	스타벅스 클래식 밀크 티 보틀
84	66	155	스타벅스 역삼아레나빌딩점 내 메뉴를 찾아보세요
84	104	36	진하게 우려낸 블랙 티의 깊은 풍미와 우유의 조화로움을 담아낸 클래식 밀크 티를 전용 보틀과 함께, 언제 어디서나, 편하게 즐겨보세요.(전용 보틀 / 500ml)*주문 완료 후에는 변경/취소할 수 없습니다.*변심 또는 제조 공정상 발생 가능한 잔기스 등은 반품/교환 대상에 해당되지 않습니다. *해당 보틀은 밀폐용기가 아니며,직사광선을 피해 냉장보관하시고, 구입 후 즉시 섭취하세요.*보틀 용기는 차가운 음료 전용(뜨거운 음료를 담을 경우 변형, 화상위험이 있습니다.)*식기 세척기 사용 금지*고카페인 함유 : 해당 제품은 고카페인 음료입니다. 어린이, 임산부, 카페인 민감자는 섭취에 주의해주시기 바랍니다.
84	151	114	티바나
84	151	240	피지오
84	151	366	프라푸치노
84	151	536	블렌디드
84	151	854	브루드 커피
84	155	684	To Go Bag
84	182	51	2 / 6
84	212	36	스타벅스 클래식 밀크 티
84	248	279	스타벅스 역삼아레나빌딩점
84	266	36	6,100원
84	298	412	4.9(675)
84	324	36	스타벅스가 선보이는 클래식한 밀크 티로,진하게 오래 우려낸 티바나 블랙 티의 깊은 풍미와우유의 조화로움을 담아낸 '맛'에 집중한 밀크 티
84	432	36	아이스 스타벅스 클래식 밀크 티
84	486	36	6,100원
84	544	36	스타벅스가 선보이는 클래식한 밀크 티로,진하게 오래 우려낸 티바나 블랙 티의 깊은 풍미와우유의 조화로움을 담아낸 '맛'에 집중한 밀크 티
84	652	36	제주 유기농 녹차로 만든 티
84	706	36	5,300원
84	764	36	우수한 품질의 제주도 유기농 녹차로 만든 맑은 수색과 신선한 향, 맛이 뛰어난 녹차
84	872	36	아이스 제주 유기농 녹차로 만든 티
84	926	36	5,300원
84	984	36	우수한 품질의 제주도 유기농 녹차로 만든 맑은 수색과 신선한 향, 맛이 뛰어난 녹차
84	1062	63	리뷰 (1)
84	1136	36	잉글리쉬 브렉퍼스트 티
84	1190	36	4,500원
84	1248	36	인도 아삼, 제주도 유기농 홍차가 블렌딩되어 진한 벌꿀향과 그윽한 몰트향이 특징인 블랙 티
84	1356	36	아이스 잉글리쉬 브렉퍼스트 티
84	1410	36	4,500원
84	1441	121	지금 와우 가입하면 배달비 0원 + 25,000원 쿠폰
84	1458	781	가입하기
84	1468	36	인도 아삼, 제주도 유기농 홍차가 블렌딩되어 진한 벌꿀향과 그윽한 몰트향이 특징인 블랙 티
84	1556	24	배달비 0원 적용 중
84	1576	36	얼 그레이 티
85	0	0	아이스 스타벅스 클래식 밀크 티
85	0	0	제주산 찻잎으로 만든 황차에 사과, 망고, 파인애플, 히비스커스, 로즈힙 등이블렌딩되어 핑크빛 컬러가 감도는 수색과 베리류의 새콤함을 느낄 수 있는 옐로우 티
85	51	36	스타벅스가 선보이는 클래식한 밀크 티로,진하게 오래 우려낸 티바나 블랙 티의 깊은 풍미와우유의 조화로움을 담아낸 '맛'에 집중한 밀크 티
85	66	155	스타벅스 역삼아레나빌딩점 내 메뉴를 찾아보세요
85	151	114	티바나
85	151	240	피지오
85	151	366	프라푸치노
85	151	536	블렌디드
85	151	854	브루드 커피
85	155	684	To Go Bag
85	159	36	제주 유기농 녹차로 만든 티
85	182	51	3 / 6
85	213	36	5,300원
85	248	279	스타벅스 역삼아레나빌딩점
85	271	36	우수한 품질의 제주도 유기농 녹차로 만든 맑은 수색과 신선한 향, 맛이 뛰어난 녹차
85	298	412	4.9(675)
85	379	36	아이스 제주 유기농 녹차로 만든 티
85	433	36	5,300원
85	491	36	우수한 품질의 제주도 유기농 녹차로 만든 맑은 수색과 신선한 향, 맛이 뛰어난 녹차
85	569	63	리뷰 (1)
85	643	36	잉글리쉬 브렉퍼스트 티
85	697	36	4,500원
85	755	36	인도 아삼, 제주도 유기농 홍차가 블렌딩되어 진한 벌꿀향과 그윽한 몰트향이 특징인 블랙 티
85	863	36	아이스 잉글리쉬 브렉퍼스트 티
85	917	36	4,500원
85	975	36	인도 아삼, 제주도 유기농 홍차가 블렌딩되어 진한 벌꿀향과 그윽한 몰트향이 특징인 블랙 티
85	1083	36	얼 그레이 티
85	1137	36	4,500원
85	1195	36	꽃향 가득한 라벤더와 베르가못 향이 진한 홍차와 블렌딩된 향긋한 블랙 티
85	1296	36	아이스 얼 그레이 티
85	1350	36	4,500원
85	1408	36	꽃향 가득한 라벤더와 베르가못 향이 진한 홍차와 블렌딩된 향긋한 블랙 티
85	1441	121	지금 와우 가입하면 배달비 0원 + 25,000원 쿠폰
85	1458	781	가입하기
85	1509	36	유스베리 티
85	1556	24	배달비 0원 적용 중
85	1563	36	4,500원
86	66	155	스타벅스 역삼아레나빌딩점 내 메뉴를 찾아보세요
86	151	36	잉글리쉬 브렉퍼스트 티
86	151	114	티바나
86	151	240	피지오
86	151	366	프라푸치노
86	151	536	블렌디드
86	151	854	브루드 커피
86	155	684	To Go Bag
86	182	51	4 / 6
86	205	36	4,500원
86	248	279	스타벅스 역삼아레나빌딩점
86	263	36	인도 아삼, 제주도 유기농 홍차가 블렌딩되어 진한 벌꿀향과 그윽한 몰트향이 특징인 블랙 티
86	298	412	4.9(675)
86	371	36	아이스 잉글리쉬 브렉퍼스트 티
86	425	36	4,500원
86	483	36	인도 아삼, 제주도 유기농 홍차가 블렌딩되어 진한 벌꿀향과 그윽한 몰트향이 특징인 블랙 티
86	591	36	얼 그레이 티
86	645	36	4,500원
86	703	36	꽃향 가득한 라벤더와 베르가못 향이 진한 홍차와 블렌딩된 향긋한 블랙 티
86	804	36	아이스 얼 그레이 티
86	858	36	4,500원
86	916	36	꽃향 가득한 라벤더와 베르가못 향이 진한 홍차와 블렌딩된 향긋한 블랙 티
86	1017	36	유스베리 티
86	1071	36	4,500원
86	1129	36	제주산 찻잎으로 만든 황차에 사과, 망고, 파인애플, 히비스커스, 로즈힙 등이블렌딩되어 핑크빛 컬러가 감도는 수색과 베리류의 새콤함을 느낄 수 있는 옐로우 티
86	1237	36	아이스 유스베리 티
86	1291	36	4,500원
86	1349	36	제주산 찻잎으로 만든 황차에 사과, 망고, 파인애플, 히비스커스, 로즈힙 등이블렌딩되어 핑크빛 컬러가 감도는 수색과 베리류의 새콤함을 느낄 수 있는 옐로우 티
86	1441	121	지금 와우 가입하면 배달비 0원 + 25,000원 쿠폰
86	1457	36	히비스커스 블렌드 티
86	1458	781	가입하기
86	1511	36	4,500원
86	1556	24	배달비 0원 적용 중
86	1569	36	히비스커스, 사과, 파파야, 망고, 레몬그라스 등이 블렌딩된 상큼한 허브 티
87	0	0	스피어민트, 페퍼민트, 레몬머틀이 블렌딩된 상쾌한 허브 티
87	0	0	아이스 민트 블렌드 티
87	66	155	스타벅스 역삼아레나빌딩점 내 메뉴를 찾아보세요
87	106	36	얼 그레이 티
87	151	114	티바나
87	151	240	피지오
87	151	366	프라푸치노
87	151	536	블렌디드
87	151	854	브루드 커피
87	155	684	To Go Bag
87	160	36	4,500원
87	182	51	5 / 6
87	218	36	꽃향 가득한 라벤더와 베르가못 향이 진한 홍차와 블렌딩된 향긋한 블랙 티
87	248	279	스타벅스 역삼아레나빌딩점
87	298	412	4.9(675)
87	319	36	아이스 얼 그레이 티
87	373	36	4,500원
87	431	36	꽃향 가득한 라벤더와 베르가못 향이 진한 홍차와 블렌딩된 향긋한 블랙 티
87	532	36	유스베리 티
87	586	36	4,500원
87	644	36	제주산 찻잎으로 만든 황차에 사과, 망고, 파인애플, 히비스커스, 로즈힙 등이블렌딩되어 핑크빛 컬러가 감도는 수색과 베리류의 새콤함을 느낄 수 있는 옐로우 티
87	752	36	아이스 유스베리 티
87	806	36	4,500원
87	864	36	제주산 찻잎으로 만든 황차에 사과, 망고, 파인애플, 히비스커스, 로즈힙 등이블렌딩되어 핑크빛 컬러가 감도는 수색과 베리류의 새콤함을 느낄 수 있는 옐로우 티
87	972	36	히비스커스 블렌드 티
87	1026	36	4,500원
87	1084	36	히비스커스, 사과, 파파야, 망고, 레몬그라스 등이 블렌딩된 상큼한 허브 티
87	1185	36	아이스 히비스커스 블렌드 티
87	1239	36	4,500원
87	1297	36	히비스커스, 사과, 파파야, 망고, 레몬그라스 등이 블렌딩된 상큼한 허브 티
87	1398	36	민트 블렌드 티
87	1441	121	지금 와우 가입하면 배달비 0원 + 25,000원 쿠폰
87	1452	36	4,500원
87	1458	781	가입하기
87	1510	36	스피어민트, 페퍼민트, 레몬머틀이 블렌딩된 상쾌한 허브 티
87	1556	24	배달비 0원 적용 중
88	0	0	캐모마일과 레몬 그라스, 레몬밤, 히비스커스 등 블렌딩되어은은하고 차분한 향이 기분을 좋게하는 허브 티
88	38	36	유스베리 티
88	66	155	스타벅스 역삼아레나빌딩점 내 메뉴를 찾아보세요
88	150	36	제주산 찻잎으로 만든 황차에 사과, 망고, 파인애플, 히비스커스, 로즈힙 등이블렌딩되어 핑크빛 컬러가 감도는 수색과 베리류의 새콤함을 느낄 수 있는 옐로우 티
88	151	114	티바나
88	151	240	피지오
88	151	366	프라푸치노
88	151	536	블렌디드
88	151	854	브루드 커피
88	155	684	To Go Bag
88	182	51	6 / 6
88	248	279	스타벅스 역삼아레나빌딩점
88	258	36	아이스 유스베리 티
88	298	412	4.9(675)
88	312	36	4,500원
88	370	36	제주산 찻잎으로 만든 황차에 사과, 망고, 파인애플, 히비스커스, 로즈힙 등이블렌딩되어 핑크빛 컬러가 감도는 수색과 베리류의 새콤함을 느낄 수 있는 옐로우 티
88	478	36	히비스커스 블렌드 티
88	532	36	4,500원
88	590	36	히비스커스, 사과, 파파야, 망고, 레몬그라스 등이 블렌딩된 상큼한 허브 티
88	691	36	아이스 히비스커스 블렌드 티
88	745	36	4,500원
88	803	36	히비스커스, 사과, 파파야, 망고, 레몬그라스 등이 블렌딩된 상큼한 허브 티
88	904	36	민트 블렌드 티
88	958	36	4,500원
88	1016	36	스피어민트, 페퍼민트, 레몬머틀이 블렌딩된 상쾌한 허브 티
88	1117	36	아이스 민트 블렌드 티
88	1171	36	4,500원
88	1229	36	스피어민트, 페퍼민트, 레몬머틀이 블렌딩된 상쾌한 허브 티
88	1330	36	캐모마일 블렌드 티
88	1384	36	4,500원
88	1441	121	지금 와우 가입하면 배달비 0원 + 25,000원 쿠폰
88	1442	36	캐모마일과 레몬 그라스, 레몬밤, 히비스커스 등 블렌딩되어은은하고 차분한 향이 기분을 좋게하는 허브 티
88	1458	781	가입하기
88	1550	36	아이스 캐모마일 블렌드 티
88	1556	24	배달비 0원 적용 중
89	0	36	히비스커스 블렌드 티
89	66	155	스타벅스 역삼아레나빌딩점 내 메뉴를 찾아보세요
89	105	36	히비스커스, 사과, 파파야, 망고, 레몬그라스 등이 블렌딩된 상큼한 허브 티
89	151	114	티바나
89	151	240	피지오
89	151	366	프라푸치노
89	151	536	블렌디드
89	151	854	브루드 커피
89	155	684	To Go Bag
89	182	51	1 / 6
89	206	36	아이스 히비스커스 블렌드 티
89	248	279	스타벅스 역삼아레나빌딩점
89	260	36	4,500원
89	298	412	4.9(675)
89	318	36	히비스커스, 사과, 파파야, 망고, 레몬그라스 등이 블렌딩된 상큼한 허브 티
89	419	36	민트 블렌드 티
89	473	36	4,500원
89	531	36	스피어민트, 페퍼민트, 레몬머틀이 블렌딩된 상쾌한 허브 티
89	632	36	아이스 민트 블렌드 티
89	686	36	4,500원
89	744	36	스피어민트, 페퍼민트, 레몬머틀이 블렌딩된 상쾌한 허브 티
89	845	36	캐모마일 블렌드 티
89	899	36	4,500원
89	957	36	캐모마일과 레몬 그라스, 레몬밤, 히비스커스 등 블렌딩되어은은하고 차분한 향이 기분을 좋게하는 허브 티
89	1065	36	아이스 캐모마일 블렌드 티
89	1119	36	4,500원
89	1177	36	캐모마일과 레몬 그라스, 레몬밤, 히비스커스 등 블렌딩되어은은하고 차분한 향이 기분을 좋게하는 허브 티
89	1315	42	피지오
89	1361	36	상큼하고 시원한 과일을 첨가하여 바리스타가 직접 제조한 프리미엄 스파클링 음료
89	1435	36	체리&자두 에너지 피지오
89	1441	121	지금 와우 가입하면 배달비 0원 + 25,000원 쿠폰
89	1458	781	가입하기
89	1489	36	6,300원
89	1547	36	그란데 사이즈 99kcal와 타우린과 비타민c등이 영양소가 함유되어 건강한 에너지를 시원하게 즐길 수 있는 카페인 프리 음료
89	1556	24	배달비 0원 적용 중
90	66	155	스타벅스 역삼아레나빌딩점 내 메뉴를 찾아보세요
90	139	36	아이스 민트 블렌드 티
90	151	114	티바나
90	151	240	피지오
90	151	366	프라푸치노
90	151	536	블렌디드
90	151	854	브루드 커피
90	155	684	To Go Bag
90	182	51	2 / 6
90	193	36	4,500원
90	248	279	스타벅스 역삼아레나빌딩점
90	251	36	스피어민트, 페퍼민트, 레몬머틀이 블렌딩된 상쾌한 허브 티
90	298	412	4.9(675)
90	352	36	캐모마일 블렌드 티
90	406	36	4,500원
90	464	36	캐모마일과 레몬 그라스, 레몬밤, 히비스커스 등 블렌딩되어은은하고 차분한 향이 기분을 좋게하는 허브 티
90	572	36	아이스 캐모마일 블렌드 티
90	626	36	4,500원
90	684	36	캐모마일과 레몬 그라스, 레몬밤, 히비스커스 등 블렌딩되어은은하고 차분한 향이 기분을 좋게하는 허브 티
90	822	42	피지오
90	868	36	상큼하고 시원한 과일을 첨가하여 바리스타가 직접 제조한 프리미엄 스파클링 음료
90	942	36	체리&자두 에너지 피지오
90	996	36	6,300원
90	1054	36	그란데 사이즈 99kcal와 타우린과 비타민c등이 영양소가 함유되어 건강한 에너지를 시원하게 즐길 수 있는 카페인 프리 음료
90	1162	36	피치 딸기 피지오
90	1216	36	6,100원
90	1274	36	피치와 딸기의 상큼한 과일과 청량한 탄산의 조화로 리프레시 할 수 있는 음료
90	1382	36	쿨 라임 피지오
90	1436	36	6,100원
90	1441	121	지금 와우 가입하면 배달비 0원 + 25,000원 쿠폰
90	1458	781	가입하기
90	1494	36	그린 빈 추출액이 들어간 라임 베이스에 건조된 라임 슬라이스를 넣고 스파클링한 시원하고 청량감 있는 음료입니다.(카페인이 함유된 탄산음료입니다)
90	1556	24	배달비 0원 적용 중
90	1572	63	리뷰 (2)
91	0	0	리스트레토 블론드 에스프레소 2샷과 에스프레소 칩, 하프앤하프가 진하게 어우러진 커피의 기본에 충실한 프라푸치노
91	66	155	스타벅스 역삼아레나빌딩점 내 메뉴를 찾아보세요
91	87	36	아이스 캐모마일 블렌드 티
91	141	36	4,500원
91	151	114	티바나
91	151	240	피지오
91	151	366	프라푸치노
91	151	536	블렌디드
91	151	854	브루드 커피
91	155	684	To Go Bag
91	182	51	3 / 6
91	199	36	캐모마일과 레몬 그라스, 레몬밤, 히비스커스 등 블렌딩되어은은하고 차분한 향이 기분을 좋게하는 허브 티
91	248	279	스타벅스 역삼아레나빌딩점
91	298	412	4.9(675)
91	337	42	피지오
91	383	36	상큼하고 시원한 과일을 첨가하여 바리스타가 직접 제조한 프리미엄 스파클링 음료
91	457	36	체리&자두 에너지 피지오
91	511	36	6,300원
91	569	36	그란데 사이즈 99kcal와 타우린과 비타민c등이 영양소가 함유되어 건강한 에너지를 시원하게 즐길 수 있는 카페인 프리 음료
91	677	36	피치 딸기 피지오
91	731	36	6,100원
91	789	36	피치와 딸기의 상큼한 과일과 청량한 탄산의 조화로 리프레시 할 수 있는 음료
91	897	36	쿨 라임 피지오
91	951	36	6,100원
91	1009	36	그린 빈 추출액이 들어간 라임 베이스에 건조된 라임 슬라이스를 넣고 스파클링한 시원하고 청량감 있는 음료입니다.(카페인이 함유된 탄산음료입니다)
91	1087	63	리뷰 (2)
91	1191	42	프라푸치노
91	1237	36	얼음과 함께 갈아서 만들어 시원하게 즐길 수 있는 스타벅스 아이스 음료
91	1311	36	더블 에스프레소 칩 프라푸치노
91	1365	36	6,500원
91	1423	36	리스트레토 에스프레소 2샷과 에스프레소 칩, 하프앤하프가 진하게 어우러진 커피의 기본에 충실한 프라푸치노
91	1441	121	지금 와우 가입하면 배달비 0원 + 25,000원 쿠폰
91	1458	781	가입하기
91	1501	63	리뷰 (1)
91	1556	24	배달비 0원 적용 중
91	1575	36	블론드 더블 에스프레소 칩 프라푸치노
92	0	0	리스트레토 1/2 디카페인 2샷과 에스프레소 칩, 하프앤하프가 진하게 어우러진 커피의 기본에 충실한 프라푸치노
92	0	36	체리&자두 에너지 피지오
92	66	155	스타벅스 역삼아레나빌딩점 내 메뉴를 찾아보세요
92	76	36	그란데 사이즈 99kcal와 타우린과 비타민c등이 영양소가 함유되어 건강한 에너지를 시원하게 즐길 수 있는 카페인 프리 음료
92	151	114	피지오
92	151	240	프라푸치노
92	151	410	블렌디드
92	151	728	브루드 커피
92	155	558	To Go Bag
92	182	51	4 / 6
92	184	36	피치 딸기 피지오
92	238	36	6,100원
92	248	279	스타벅스 역삼아레나빌딩점
92	296	36	피치와 딸기의 상큼한 과일과 청량한 탄산의 조화로 리프레시 할 수 있는 음료
92	298	412	4.9(675)
92	404	36	쿨 라임 피지오
92	458	36	6,100원
92	516	36	그린 빈 추출액이 들어간 라임 베이스에 건조된 라임 슬라이스를 넣고 스파클링한 시원하고 청량감 있는 음료입니다.(카페인이 함유된 탄산음료입니다)
92	594	63	리뷰 (2)
92	698	42	프라푸치노
92	744	36	얼음과 함께 갈아서 만들어 시원하게 즐길 수 있는 스타벅스 아이스 음료
92	818	36	더블 에스프레소 칩 프라푸치노
92	872	36	6,500원
92	930	36	리스트레토 에스프레소 2샷과 에스프레소 칩, 하프앤하프가 진하게 어우러진 커피의 기본에 충실한 프라푸치노
92	1008	63	리뷰 (1)
92	1082	36	블론드 더블 에스프레소 칩 프라푸치노
92	1136	36	6,500원
92	1194	36	리스트레토 블론드 에스프레소 2샷과 에스프레소 칩, 하프앤하프가 진하게 어우러진 커피의 기본에 충실한 프라푸치노
92	1302	36	디카페인 더블 에스프레소 칩 프라푸치노
92	1356	36	6,800원
92	1414	36	리스트레토 디카페인 에스프레소 2샷과 에스프레소 칩, 하프앤하프가 진하게 어우러진 커피의 기본에 충실한 프라푸치노
92	1441	121	지금 와우 가입하면 배달비 0원 + 25,000원 쿠폰
92	1458	781	가입하기
92	1492	63	리뷰 (1)
92	1556	24	배달비 0원 적용 중
92	1566	36	1/2디카페인 더블 에스프레소 칩 프라푸치노
93	0	0	리뷰 (1)
93	0	0	커피, 모카 소스, 진한 초콜릿 칩이 입안 가득 느껴지는 스타벅스에서만 맛볼 수 있는 프라푸치노
93	0	0	쿨 라임 피지오
93	24	36	그린 빈 추출액이 들어간 라임 베이스에 건조된 라임 슬라이스를 넣고 스파클링한 시원하고 청량감 있는 음료입니다.(카페인이 함유된 탄산음료입니다)
93	66	155	스타벅스 역삼아레나빌딩점 내 메뉴를 찾아보세요
93	102	63	리뷰 (2)
93	151	114	피지오
93	151	240	프라푸치노
93	151	410	블렌디드
93	151	728	브루드 커피
93	155	558	To Go Bag
93	182	51	5 / 6
93	206	42	프라푸치노
93	248	279	스타벅스 역삼아레나빌딩점
93	252	36	얼음과 함께 갈아서 만들어 시원하게 즐길 수 있는 스타벅스 아이스 음료
93	298	412	4.9(675)
93	326	36	더블 에스프레소 칩 프라푸치노
93	380	36	6,500원
93	438	36	리스트레토 에스프레소 2샷과 에스프레소 칩, 하프앤하프가 진하게 어우러진 커피의 기본에 충실한 프라푸치노
93	516	63	리뷰 (1)
93	590	36	블론드 더블 에스프레소 칩 프라푸치노
93	644	36	6,500원
93	702	36	리스트레토 블론드 에스프레소 2샷과 에스프레소 칩, 하프앤하프가 진하게 어우러진 커피의 기본에 충실한 프라푸치노
93	810	36	디카페인 더블 에스프레소 칩 프라푸치노
93	864	36	6,800원
93	922	36	리스트레토 디카페인 에스프레소 2샷과 에스프레소 칩, 하프앤하프가 진하게 어우러진 커피의 기본에 충실한 프라푸치노
93	1000	63	리뷰 (1)
93	1074	36	1/2디카페인 더블 에스프레소 칩 프라푸치노
93	1128	36	6,800원
93	1186	36	리스트레토 1/2 디카페인 2샷과 에스프레소 칩, 하프앤하프가 진하게 어우러진 커피의 기본에 충실한 프라푸치노
93	1294	36	제주 말차 크림 프라푸치노
93	1348	36	6,500원
93	1406	36	깊고 진한 말차 본연의 맛과 향을 시원하고 부드럽게 즐길 수 있는 프라푸치노
93	1441	121	지금 와우 가입하면 배달비 0원 + 25,000원 쿠폰
93	1458	781	가입하기
93	1514	36	자바 칩 프라푸치노
93	1556	24	배달비 0원 적용 중
93	1568	36	6,500원
94	0	0	리뷰 (1)
94	0	0	카라멜과 커피가 어우러진 프라푸치노
94	66	155	스타벅스 역삼아레나빌딩점 내 메뉴를 찾아보세요
94	97	36	블론드 더블 에스프레소 칩 프라푸치노
94	151	36	6,500원
94	151	114	프라푸치노
94	151	284	블렌디드
94	151	602	브루드 커피
94	151	778	기타 음료
94	155	432	To Go Bag
94	182	51	6 / 6
94	209	36	리스트레토 블론드 에스프레소 2샷과 에스프레소 칩, 하프앤하프가 진하게 어우러진 커피의 기본에 충실한 프라푸치노
94	248	279	스타벅스 역삼아레나빌딩점
94	298	412	4.9(675)
94	317	36	디카페인 더블 에스프레소 칩 프라푸치노
94	371	36	6,800원
94	429	36	리스트레토 디카페인 에스프레소 2샷과 에스프레소 칩, 하프앤하프가 진하게 어우러진 커피의 기본에 충실한 프라푸치노
94	507	63	리뷰 (1)
94	581	36	1/2디카페인 더블 에스프레소 칩 프라푸치노
94	635	36	6,800원
94	693	36	리스트레토 1/2 디카페인 2샷과 에스프레소 칩, 하프앤하프가 진하게 어우러진 커피의 기본에 충실한 프라푸치노
94	801	36	제주 말차 크림 프라푸치노
94	855	36	6,500원
94	913	36	깊고 진한 말차 본연의 맛과 향을 시원하고 부드럽게 즐길 수 있는 프라푸치노
94	1021	36	자바 칩 프라푸치노
94	1075	36	6,500원
94	1133	36	커피, 모카 소스, 진한 초콜릿 칩이 입안 가득 느껴지는 스타벅스에서만 맛볼 수 있는 프라푸치노
94	1211	63	리뷰 (1)
94	1285	36	초콜릿 크림 칩 프라푸치노
94	1339	36	6,200원
94	1397	36	모카 소스와 진한 초콜릿 칩, 초콜릿 드리즐이 올라간 달콤한 크림 프라푸치노
94	1441	121	지금 와우 가입하면 배달비 0원 + 25,000원 쿠폰
94	1458	781	가입하기
94	1505	36	카라멜 프라푸치노
94	1556	24	배달비 0원 적용 중
94	1559	36	6,100원
95	66	155	스타벅스 역삼아레나빌딩점 내 메뉴를 찾아보세요
95	87	36	1/2디카페인 더블 에스프레소 칩 프라푸치노
95	141	36	6,800원
95	151	114	프라푸치노
95	151	284	블렌디드
95	151	602	브루드 커피
95	151	778	기타 음료
95	155	432	To Go Bag
95	182	51	1 / 6
95	199	36	리스트레토 1/2 디카페인 2샷과 에스프레소 칩, 하프앤하프가 진하게 어우러진 커피의 기본에 충실한 프라푸치노
95	248	279	스타벅스 역삼아레나빌딩점
95	298	412	4.9(675)
95	307	36	제주 말차 크림 프라푸치노
95	361	36	6,500원
95	419	36	깊고 진한 말차 본연의 맛과 향을 시원하고 부드럽게 즐길 수 있는 프라푸치노
95	527	36	자바 칩 프라푸치노
95	581	36	6,500원
95	639	36	커피, 모카 소스, 진한 초콜릿 칩이 입안 가득 느껴지는 스타벅스에서만 맛볼 수 있는 프라푸치노
95	717	63	리뷰 (1)
95	791	36	초콜릿 크림 칩 프라푸치노
95	845	36	6,200원
95	903	36	모카 소스와 진한 초콜릿 칩, 초콜릿 드리즐이 올라간 달콤한 크림 프라푸치노
95	1011	36	카라멜 프라푸치노
95	1065	36	6,100원
95	1123	36	카라멜과 커피가 어우러진 프라푸치노
95	1171	63	리뷰 (1)
95	1245	36	에스프레소 프라푸치노
95	1299	36	5,700원
95	1357	36	에스프레소 샷의 강렬함과 약간의 단맛이 어우러진 프라푸치노
95	1441	121	지금 와우 가입하면 배달비 0원 + 25,000원 쿠폰
95	1458	36	블론드 에스프레소 프라푸치노
95	1458	781	가입하기
95	1512	36	5,700원
95	1556	24	배달비 0원 적용 중
95	1570	36	밝고 경쾌한 블론드 에스프레소 샷과 달콤함이 어우러져 깊은 커피의 풍미를느낄 수 있는 프라푸치노
96	41	36	자바 칩 프라푸치노
96	66	155	스타벅스 역삼아레나빌딩점 내 메뉴를 찾아보세요
96	132	36	6,500원
96	151	114	프라푸치노
96	151	284	블렌디드
96	151	602	브루드 커피
96	151	778	기타 음료
96	153	36	커피, 모카 소스, 진한 초콜릿 칩이 입안 가득 느껴지는 스타벅스에서만 맛볼 수 있는 프라푸치노
96	155	432	To Go Bag
96	182	51	2 / 6
96	231	63	리뷰 (1)
96	248	279	스타벅스 역삼아레나빌딩점
96	298	412	4.9(675)
96	305	36	초콜릿 크림 칩 프라푸치노
96	359	36	6,200원
96	417	36	모카 소스와 진한 초콜릿 칩, 초콜릿 드리즐이 올라간 달콤한 크림 프라푸치노
96	525	36	카라멜 프라푸치노
96	579	36	6,100원
96	637	36	카라멜과 커피가 어우러진 프라푸치노
96	685	63	리뷰 (1)
96	759	36	에스프레소 프라푸치노
96	813	36	5,700원
96	871	36	에스프레소 샷의 강렬함과 약간의 단맛이 어우러진 프라푸치노
96	972	36	블론드 에스프레소 프라푸치노
96	1026	36	5,700원
96	1084	36	밝고 경쾌한 블론드 에스프레소 샷과 달콤함이 어우러져 깊은 커피의 풍미를느낄 수 있는 프라푸치노
96	1192	36	디카페인 에스프레소 프라푸치노
96	1246	36	6,000원
96	1304	36	풍부하고 진한 디카페인 에스프레소 샷의 강렬함과 달콤함이 어우러져 깊은 커피의 풍미를 느낄 수 있는 프라푸치노
96	1412	36	1/2디카페인 에스프레소 프라푸치노
96	1441	121	지금 와우 가입하면 배달비 0원 + 25,000원 쿠폰
96	1458	781	가입하기
96	1466	36	6,000원
96	1524	36	풍부하고 진한 1/2 디카페인 에스프레소 샷에 강렬함과 달콤함이 어우러져 깊은 커피의 풍미를 느낄 수 있는 프라푸치노
96	1556	24	배달비 0원 적용 중
97	0	0	달콤한 자몽 허니에 레몬의 산뜻함을 더해 가볍게 즐기기 좋은 과일 블렌디드
97	0	0	리뷰 (1)
97	39	36	카라멜 프라푸치노
97	66	155	스타벅스 역삼아레나빌딩점 내 메뉴를 찾아보세요
97	132	36	6,100원
97	151	36	카라멜과 커피가 어우러진 프라푸치노
97	151	114	프라푸치노
97	151	284	블렌디드
97	151	602	브루드 커피
97	151	778	기타 음료
97	155	432	To Go Bag
97	182	51	3 / 6
97	199	63	리뷰 (1)
97	248	279	스타벅스 역삼아레나빌딩점
97	273	36	에스프레소 프라푸치노
97	298	412	4.9(675)
97	327	36	5,700원
97	385	36	에스프레소 샷의 강렬함과 약간의 단맛이 어우러진 프라푸치노
97	486	36	블론드 에스프레소 프라푸치노
97	540	36	5,700원
97	598	36	밝고 경쾌한 블론드 에스프레소 샷과 달콤함이 어우러져 깊은 커피의 풍미를느낄 수 있는 프라푸치노
97	706	36	디카페인 에스프레소 프라푸치노
97	760	36	6,000원
97	818	36	풍부하고 진한 디카페인 에스프레소 샷의 강렬함과 달콤함이 어우러져 깊은 커피의 풍미를 느낄 수 있는 프라푸치노
97	926	36	1/2디카페인 에스프레소 프라푸치노
97	980	36	6,000원
97	1038	36	풍부하고 진한 1/2 디카페인 에스프레소 샷에 강렬함과 달콤함이 어우러져 깊은 커피의 풍미를 느낄 수 있는 프라푸치노
97	1176	42	블렌디드
97	1222	36	얼음과 함께 갈아서 만들어 시원하게 즐길 수 있는 아이스 음료
97	1296	36	블루베리 딜라이트 요거트 블렌디드
97	1350	36	6,700원
97	1408	36	고농축 유산균의 부드러운 요거트와 달콤한 블루베리가 부드럽게 어우러진 시원한 과일 요거트 블렌디드*블루베리 딜라이트 요거트 블렌디드에는 대체당(효소처리 스테비아)을 넣어 칼로리와 당류를 낮췄습니다.*대체당이 들어간 음료는 과량 섭취 시 설사를 유발할 수 있습니다.
97	1441	121	지금 와우 가입하면 배달비 0원 + 25,000원 쿠폰
97	1458	781	가입하기
97	1516	36	자몽 허니 레몬 블렌디드
97	1556	24	배달비 0원 적용 중
97	1570	36	6,300원
98	0	0	(Grande Only) 달콤한 망고 패션 프루트 주스에 바나나 1개가 통째로 들어간 신선한 블렌디드
98	0	0	리뷰 (2)
98	0	36	블론드 에스프레소 프라푸치노
98	66	155	스타벅스 역삼아레나빌딩점 내 메뉴를 찾아보세요
98	102	36	밝고 경쾌한 블론드 에스프레소 샷과 달콤함이 어우러져 깊은 커피의 풍미를느낄 수 있는 프라푸치노
98	151	114	프라푸치노
98	151	284	블렌디드
98	151	602	브루드 커피
98	151	778	기타 음료
98	155	432	To Go Bag
98	182	51	4 / 6
98	210	36	디카페인 에스프레소 프라푸치노
98	248	279	스타벅스 역삼아레나빌딩점
98	264	36	6,000원
98	298	412	4.9(675)
98	322	36	풍부하고 진한 디카페인 에스프레소 샷의 강렬함과 달콤함이 어우러져 깊은 커피의 풍미를 느낄 수 있는 프라푸치노
98	430	36	1/2디카페인 에스프레소 프라푸치노
98	484	36	6,000원
98	542	36	풍부하고 진한 1/2 디카페인 에스프레소 샷에 강렬함과 달콤함이 어우러져 깊은 커피의 풍미를 느낄 수 있는 프라푸치노
98	680	42	블렌디드
98	726	36	얼음과 함께 갈아서 만들어 시원하게 즐길 수 있는 아이스 음료
98	800	36	블루베리 딜라이트 요거트 블렌디드
98	854	36	6,700원
98	912	36	고농축 유산균의 부드러운 요거트와 달콤한 블루베리가 부드럽게 어우러진 시원한 과일 요거트 블렌디드*블루베리 딜라이트 요거트 블렌디드에는 대체당(효소처리 스테비아)을 넣어 칼로리와 당류를 낮췄습니다.*대체당이 들어간 음료는 과량 섭취 시 설사를 유발할 수 있습니다.
98	1020	36	자몽 허니 레몬 블렌디드
98	1074	36	6,300원
98	1132	36	달콤한 자몽 허니에 레몬의 산뜻함을 더해 가볍게 즐기기 좋은 과일 블렌디드
98	1210	63	리뷰 (1)
98	1284	36	딸기 딜라이트 요거트 블렌디드
98	1338	36	6,500원
98	1396	36	유산균이 살아있는 리얼 요거트와 풍성한 딸기 과육이 더욱 상큼하게 어우러진 과일 요거트 블렌디드
98	1441	121	지금 와우 가입하면 배달비 0원 + 25,000원 쿠폰
98	1458	781	가입하기
98	1474	63	리뷰 (1)
98	1548	36	망고 바나나 블렌디드
98	1556	24	배달비 0원 적용 중
99	0	0	1/2디카페인 에스프레소 프라푸치노
99	53	36	풍부하고 진한 1/2 디카페인 에스프레소 샷에 강렬함과 달콤함이 어우러져 깊은 커피의 풍미를 느낄 수 있는 프라푸치노
99	66	155	스타벅스 역삼아레나빌딩점 내 메뉴를 찾아보세요
99	151	114	프라푸치노
99	151	284	블렌디드
99	151	602	브루드 커피
99	151	778	기타 음료
99	155	432	To Go Bag
99	182	51	5 / 6
99	191	42	블렌디드
99	237	36	얼음과 함께 갈아서 만들어 시원하게 즐길 수 있는 아이스 음료
99	248	279	스타벅스 역삼아레나빌딩점
99	298	412	4.9(675)
99	311	36	블루베리 딜라이트 요거트 블렌디드
99	365	36	6,700원
99	423	36	고농축 유산균의 부드러운 요거트와 달콤한 블루베리가 부드럽게 어우러진 시원한 과일 요거트 블렌디드*블루베리 딜라이트 요거트 블렌디드에는 대체당(효소처리 스테비아)을 넣어 칼로리와 당류를 낮췄습니다.*대체당이 들어간 음료는 과량 섭취 시 설사를 유발할 수 있습니다.
99	531	36	자몽 허니 레몬 블렌디드
99	585	36	6,300원
99	643	36	달콤한 자몽 허니에 레몬의 산뜻함을 더해 가볍게 즐기기 좋은 과일 블렌디드
99	721	63	리뷰 (1)
99	795	36	딸기 딜라이트 요거트 블렌디드
99	849	36	6,500원
99	907	36	유산균이 살아있는 리얼 요거트와 풍성한 딸기 과육이 더욱 상큼하게 어우러진 과일 요거트 블렌디드
99	985	63	리뷰 (1)
99	1059	36	망고 바나나 블렌디드
99	1113	36	6,600원
99	1171	36	(Grande Only) 달콤한 망고 패션 프루트 주스에 바나나 1개가 통째로 들어간 신선한 블렌디드
99	1249	72	품절임박
99	1249	166	잔여 1개
99	1299	63	리뷰 (2)
99	1373	36	망고 패션 프루트 블렌디드
99	1427	36	5,600원
99	1441	121	지금 와우 가입하면 배달비 0원 + 25,000원 쿠폰
99	1458	781	가입하기
99	1485	36	망고 패션 프루트 주스와 블랙 티가 깔끔하게 어우러진 과일 블렌디드
99	1556	24	배달비 0원 적용 중
100	0	0	(아이스) 유자 민트 티 Tall 6잔이 투 고 백(이미지)에 담겨 아이스 톨 컵/리드 6개와 함께 제공됩니다.안전한 배달을 위해 6잔 음료에 사용되는 얼음은 정량에 맞추어 4개의 컵에 제공되오니, 수령 후 2개의 빈 컵에 얼음을 나누어 취식해 주시기 바랍니다.세종/제주 지역은 일회용컵 보증금(잔당 300원)제도 시행에 따라 일회용컵이 제공되며, 반납 시 환급됩니다.
100	38	36	자몽 허니 레몬 블렌디드
100	66	155	스타벅스 역삼아레나빌딩점 내 메뉴를 찾아보세요
100	150	36	달콤한 자몽 허니에 레몬의 산뜻함을 더해 가볍게 즐기기 좋은 과일 블렌디드
100	151	114	블렌디드
100	151	432	브루드 커피
100	151	608	기타 음료
100	151	762	스타벅스 주스
100	155	262	To Go Bag
100	182	51	6 / 6
100	228	63	리뷰 (1)
100	248	279	스타벅스 역삼아레나빌딩점
100	298	412	4.9(675)
100	302	36	딸기 딜라이트 요거트 블렌디드
100	356	36	6,500원
100	414	36	유산균이 살아있는 리얼 요거트와 풍성한 딸기 과육이 더욱 상큼하게 어우러진 과일 요거트 블렌디드
100	492	63	리뷰 (1)
100	566	36	망고 바나나 블렌디드
100	620	36	6,600원
100	678	36	(Grande Only) 달콤한 망고 패션 프루트 주스에 바나나 1개가 통째로 들어간 신선한 블렌디드
100	756	72	품절임박
100	756	166	잔여 1개
100	806	63	리뷰 (2)
100	880	36	망고 패션 프루트 블렌디드
100	934	36	5,600원
100	992	36	망고 패션 프루트 주스와 블랙 티가 깔끔하게 어우러진 과일 블렌디드
100	1123	42	To Go Bag
100	1166	36	언제, 어디서나 편리하게 이동하여 음료를 즐길 수 있는 대용량 패키지 박스(핫/8잔, 아이스/6잔,Tall 사이즈 기준)
100	1268	36	투 고 백 아이스 자몽 허니 블랙 티 6잔
100	1322	36	35,400원
100	1380	36	(아이스)자몽 허니 블랙 티 Tall 6잔이 투 고 백(이미지)에 담겨 아이스 톨 컵/리드 6개와 함께 제공됩니다.안전한 배달을 위해 6잔 음료에 사용되는 얼음은 정량에 맞추어 4개의 컵에 제공되오니, 수령 후 2개의 빈 컵에 얼음을 나누어 취식해 주시기 바랍니다.세종/제주 지역은 일회용컵 보증금(잔당 300원)제도 시행에 따라 일회용컵이 제공되며, 반납 시 환급됩니다.
100	1441	121	지금 와우 가입하면 배달비 0원 + 25,000원 쿠폰
100	1458	781	가입하기
100	1488	36	투 고 백 아이스 유자 민트 티 6잔
100	1542	36	36,600원
100	1556	24	배달비 0원 적용 중
101	66	155	스타벅스 역삼아레나빌딩점 내 메뉴를 찾아보세요
101	70	36	망고 바나나 블렌디드
101	132	36	6,600원
101	151	114	블렌디드
101	151	432	브루드 커피
101	151	608	기타 음료
101	151	762	스타벅스 주스
101	155	262	To Go Bag
101	182	36	(Grande Only) 달콤한 망고 패션 프루트 주스에 바나나 1개가 통째로 들어간 신선한 블렌디드
101	182	51	1 / 6
101	248	279	스타벅스 역삼아레나빌딩점
101	260	72	품절임박
101	260	166	잔여 1개
101	298	412	4.9(675)
101	310	63	리뷰 (2)
101	384	36	망고 패션 프루트 블렌디드
101	438	36	5,600원
101	496	36	망고 패션 프루트 주스와 블랙 티가 깔끔하게 어우러진 과일 블렌디드
101	627	42	To Go Bag
101	670	36	언제, 어디서나 편리하게 이동하여 음료를 즐길 수 있는 대용량 패키지 박스(핫/8잔, 아이스/6잔,Tall 사이즈 기준)
101	772	36	투 고 백 아이스 자몽 허니 블랙 티 6잔
101	826	36	35,400원
101	884	36	(아이스)자몽 허니 블랙 티 Tall 6잔이 투 고 백(이미지)에 담겨 아이스 톨 컵/리드 6개와 함께 제공됩니다.안전한 배달을 위해 6잔 음료에 사용되는 얼음은 정량에 맞추어 4개의 컵에 제공되오니, 수령 후 2개의 빈 컵에 얼음을 나누어 취식해 주시기 바랍니다.세종/제주 지역은 일회용컵 보증금(잔당 300원)제도 시행에 따라 일회용컵이 제공되며, 반납 시 환급됩니다.
101	992	36	투 고 백 아이스 유자 민트 티 6잔
101	1046	36	36,600원
101	1104	36	(아이스) 유자 민트 티 Tall 6잔이 투 고 백(이미지)에 담겨 아이스 톨 컵/리드 6개와 함께 제공됩니다.안전한 배달을 위해 6잔 음료에 사용되는 얼음은 정량에 맞추어 4개의 컵에 제공되오니, 수령 후 2개의 빈 컵에 얼음을 나누어 취식해 주시기 바랍니다.세종/제주 지역은 일회용컵 보증금(잔당 300원)제도 시행에 따라 일회용컵이 제공되며, 반납 시 환급됩니다.
101	1212	36	투 고 백 아이스 아메리카노 6잔
101	1266	36	28,200원
101	1324	36	(아이스)카페 아메리카노 Tall 6잔이 투 고 백(이미지)에 담겨 아이스 톨 컵/리드 6개와 함께 제공됩니다.안전한 배달을 위해 6잔 음료에 사용되는 얼음은 정량에 맞추어 4개의 컵에 제공되오니, 수령 후 2개의 빈 컵에 얼음을 나누어 취식해 주시기 바랍니다.세종/제주 지역은 일회용컵 보증금(잔당 300원)제도 시행에 따라 일회용컵이 제공되며, 반납 시 환급됩니다.
101	1432	36	투 고 백 아이스 라떼 6잔
101	1441	121	지금 와우 가입하면 배달비 0원 + 25,000원 쿠폰
101	1458	781	가입하기
101	1486	36	31,200원
101	1544	36	(아이스)카페 라떼 Tall 6잔이 투 고 백(이미지)에 담겨 아이스 톨 컵/리드 6개와 함께 제공됩니다.안전한 배달을 위해 6잔 음료에 사용되는 얼음은 정량에 맞추어 4개의 컵에 제공되오니, 수령 후 2개의 빈 컵에 얼음을 나누어 취식해 주시기 바랍니다.세종/제주 지역은 일회용컵 보증금(잔당 300원)제도 시행에 따라 일회용컵이 제공되며, 반납 시 환급됩니다.
101	1556	24	배달비 0원 적용 중
102	0	0	(핫)디카페인 카페 아메리카노 Tall 8잔이 투 고 백(이미지)에 담겨 톨 컵/리드 8개와 함께 제공됩니다.세종/제주 지역은 일회용컵 보증금(잔당 300원)제도 시행에 따라 일회용컵이 제공되며, 반납 시 환급됩니다.
102	66	155	스타벅스 역삼아레나빌딩점 내 메뉴를 찾아보세요
102	132	42	To Go Bag
102	151	285	브루드 커피
102	151	461	기타 음료
102	151	615	스타벅스 주스
102	151	813	스낵
102	155	114	To Go Bag
102	175	36	언제, 어디서나 편리하게 이동하여 음료를 즐길 수 있는 대용량 패키지 박스(핫/8잔, 아이스/6잔,Tall 사이즈 기준)
102	182	51	2 / 6
102	248	279	스타벅스 역삼아레나빌딩점
102	277	36	투 고 백 아이스 자몽 허니 블랙 티 6잔
102	298	412	4.9(675)
102	331	36	35,400원
102	389	36	(아이스)자몽 허니 블랙 티 Tall 6잔이 투 고 백(이미지)에 담겨 아이스 톨 컵/리드 6개와 함께 제공됩니다.안전한 배달을 위해 6잔 음료에 사용되는 얼음은 정량에 맞추어 4개의 컵에 제공되오니, 수령 후 2개의 빈 컵에 얼음을 나누어 취식해 주시기 바랍니다.세종/제주 지역은 일회용컵 보증금(잔당 300원)제도 시행에 따라 일회용컵이 제공되며, 반납 시 환급됩니다.
102	497	36	투 고 백 아이스 유자 민트 티 6잔
102	551	36	36,600원
102	609	36	(아이스) 유자 민트 티 Tall 6잔이 투 고 백(이미지)에 담겨 아이스 톨 컵/리드 6개와 함께 제공됩니다.안전한 배달을 위해 6잔 음료에 사용되는 얼음은 정량에 맞추어 4개의 컵에 제공되오니, 수령 후 2개의 빈 컵에 얼음을 나누어 취식해 주시기 바랍니다.세종/제주 지역은 일회용컵 보증금(잔당 300원)제도 시행에 따라 일회용컵이 제공되며, 반납 시 환급됩니다.
102	717	36	투 고 백 아이스 아메리카노 6잔
102	771	36	28,200원
102	829	36	(아이스)카페 아메리카노 Tall 6잔이 투 고 백(이미지)에 담겨 아이스 톨 컵/리드 6개와 함께 제공됩니다.안전한 배달을 위해 6잔 음료에 사용되는 얼음은 정량에 맞추어 4개의 컵에 제공되오니, 수령 후 2개의 빈 컵에 얼음을 나누어 취식해 주시기 바랍니다.세종/제주 지역은 일회용컵 보증금(잔당 300원)제도 시행에 따라 일회용컵이 제공되며, 반납 시 환급됩니다.
102	937	36	투 고 백 아이스 라떼 6잔
102	991	36	31,200원
102	1049	36	(아이스)카페 라떼 Tall 6잔이 투 고 백(이미지)에 담겨 아이스 톨 컵/리드 6개와 함께 제공됩니다.안전한 배달을 위해 6잔 음료에 사용되는 얼음은 정량에 맞추어 4개의 컵에 제공되오니, 수령 후 2개의 빈 컵에 얼음을 나누어 취식해 주시기 바랍니다.세종/제주 지역은 일회용컵 보증금(잔당 300원)제도 시행에 따라 일회용컵이 제공되며, 반납 시 환급됩니다.
102	1157	36	투 고 백 아메리카노 8잔
102	1211	36	37,600원
102	1269	36	(핫)카페 아메리카노 Tall 8잔이 투 고 백(이미지)에 담겨 톨 컵/리드 8개와 함께 제공됩니다.세종/제주 지역은 일회용컵 보증금(잔당 300원)제도 시행에 따라 일회용컵이 제공되며, 반납 시 환급됩니다.
102	1377	36	투 고 백 라떼 8잔
102	1431	36	41,600원
102	1441	121	지금 와우 가입하면 배달비 0원 + 25,000원 쿠폰
102	1458	781	가입하기
102	1489	36	(핫)카페 라떼 Tall 8잔이 투 고 백(이미지)에 담겨 톨 컵/리드 8개와 함께 제공됩니다.세종/제주 지역은 일회용컵 보증금(잔당 300원)제도 시행에 따라 일회용컵이 제공되며, 반납 시 환급됩니다.
102	1556	24	배달비 0원 적용 중
102	1597	36	투 고 백 디카페인 아메리카노 8잔
103	0	0	(아이스) 디카페인 카페 아메리카노 Tall 6잔이 투 고 백(이미지)에 담겨 아이스 톨 컵/리드 6개와 함께 제공됩니다.안전한 배달을 위해 6잔 음료에 사용되는 얼음은 정량에 맞추어 4개의 컵에 제공되오니, 수령 후 2개의 빈 컵에 얼음을 나누어 취식해 주시기 바랍니다.세종/제주 지역은 일회용컵 보증금(잔당 300원)제도 시행에 따라 일회용컵이 제공되며, 반납 시 환급됩니다.
103	13	36	투 고 백 아이스 유자 민트 티 6잔
103	66	155	스타벅스 역삼아레나빌딩점 내 메뉴를 찾아보세요
103	125	36	(아이스) 유자 민트 티 Tall 6잔이 투 고 백(이미지)에 담겨 아이스 톨 컵/리드 6개와 함께 제공됩니다.안전한 배달을 위해 6잔 음료에 사용되는 얼음은 정량에 맞추어 4개의 컵에 제공되오니, 수령 후 2개의 빈 컵에 얼음을 나누어 취식해 주시기 바랍니다.세종/제주 지역은 일회용컵 보증금(잔당 300원)제도 시행에 따라 일회용컵이 제공되며, 반납 시 환급됩니다.
103	151	285	브루드 커피
103	151	461	기타 음료
103	151	615	스타벅스 주스
103	151	813	스낵
103	155	114	To Go Bag
103	182	51	3 / 6
103	233	36	투 고 백 아이스 아메리카노 6잔
103	248	279	스타벅스 역삼아레나빌딩점
103	287	36	28,200원
103	298	412	4.9(675)
103	345	36	(아이스)카페 아메리카노 Tall 6잔이 투 고 백(이미지)에 담겨 아이스 톨 컵/리드 6개와 함께 제공됩니다.안전한 배달을 위해 6잔 음료에 사용되는 얼음은 정량에 맞추어 4개의 컵에 제공되오니, 수령 후 2개의 빈 컵에 얼음을 나누어 취식해 주시기 바랍니다.세종/제주 지역은 일회용컵 보증금(잔당 300원)제도 시행에 따라 일회용컵이 제공되며, 반납 시 환급됩니다.
103	453	36	투 고 백 아이스 라떼 6잔
103	507	36	31,200원
103	565	36	(아이스)카페 라떼 Tall 6잔이 투 고 백(이미지)에 담겨 아이스 톨 컵/리드 6개와 함께 제공됩니다.안전한 배달을 위해 6잔 음료에 사용되는 얼음은 정량에 맞추어 4개의 컵에 제공되오니, 수령 후 2개의 빈 컵에 얼음을 나누어 취식해 주시기 바랍니다.세종/제주 지역은 일회용컵 보증금(잔당 300원)제도 시행에 따라 일회용컵이 제공되며, 반납 시 환급됩니다.
103	673	36	투 고 백 아메리카노 8잔
103	727	36	37,600원
103	785	36	(핫)카페 아메리카노 Tall 8잔이 투 고 백(이미지)에 담겨 톨 컵/리드 8개와 함께 제공됩니다.세종/제주 지역은 일회용컵 보증금(잔당 300원)제도 시행에 따라 일회용컵이 제공되며, 반납 시 환급됩니다.
103	893	36	투 고 백 라떼 8잔
103	947	36	41,600원
103	1005	36	(핫)카페 라떼 Tall 8잔이 투 고 백(이미지)에 담겨 톨 컵/리드 8개와 함께 제공됩니다.세종/제주 지역은 일회용컵 보증금(잔당 300원)제도 시행에 따라 일회용컵이 제공되며, 반납 시 환급됩니다.
103	1113	36	투 고 백 디카페인 아메리카노 8잔
103	1167	36	40,000원
103	1225	36	(핫)디카페인 카페 아메리카노 Tall 8잔이 투 고 백(이미지)에 담겨 톨 컵/리드 8개와 함께 제공됩니다.세종/제주 지역은 일회용컵 보증금(잔당 300원)제도 시행에 따라 일회용컵이 제공되며, 반납 시 환급됩니다.
103	1333	36	투 고 백 블론드 아메리카노 8잔
103	1387	36	37,600원
103	1441	121	지금 와우 가입하면 배달비 0원 + 25,000원 쿠폰
103	1445	36	(핫)블론드 카페 아메리카노 Tall 8잔이 투 고 백(이미지)에 담겨 톨 컵/리드 8개와 함께 제공됩니다.세종/제주 지역은 일회용컵 보증금(잔당 300원)제도 시행에 따라 일회용컵이 제공되며, 반납 시 환급됩니다.
103	1458	781	가입하기
103	1553	36	투 고 백 아이스 디카페인 아메리카노 6잔
103	1556	24	배달비 0원 적용 중
104	0	0	콜드 브루 Tall 6잔이 투 고 백(이미지)에 담겨 아이스 톨 컵/리드 6개와 함께 제공됩니다.안전한 배달을 위해 6잔 음료에 사용되는 얼음은 정량에 맞추어 4개의 컵에 제공되오니, 수령 후 2개의 빈 컵에 얼음을 나누어 취식해 주시기 바랍니다.세종/제주 지역은 일회용컵 보증금(잔당 300원)제도 시행에 따라 일회용컵이 제공되며, 반납 시 환급됩니다.
104	0	0	투 고 백 아이스 라떼 6잔
104	66	155	스타벅스 역삼아레나빌딩점 내 메뉴를 찾아보세요
104	71	36	(아이스)카페 라떼 Tall 6잔이 투 고 백(이미지)에 담겨 아이스 톨 컵/리드 6개와 함께 제공됩니다.안전한 배달을 위해 6잔 음료에 사용되는 얼음은 정량에 맞추어 4개의 컵에 제공되오니, 수령 후 2개의 빈 컵에 얼음을 나누어 취식해 주시기 바랍니다.세종/제주 지역은 일회용컵 보증금(잔당 300원)제도 시행에 따라 일회용컵이 제공되며, 반납 시 환급됩니다.
104	151	285	브루드 커피
104	151	461	기타 음료
104	151	615	스타벅스 주스
104	151	813	스낵
104	155	114	To Go Bag
104	179	36	투 고 백 아메리카노 8잔
104	182	51	4 / 6
104	233	36	37,600원
104	248	279	스타벅스 역삼아레나빌딩점
104	291	36	(핫)카페 아메리카노 Tall 8잔이 투 고 백(이미지)에 담겨 톨 컵/리드 8개와 함께 제공됩니다.세종/제주 지역은 일회용컵 보증금(잔당 300원)제도 시행에 따라 일회용컵이 제공되며, 반납 시 환급됩니다.
104	298	412	4.9(675)
104	399	36	투 고 백 라떼 8잔
104	453	36	41,600원
104	511	36	(핫)카페 라떼 Tall 8잔이 투 고 백(이미지)에 담겨 톨 컵/리드 8개와 함께 제공됩니다.세종/제주 지역은 일회용컵 보증금(잔당 300원)제도 시행에 따라 일회용컵이 제공되며, 반납 시 환급됩니다.
104	619	36	투 고 백 디카페인 아메리카노 8잔
104	673	36	40,000원
104	731	36	(핫)디카페인 카페 아메리카노 Tall 8잔이 투 고 백(이미지)에 담겨 톨 컵/리드 8개와 함께 제공됩니다.세종/제주 지역은 일회용컵 보증금(잔당 300원)제도 시행에 따라 일회용컵이 제공되며, 반납 시 환급됩니다.
104	839	36	투 고 백 블론드 아메리카노 8잔
104	893	36	37,600원
104	951	36	(핫)블론드 카페 아메리카노 Tall 8잔이 투 고 백(이미지)에 담겨 톨 컵/리드 8개와 함께 제공됩니다.세종/제주 지역은 일회용컵 보증금(잔당 300원)제도 시행에 따라 일회용컵이 제공되며, 반납 시 환급됩니다.
104	1059	36	투 고 백 아이스 디카페인 아메리카노 6잔
104	1113	36	30,000원
104	1171	36	(아이스) 디카페인 카페 아메리카노 Tall 6잔이 투 고 백(이미지)에 담겨 아이스 톨 컵/리드 6개와 함께 제공됩니다.안전한 배달을 위해 6잔 음료에 사용되는 얼음은 정량에 맞추어 4개의 컵에 제공되오니, 수령 후 2개의 빈 컵에 얼음을 나누어 취식해 주시기 바랍니다.세종/제주 지역은 일회용컵 보증금(잔당 300원)제도 시행에 따라 일회용컵이 제공되며, 반납 시 환급됩니다.
104	1279	36	투 고 백 아이스 블론드 아메리카노 6잔
104	1333	36	28,200원
104	1391	36	(아이스) 블론드 카페 아메리카노 Tall 6잔이 투 고 백(이미지)에 담겨 아이스 톨 컵/리드 6개와 함께 제공됩니다.안전한 배달을 위해 6잔 음료에 사용되는 얼음은 정량에 맞추어 4개의 컵에 제공되오니, 수령 후 2개의 빈 컵에 얼음을 나누어 취식해 주시기 바랍니다.세종/제주 지역은 일회용컵 보증금(잔당 300원)제도 시행에 따라 일회용컵이 제공되며, 반납 시 환급됩니다.
104	1441	121	지금 와우 가입하면 배달비 0원 + 25,000원 쿠폰
104	1458	781	가입하기
104	1499	36	투 고 백 콜드브루 6잔
104	1553	36	30,600원
104	1556	24	배달비 0원 적용 중
105	0	0	매장에서 추출한 아이스 커피와 화이트 초콜릿이 어우러진 커피 우유 스타일의 가벼운 드립 커피 라떼주기적으로 달라지는 브루드 커피 원두와 함께 드립 라떼의 새로운 매력을 느껴보세요
105	66	155	스타벅스 역삼아레나빌딩점 내 메뉴를 찾아보세요
105	126	36	투 고 백 디카페인 아메리카노 8잔
105	151	285	브루드 커피
105	151	461	기타 음료
105	151	615	스타벅스 주스
105	151	813	스낵
105	155	114	To Go Bag
105	180	36	40,000원
105	182	51	5 / 6
105	238	36	(핫)디카페인 카페 아메리카노 Tall 8잔이 투 고 백(이미지)에 담겨 톨 컵/리드 8개와 함께 제공됩니다.세종/제주 지역은 일회용컵 보증금(잔당 300원)제도 시행에 따라 일회용컵이 제공되며, 반납 시 환급됩니다.
105	248	279	스타벅스 역삼아레나빌딩점
105	298	412	4.9(675)
105	346	36	투 고 백 블론드 아메리카노 8잔
105	400	36	37,600원
105	458	36	(핫)블론드 카페 아메리카노 Tall 8잔이 투 고 백(이미지)에 담겨 톨 컵/리드 8개와 함께 제공됩니다.세종/제주 지역은 일회용컵 보증금(잔당 300원)제도 시행에 따라 일회용컵이 제공되며, 반납 시 환급됩니다.
105	566	36	투 고 백 아이스 디카페인 아메리카노 6잔
105	620	36	30,000원
105	678	36	(아이스) 디카페인 카페 아메리카노 Tall 6잔이 투 고 백(이미지)에 담겨 아이스 톨 컵/리드 6개와 함께 제공됩니다.안전한 배달을 위해 6잔 음료에 사용되는 얼음은 정량에 맞추어 4개의 컵에 제공되오니, 수령 후 2개의 빈 컵에 얼음을 나누어 취식해 주시기 바랍니다.세종/제주 지역은 일회용컵 보증금(잔당 300원)제도 시행에 따라 일회용컵이 제공되며, 반납 시 환급됩니다.
105	786	36	투 고 백 아이스 블론드 아메리카노 6잔
105	840	36	28,200원
105	898	36	(아이스) 블론드 카페 아메리카노 Tall 6잔이 투 고 백(이미지)에 담겨 아이스 톨 컵/리드 6개와 함께 제공됩니다.안전한 배달을 위해 6잔 음료에 사용되는 얼음은 정량에 맞추어 4개의 컵에 제공되오니, 수령 후 2개의 빈 컵에 얼음을 나누어 취식해 주시기 바랍니다.세종/제주 지역은 일회용컵 보증금(잔당 300원)제도 시행에 따라 일회용컵이 제공되며, 반납 시 환급됩니다.
105	1006	36	투 고 백 콜드브루 6잔
105	1060	36	30,600원
105	1118	36	콜드 브루 Tall 6잔이 투 고 백(이미지)에 담겨 아이스 톨 컵/리드 6개와 함께 제공됩니다.안전한 배달을 위해 6잔 음료에 사용되는 얼음은 정량에 맞추어 4개의 컵에 제공되오니, 수령 후 2개의 빈 컵에 얼음을 나누어 취식해 주시기 바랍니다.세종/제주 지역은 일회용컵 보증금(잔당 300원)제도 시행에 따라 일회용컵이 제공되며, 반납 시 환급됩니다.
105	1226	36	투 고 백 시그니처 핫 초콜릿 8잔
105	1280	36	47,200원
105	1338	36	시그니처 핫 초콜릿 Tall 8잔이 투 고 백(이미지)에 담겨 톨 컵/리드 8개와 함께 제공됩니다.세종/제주 지역은 일회용컵 보증금(잔당 300원)제도 시행에 따라 일회용컵이 제공되며, 반납 시 환급됩니다.
105	1441	121	지금 와우 가입하면 배달비 0원 + 25,000원 쿠폰
105	1458	781	가입하기
105	1476	42	브루드 커피
105	1522	36	종이 필터를 통해 원두를 우려낸 드립 커피
105	1556	24	배달비 0원 적용 중
105	1596	36	스위트 밀크 커피
106	0	0	리뷰 (1)
106	0	0	봄을 상큼하게 물들이는 딸기의 새콤 달콤함과 우유의 부드러움이 어우러진 스타벅스 딸기 라떼
106	66	155	스타벅스 역삼아레나빌딩점 내 메뉴를 찾아보세요
106	79	36	투 고 백 아이스 디카페인 아메리카노 6잔
106	133	36	30,000원
106	151	285	브루드 커피
106	151	461	기타 음료
106	151	615	스타벅스 주스
106	151	813	스낵
106	155	114	To Go Bag
106	182	51	6 / 6
106	191	36	(아이스) 디카페인 카페 아메리카노 Tall 6잔이 투 고 백(이미지)에 담겨 아이스 톨 컵/리드 6개와 함께 제공됩니다.안전한 배달을 위해 6잔 음료에 사용되는 얼음은 정량에 맞추어 4개의 컵에 제공되오니, 수령 후 2개의 빈 컵에 얼음을 나누어 취식해 주시기 바랍니다.세종/제주 지역은 일회용컵 보증금(잔당 300원)제도 시행에 따라 일회용컵이 제공되며, 반납 시 환급됩니다.
106	248	279	스타벅스 역삼아레나빌딩점
106	298	412	4.9(675)
106	299	36	투 고 백 아이스 블론드 아메리카노 6잔
106	353	36	28,200원
106	411	36	(아이스) 블론드 카페 아메리카노 Tall 6잔이 투 고 백(이미지)에 담겨 아이스 톨 컵/리드 6개와 함께 제공됩니다.안전한 배달을 위해 6잔 음료에 사용되는 얼음은 정량에 맞추어 4개의 컵에 제공되오니, 수령 후 2개의 빈 컵에 얼음을 나누어 취식해 주시기 바랍니다.세종/제주 지역은 일회용컵 보증금(잔당 300원)제도 시행에 따라 일회용컵이 제공되며, 반납 시 환급됩니다.
106	519	36	투 고 백 콜드브루 6잔
106	573	36	30,600원
106	631	36	콜드 브루 Tall 6잔이 투 고 백(이미지)에 담겨 아이스 톨 컵/리드 6개와 함께 제공됩니다.안전한 배달을 위해 6잔 음료에 사용되는 얼음은 정량에 맞추어 4개의 컵에 제공되오니, 수령 후 2개의 빈 컵에 얼음을 나누어 취식해 주시기 바랍니다.세종/제주 지역은 일회용컵 보증금(잔당 300원)제도 시행에 따라 일회용컵이 제공되며, 반납 시 환급됩니다.
106	739	36	투 고 백 시그니처 핫 초콜릿 8잔
106	793	36	47,200원
106	851	36	시그니처 핫 초콜릿 Tall 8잔이 투 고 백(이미지)에 담겨 톨 컵/리드 8개와 함께 제공됩니다.세종/제주 지역은 일회용컵 보증금(잔당 300원)제도 시행에 따라 일회용컵이 제공되며, 반납 시 환급됩니다.
106	989	42	브루드 커피
106	1035	36	종이 필터를 통해 원두를 우려낸 드립 커피
106	1109	36	스위트 밀크 커피
106	1163	36	5,700원
106	1221	36	매장에서 추출한 아이스 커피와 화이트 초콜릿이 어우러진 커피 우유 스타일의 가벼운 드립 커피 라떼주기적으로 달라지는 브루드 커피 원두와 함께 드립 라떼의 새로운 매력을 느껴보세요
106	1359	42	기타 음료
106	1405	36	주문 건 당 최대 20잔까지 추가할 수 있습니다. 더 많은 수량이 필요하신 경우, 주문을 나누어 이용해 주세요.
106	1441	121	지금 와우 가입하면 배달비 0원 + 25,000원 쿠폰
106	1458	781	가입하기
106	1507	36	스타벅스 딸기 라떼
106	1556	24	배달비 0원 적용 중
106	1561	36	6,500원
107	0	0	깊고 진한 초콜릿과 부드러운 휘핑크림이 입안에서 사르르 녹는 초콜릿 음료
107	36	36	투 고 백 콜드브루 6잔
107	66	155	스타벅스 역삼아레나빌딩점 내 메뉴를 찾아보세요
107	148	36	콜드 브루 Tall 6잔이 투 고 백(이미지)에 담겨 아이스 톨 컵/리드 6개와 함께 제공됩니다.안전한 배달을 위해 6잔 음료에 사용되는 얼음은 정량에 맞추어 4개의 컵에 제공되오니, 수령 후 2개의 빈 컵에 얼음을 나누어 취식해 주시기 바랍니다.세종/제주 지역은 일회용컵 보증금(잔당 300원)제도 시행에 따라 일회용컵이 제공되며, 반납 시 환급됩니다.
107	151	285	브루드 커피
107	151	461	기타 음료
107	151	615	스타벅스 주스
107	151	813	스낵
107	155	114	To Go Bag
107	182	51	1 / 6
107	248	279	스타벅스 역삼아레나빌딩점
107	256	36	투 고 백 시그니처 핫 초콜릿 8잔
107	298	412	4.9(675)
107	310	36	47,200원
107	368	36	시그니처 핫 초콜릿 Tall 8잔이 투 고 백(이미지)에 담겨 톨 컵/리드 8개와 함께 제공됩니다.세종/제주 지역은 일회용컵 보증금(잔당 300원)제도 시행에 따라 일회용컵이 제공되며, 반납 시 환급됩니다.
107	506	42	브루드 커피
107	552	36	종이 필터를 통해 원두를 우려낸 드립 커피
107	626	36	스위트 밀크 커피
107	680	36	5,700원
107	738	36	매장에서 추출한 아이스 커피와 화이트 초콜릿이 어우러진 커피 우유 스타일의 가벼운 드립 커피 라떼주기적으로 달라지는 브루드 커피 원두와 함께 드립 라떼의 새로운 매력을 느껴보세요
107	876	42	기타 음료
107	922	36	주문 건 당 최대 20잔까지 추가할 수 있습니다. 더 많은 수량이 필요하신 경우, 주문을 나누어 이용해 주세요.
107	1024	36	스타벅스 딸기 라떼
107	1078	36	6,500원
107	1136	36	봄을 상큼하게 물들이는 딸기의 새콤 달콤함과 우유의 부드러움이 어우러진 스타벅스 딸기 라떼
107	1214	63	리뷰 (1)
107	1288	36	시그니처 핫 초콜릿
107	1342	36	5,900원
107	1400	36	배달 주문 시에는 휘핑크림 없이 제공됩니다. 깊고 진한 초콜릿과 부드러운 휘핑크림이 입안에서 사르르 녹는 초콜릿 음료
107	1441	121	지금 와우 가입하면 배달비 0원 + 25,000원 쿠폰
107	1458	781	가입하기
107	1508	36	아이스 시그니처 초콜릿
107	1556	24	배달비 0원 적용 중
107	1562	36	5,900원
108	66	155	스타벅스 역삼아레나빌딩점 내 메뉴를 찾아보세요
108	140	36	스위트 밀크 커피
108	151	114	브루드 커피
108	151	290	기타 음료
108	151	444	스타벅스 주스
108	151	642	스낵
108	151	746	원두
108	151	850	오리가미
108	182	51	2 / 6
108	194	36	5,700원
108	248	279	스타벅스 역삼아레나빌딩점
108	252	36	매장에서 추출한 아이스 커피와 화이트 초콜릿이 어우러진 커피 우유 스타일의 가벼운 드립 커피 라떼주기적으로 달라지는 브루드 커피 원두와 함께 드립 라떼의 새로운 매력을 느껴보세요
108	298	412	4.9(675)
108	390	42	기타 음료
108	436	36	주문 건 당 최대 20잔까지 추가할 수 있습니다. 더 많은 수량이 필요하신 경우, 주문을 나누어 이용해 주세요.
108	538	36	스타벅스 딸기 라떼
108	592	36	6,500원
108	650	36	봄을 상큼하게 물들이는 딸기의 새콤 달콤함과 우유의 부드러움이 어우러진 스타벅스 딸기 라떼
108	728	63	리뷰 (1)
108	802	36	시그니처 핫 초콜릿
108	856	36	5,900원
108	914	36	배달 주문 시에는 휘핑크림 없이 제공됩니다. 깊고 진한 초콜릿과 부드러운 휘핑크림이 입안에서 사르르 녹는 초콜릿 음료
108	1022	36	아이스 시그니처 초콜릿
108	1076	36	5,900원
108	1134	36	깊고 진한 초콜릿과 부드러운 휘핑크림이 입안에서 사르르 녹는 초콜릿 음료
108	1242	36	스팀 우유
108	1296	36	4,100원
108	1354	36	부드럽고 담백한 따뜻한 우유.
108	1441	121	지금 와우 가입하면 배달비 0원 + 25,000원 쿠폰
108	1455	36	우유
108	1458	781	가입하기
108	1509	36	4,100원
108	1556	24	배달비 0원 적용 중
108	1567	36	부드럽고 담백한 신선한 우유.
109	0	0	리뷰 (1)
109	0	0	프리미엄 유기농 오렌지 주스로 스페인산 오렌지 착즙오렌지 그대로 100% 담긴 3개 분량물, 설탕, 첨가물 없는 오렌지 그대로의 맛
109	45	36	스타벅스 딸기 라떼
109	66	155	스타벅스 역삼아레나빌딩점 내 메뉴를 찾아보세요
109	132	36	6,500원
109	151	114	기타 음료
109	151	268	스타벅스 주스
109	151	466	스낵
109	151	570	원두
109	151	674	오리가미
109	151	822	비아
109	157	36	봄을 상큼하게 물들이는 딸기의 새콤 달콤함과 우유의 부드러움이 어우러진 스타벅스 딸기 라떼
109	182	51	3 / 6
109	235	63	리뷰 (1)
109	248	279	스타벅스 역삼아레나빌딩점
109	298	412	4.9(675)
109	309	36	시그니처 핫 초콜릿
109	363	36	5,900원
109	421	36	배달 주문 시에는 휘핑크림 없이 제공됩니다. 깊고 진한 초콜릿과 부드러운 휘핑크림이 입안에서 사르르 녹는 초콜릿 음료
109	529	36	아이스 시그니처 초콜릿
109	583	36	5,900원
109	641	36	깊고 진한 초콜릿과 부드러운 휘핑크림이 입안에서 사르르 녹는 초콜릿 음료
109	749	36	스팀 우유
109	803	36	4,100원
109	861	36	부드럽고 담백한 따뜻한 우유.
109	962	36	우유
109	1016	36	4,100원
109	1074	36	부드럽고 담백한 신선한 우유.
109	1205	42	스타벅스 주스
109	1251	36	구매 즉시 바로 마실 수 있는 병에 담긴 음료
109	1325	36	딸기주스 190ML
109	1379	36	4,500원
109	1437	36	달콤한 국내산 딸기의 과육이 듬뿍 느껴지는 주스
109	1441	121	지금 와우 가입하면 배달비 0원 + 25,000원 쿠폰
109	1458	781	가입하기
109	1485	72	품절임박
109	1485	166	잔여 3개
109	1556	24	배달비 0원 적용 중
109	1565	36	유기농 오렌지 100% 주스 190ML
110	39	36	아이스 시그니처 초콜릿
110	66	155	스타벅스 역삼아레나빌딩점 내 메뉴를 찾아보세요
110	132	36	5,900원
110	151	36	깊고 진한 초콜릿과 부드러운 휘핑크림이 입안에서 사르르 녹는 초콜릿 음료
110	151	114	기타 음료
110	151	268	스타벅스 주스
110	151	466	스낵
110	151	570	원두
110	151	674	오리가미
110	151	822	비아
110	182	51	4 / 6
110	248	279	스타벅스 역삼아레나빌딩점
110	259	36	스팀 우유
110	298	412	4.9(675)
110	313	36	4,100원
110	371	36	부드럽고 담백한 따뜻한 우유.
110	472	36	우유
110	526	36	4,100원
110	584	36	부드럽고 담백한 신선한 우유.
110	715	42	스타벅스 주스
110	761	36	구매 즉시 바로 마실 수 있는 병에 담긴 음료
110	835	36	딸기주스 190ML
110	889	36	4,500원
110	947	36	달콤한 국내산 딸기의 과육이 듬뿍 느껴지는 주스
110	995	72	품절임박
110	995	166	잔여 3개
110	1075	36	유기농 오렌지 100% 주스 190ML
110	1129	36	4,900원
110	1187	36	프리미엄 유기농 오렌지 주스로 스페인산 오렌지 착즙오렌지 그대로 100% 담긴 3개 분량물, 설탕, 첨가물 없는 오렌지 그대로의 맛
110	1265	72	품절임박
110	1265	166	잔여 8개
110	1315	63	리뷰 (1)
110	1389	36	딸기 가득 요거트 190ML
110	1441	121	지금 와우 가입하면 배달비 0원 + 25,000원 쿠폰
110	1443	36	4,100원
110	1458	781	가입하기
110	1501	36	상큼 달콤 딸기 과육이 한가득 씹히는 마시는 요거트 음료
110	1549	72	품절임박
110	1549	166	잔여 4개
110	1556	24	배달비 0원 적용 중
111	0	36	우유
111	66	155	스타벅스 역삼아레나빌딩점 내 메뉴를 찾아보세요
111	100	36	부드럽고 담백한 신선한 우유.
111	151	114	기타 음료
111	151	268	스타벅스 주스
111	151	466	스낵
111	151	570	원두
111	151	674	오리가미
111	151	822	비아
111	182	51	5 / 6
111	231	42	스타벅스 주스
111	248	279	스타벅스 역삼아레나빌딩점
111	277	36	구매 즉시 바로 마실 수 있는 병에 담긴 음료
111	298	412	4.9(675)
111	351	36	딸기주스 190ML
111	405	36	4,500원
111	463	36	달콤한 국내산 딸기의 과육이 듬뿍 느껴지는 주스
111	511	72	품절임박
111	511	166	잔여 3개
111	591	36	유기농 오렌지 100% 주스 190ML
111	645	36	4,900원
111	703	36	프리미엄 유기농 오렌지 주스로 스페인산 오렌지 착즙오렌지 그대로 100% 담긴 3개 분량물, 설탕, 첨가물 없는 오렌지 그대로의 맛
111	781	72	품절임박
111	781	166	잔여 8개
111	831	63	리뷰 (1)
111	905	36	딸기 가득 요거트 190ML
111	959	36	4,100원
111	1017	36	상큼 달콤 딸기 과육이 한가득 씹히는 마시는 요거트 음료
111	1065	72	품절임박
111	1065	166	잔여 4개
111	1145	36	햇사과 주스 190ML
111	1199	36	4,700원
111	1257	36	달콤새콤한 햇사과 1개 반을 껍질 그대로 착즙한 사과 주스
111	1305	72	품절임박
111	1305	166	잔여 7개
111	1385	36	망고주스 190ML
111	1439	36	4,700원
111	1441	121	지금 와우 가입하면 배달비 0원 + 25,000원 쿠폰
111	1458	781	가입하기
111	1497	36	노랗게 익은 열대과일 망고가 입안 가득 느껴지는 주스
111	1545	72	품절임박
111	1545	166	잔여 4개
111	1556	24	배달비 0원 적용 중
112	0	0	리뷰 (1)
112	0	0	블루베리 과육이 입안 가득 느껴지는 마시는 요거트
112	0	0	블루베리 요거트 190ML
112	66	155	스타벅스 역삼아레나빌딩점 내 메뉴를 찾아보세요
112	97	36	유기농 오렌지 100% 주스 190ML
112	151	36	4,900원
112	151	114	스타벅스 주스
112	151	312	스낵
112	151	416	원두
112	151	520	오리가미
112	151	668	비아
112	151	772	패키지 티
112	182	51	6 / 6
112	209	36	프리미엄 유기농 오렌지 주스로 스페인산 오렌지 착즙오렌지 그대로 100% 담긴 3개 분량물, 설탕, 첨가물 없는 오렌지 그대로의 맛
112	248	279	스타벅스 역삼아레나빌딩점
112	287	72	품절임박
112	287	166	잔여 8개
112	298	412	4.9(675)
112	337	63	리뷰 (1)
112	411	36	딸기 가득 요거트 190ML
112	465	36	4,100원
112	523	36	상큼 달콤 딸기 과육이 한가득 씹히는 마시는 요거트 음료
112	571	72	품절임박
112	571	166	잔여 4개
112	651	36	햇사과 주스 190ML
112	705	36	4,700원
112	763	36	달콤새콤한 햇사과 1개 반을 껍질 그대로 착즙한 사과 주스
112	811	72	품절임박
112	811	166	잔여 7개
112	891	36	망고주스 190ML
112	945	36	4,700원
112	1003	36	노랗게 익은 열대과일 망고가 입안 가득 느껴지는 주스
112	1051	72	품절임박
112	1051	166	잔여 4개
112	1131	36	케일&사과주스 190ML
112	1185	36	4,000원
112	1243	36	국내산 케일과 사과의 달콤함이 조화로운 녹색 주스
112	1291	72	품절임박
112	1291	166	잔여 2개
112	1371	36	한라봉주스 190ML
112	1425	36	4,700원
112	1441	121	지금 와우 가입하면 배달비 0원 + 25,000원 쿠폰
112	1458	781	가입하기
112	1483	36	새콤달콤한 황금빛 제주 한라봉을 그대로 담아낸 주스
112	1531	72	품절임박
112	1531	166	잔여 3개
112	1556	24	배달비 0원 적용 중
113	0	0	딸기 가득 요거트 190ML
113	30	36	상큼 달콤 딸기 과육이 한가득 씹히는 마시는 요거트 음료
113	66	155	스타벅스 역삼아레나빌딩점 내 메뉴를 찾아보세요
113	151	114	스타벅스 주스
113	151	312	스낵
113	151	416	원두
113	151	520	오리가미
113	151	668	비아
113	151	772	패키지 티
113	158	36	햇사과 주스 190ML
113	182	51	1 / 6
113	212	36	4,700원
113	248	279	스타벅스 역삼아레나빌딩점
113	270	36	달콤새콤한 햇사과 1개 반을 껍질 그대로 착즙한 사과 주스
113	298	412	4.9(675)
113	318	72	품절임박
113	318	166	잔여 7개
113	398	36	망고주스 190ML
113	452	36	4,700원
113	510	36	노랗게 익은 열대과일 망고가 입안 가득 느껴지는 주스
113	558	72	품절임박
113	558	166	잔여 4개
113	638	36	케일&사과주스 190ML
113	692	36	4,000원
113	750	36	국내산 케일과 사과의 달콤함이 조화로운 녹색 주스
113	798	72	품절임박
113	798	166	잔여 2개
113	878	36	한라봉주스 190ML
113	932	36	4,700원
113	990	36	새콤달콤한 황금빛 제주 한라봉을 그대로 담아낸 주스
113	1038	72	품절임박
113	1038	166	잔여 3개
113	1118	36	블루베리 요거트 190ML
113	1172	36	4,500원
113	1230	36	블루베리 과육이 입안 가득 느껴지는 마시는 요거트
113	1278	72	품절임박
113	1278	166	잔여 6개
113	1328	63	리뷰 (1)
113	1402	36	ABC 클렌즈 190ML
113	1441	121	지금 와우 가입하면 배달비 0원 + 25,000원 쿠폰
113	1456	36	4,700원
113	1458	781	가입하기
113	1514	36	과일 및 채소를 착즙하여 만든 주스!사과, 비트, 당근이 들어가 과일&채소를 달콤하게 즐길 수 있는 음료
113	1556	24	배달비 0원 적용 중
113	1592	72	품절임박
113	1592	166	잔여 3개
114	66	155	스타벅스 역삼아레나빌딩점 내 메뉴를 찾아보세요
114	144	36	케일&사과주스 190ML
114	151	114	스타벅스 주스
114	151	312	스낵
114	151	416	원두
114	151	520	오리가미
114	151	668	비아
114	151	772	패키지 티
114	182	51	2 / 6
114	198	36	4,000원
114	248	279	스타벅스 역삼아레나빌딩점
114	256	36	국내산 케일과 사과의 달콤함이 조화로운 녹색 주스
114	298	412	4.9(675)
114	304	72	품절임박
114	304	166	잔여 2개
114	384	36	한라봉주스 190ML
114	438	36	4,700원
114	496	36	새콤달콤한 황금빛 제주 한라봉을 그대로 담아낸 주스
114	544	72	품절임박
114	544	166	잔여 3개
114	624	36	블루베리 요거트 190ML
114	678	36	4,500원
114	736	36	블루베리 과육이 입안 가득 느껴지는 마시는 요거트
114	784	72	품절임박
114	784	166	잔여 6개
114	834	63	리뷰 (1)
114	908	36	ABC 클렌즈 190ML
114	962	36	4,700원
114	1020	36	과일 및 채소를 착즙하여 만든 주스!사과, 비트, 당근이 들어가 과일&채소를 달콤하게 즐길 수 있는 음료
114	1098	72	품절임박
114	1098	166	잔여 3개
114	1178	36	케일 클렌즈 190ML
114	1232	36	4,700원
114	1290	36	과일 및 채소를 착즙하여 만든 주스!케일, 셀러리, 오이가 들어가 과일&채소를 건강하게 즐길 수 있는 음료
114	1368	72	품절임박
114	1368	166	잔여 4개
114	1441	121	지금 와우 가입하면 배달비 0원 + 25,000원 쿠폰
114	1458	781	가입하기
114	1478	42	스낵
114	1524	36	주문 건 당 최대 20잔까지 추가할 수 있습니다. 더 많은 수량이 필요하신 경우, 주문을 나누어 이용해 주세요.
114	1556	24	배달비 0원 적용 중
115	66	155	스타벅스 역삼아레나빌딩점 내 메뉴를 찾아보세요
115	132	36	블루베리 요거트 190ML
115	151	114	스타벅스 주스
115	151	312	스낵
115	151	416	원두
115	151	520	오리가미
115	151	668	비아
115	151	772	패키지 티
115	182	51	3 / 6
115	186	36	4,500원
115	244	36	블루베리 과육이 입안 가득 느껴지는 마시는 요거트
115	248	279	스타벅스 역삼아레나빌딩점
115	292	72	품절임박
115	292	166	잔여 6개
115	298	412	4.9(675)
115	342	63	리뷰 (1)
115	416	36	ABC 클렌즈 190ML
115	470	36	4,700원
115	528	36	과일 및 채소를 착즙하여 만든 주스!사과, 비트, 당근이 들어가 과일&채소를 달콤하게 즐길 수 있는 음료
115	606	72	품절임박
115	606	166	잔여 3개
115	686	36	케일 클렌즈 190ML
115	740	36	4,700원
115	798	36	과일 및 채소를 착즙하여 만든 주스!케일, 셀러리, 오이가 들어가 과일&채소를 건강하게 즐길 수 있는 음료
115	876	72	품절임박
115	876	166	잔여 4개
115	986	42	스낵
115	1032	36	주문 건 당 최대 20잔까지 추가할 수 있습니다. 더 많은 수량이 필요하신 경우, 주문을 나누어 이용해 주세요.
115	1134	36	치즈 감자 베이글칩
115	1188	36	3,500원
115	1246	36	고소한 감자 베이글에 짭조름한 파마산치즈 시즈닝을 더한 베이글칩입니다.* 섭취하실 때 딱딱할 수 있으니, 치아가 상하지 않도록 주의하여 주십시오.* 제품 표면의 반점은 치즈, 감자이며, 백색 반점은 원료에서 기인한 설탕 결정이므로 안심하고 드셔도 됩니다.* 감자 원재료의 특성상 껍질 일부가 제품에 포함될 수 있습니다.
115	1324	72	품절임박
115	1324	166	잔여 3개
115	1404	36	스타벅스 치즈 쿠키
115	1441	121	지금 와우 가입하면 배달비 0원 + 25,000원 쿠폰
115	1458	36	1,500원
115	1458	781	가입하기
115	1516	36	파마산 치즈의 짭조름한 맛과 버터의 풍미가 조화로운 쿠키입니다. 스타벅스에서만 만나볼 수 있는 고소한 치즈 쿠키를 음료와 함께 즐겨보세요.
115	1556	24	배달비 0원 적용 중
116	0	0	ABC 클렌즈 190ML
116	45	36	과일 및 채소를 착즙하여 만든 주스!사과, 비트, 당근이 들어가 과일&채소를 달콤하게 즐길 수 있는 음료
116	66	155	스타벅스 역삼아레나빌딩점 내 메뉴를 찾아보세요
116	132	72	품절임박
116	132	166	잔여 3개
116	151	114	스타벅스 주스
116	151	312	스낵
116	151	416	원두
116	151	520	오리가미
116	151	668	비아
116	151	772	패키지 티
116	182	51	4 / 6
116	203	36	케일 클렌즈 190ML
116	248	279	스타벅스 역삼아레나빌딩점
116	257	36	4,700원
116	298	412	4.9(675)
116	315	36	과일 및 채소를 착즙하여 만든 주스!케일, 셀러리, 오이가 들어가 과일&채소를 건강하게 즐길 수 있는 음료
116	393	72	품절임박
116	393	166	잔여 4개
116	503	42	스낵
116	549	36	주문 건 당 최대 20잔까지 추가할 수 있습니다. 더 많은 수량이 필요하신 경우, 주문을 나누어 이용해 주세요.
116	651	36	치즈 감자 베이글칩
116	705	36	3,500원
116	763	36	고소한 감자 베이글에 짭조름한 파마산치즈 시즈닝을 더한 베이글칩입니다.* 섭취하실 때 딱딱할 수 있으니, 치아가 상하지 않도록 주의하여 주십시오.* 제품 표면의 반점은 치즈, 감자이며, 백색 반점은 원료에서 기인한 설탕 결정이므로 안심하고 드셔도 됩니다.* 감자 원재료의 특성상 껍질 일부가 제품에 포함될 수 있습니다.
116	841	72	품절임박
116	841	166	잔여 3개
116	921	36	스타벅스 치즈 쿠키
116	975	36	1,500원
116	1033	36	파마산 치즈의 짭조름한 맛과 버터의 풍미가 조화로운 쿠키입니다. 스타벅스에서만 만나볼 수 있는 고소한 치즈 쿠키를 음료와 함께 즐겨보세요.
116	1141	36	그래놀라 칩
116	1195	36	3,800원
116	1253	36	우리 당근 말랭이와 시금치를 현미, 아몬드와 함께 넣어 바삭하게 구운 칩입니다. 한 입에 먹기 좋은 그래놀라 칩을 음료와 함께 즐겨보세요.
116	1331	72	품절임박
116	1331	166	잔여 8개
116	1411	36	베리 핑거 초콜릿(단품)
116	1441	121	지금 와우 가입하면 배달비 0원 + 25,000원 쿠폰
116	1458	781	가입하기
116	1465	36	2,500원
116	1523	36	건조 딸기가 톡톡 씹히는 딸기 필링이 가득 들어 있습니다. 6등분 되어 개별 포장된 스틱 타입으로 간편하게 즐길 수 있습니다.*초콜릿 특성 상 제품 표면에 하얗게 변하는 현상이 발생할 수 있으나 인체에 전혀 무해합니다.
116	1556	24	배달비 0원 적용 중
117	66	155	스타벅스 역삼아레나빌딩점 내 메뉴를 찾아보세요
117	151	112	스타벅스 주스
117	151	310	스낵
117	151	414	원두
117	151	518	오리가미
117	151	666	비아
117	151	770	패키지 티
117	156	36	치즈 감자 베이글칩
117	182	51	5 / 6
117	210	36	3,500원
117	248	279	스타벅스 역삼아레나빌딩점
117	268	36	고소한 감자 베이글에 짭조름한 파마산치즈 시즈닝을 더한 베이글칩입니다.* 섭취하실 때 딱딱할 수 있으니, 치아가 상하지 않도록 주의하여 주십시오.* 제품 표면의 반점은 치즈, 감자이며, 백색 반점은 원료에서 기인한 설탕 결정이므로 안심하고 드셔도 됩니다.* 감자 원재료의 특성상 껍질 일부가 제품에 포함될 수 있습니다.
117	298	412	4.9(675)
117	346	72	품절임박
117	346	166	잔여 3개
117	426	36	스타벅스 치즈 쿠키
117	480	36	1,500원
117	538	36	파마산 치즈의 짭조름한 맛과 버터의 풍미가 조화로운 쿠키입니다. 스타벅스에서만 만나볼 수 있는 고소한 치즈 쿠키를 음료와 함께 즐겨보세요.
117	646	36	그래놀라 칩
117	700	36	3,800원
117	758	36	우리 당근 말랭이와 시금치를 현미, 아몬드와 함께 넣어 바삭하게 구운 칩입니다. 한 입에 먹기 좋은 그래놀라 칩을 음료와 함께 즐겨보세요.
117	836	72	품절임박
117	836	166	잔여 8개
117	916	36	베리 핑거 초콜릿(단품)
117	970	36	2,500원
117	1028	36	건조 딸기가 톡톡 씹히는 딸기 필링이 가득 들어 있습니다. 6등분 되어 개별 포장된 스틱 타입으로 간편하게 즐길 수 있습니다.*초콜릿 특성 상 제품 표면에 하얗게 변하는 현상이 발생할 수 있으나 인체에 전혀 무해합니다.
117	1136	36	(3개입세트)베리 핑거 초콜릿
117	1190	36	7,500원
117	1248	36	건조 딸기가 톡톡 씹히는 딸기 필링이 가득 들어 있습니다. 6등분 되어 개별 포장된 스틱 타입으로 간편하게 즐길 수 있습니다.*초콜릿 특성 상 제품 표면에 하얗게 변하는 현상이 발생할 수 있으나 인체에 전혀 무해합니다.
117	1326	72	품절임박
117	1326	166	잔여 7개
117	1406	36	돌체 핑거 초콜릿(단품)
117	1441	121	지금 와우 가입하면 배달비 0원 + 25,000원 쿠폰
117	1458	781	가입하기
117	1460	36	2,500원
117	1518	36	바닐라 밀크 필링을 가득 채워 더욱 부드럽습니다. 6개로 분할된 스틱 모양으로 먹기에 더욱 편합니다. 커피와 함께 핑거 푸드로 즐겨보세요.*초콜릿 특성 상 제품 표면에 하얗게 변하는 현상이 발생할 수 있으나 인체에 전혀 무해합니다.
117	1556	24	배달비 0원 적용 중
117	1596	63	리뷰 (1)
118	0	0	스타벅스 치즈 쿠키
118	53	36	파마산 치즈의 짭조름한 맛과 버터의 풍미가 조화로운 쿠키입니다. 스타벅스에서만 만나볼 수 있는 고소한 치즈 쿠키를 음료와 함께 즐겨보세요.
118	66	155	스타벅스 역삼아레나빌딩점 내 메뉴를 찾아보세요
118	151	112	스타벅스 주스
118	151	310	스낵
118	151	414	원두
118	151	518	오리가미
118	151	666	비아
118	151	770	패키지 티
118	161	36	그래놀라 칩
118	182	51	6 / 6
118	215	36	3,800원
118	248	279	스타벅스 역삼아레나빌딩점
118	273	36	우리 당근 말랭이와 시금치를 현미, 아몬드와 함께 넣어 바삭하게 구운 칩입니다. 한 입에 먹기 좋은 그래놀라 칩을 음료와 함께 즐겨보세요.
118	298	412	4.9(675)
118	351	72	품절임박
118	351	166	잔여 8개
118	431	36	베리 핑거 초콜릿(단품)
118	485	36	2,500원
118	543	36	건조 딸기가 톡톡 씹히는 딸기 필링이 가득 들어 있습니다. 6등분 되어 개별 포장된 스틱 타입으로 간편하게 즐길 수 있습니다.*초콜릿 특성 상 제품 표면에 하얗게 변하는 현상이 발생할 수 있으나 인체에 전혀 무해합니다.
118	651	36	(3개입세트)베리 핑거 초콜릿
118	705	36	7,500원
118	763	36	건조 딸기가 톡톡 씹히는 딸기 필링이 가득 들어 있습니다. 6등분 되어 개별 포장된 스틱 타입으로 간편하게 즐길 수 있습니다.*초콜릿 특성 상 제품 표면에 하얗게 변하는 현상이 발생할 수 있으나 인체에 전혀 무해합니다.
118	841	72	품절임박
118	841	166	잔여 7개
118	921	36	돌체 핑거 초콜릿(단품)
118	975	36	2,500원
118	1033	36	바닐라 밀크 필링을 가득 채워 더욱 부드럽습니다. 6개로 분할된 스틱 모양으로 먹기에 더욱 편합니다. 커피와 함께 핑거 푸드로 즐겨보세요.*초콜릿 특성 상 제품 표면에 하얗게 변하는 현상이 발생할 수 있으나 인체에 전혀 무해합니다.
118	1111	63	리뷰 (1)
118	1185	36	(3개입세트)돌체 핑거 초콜릿
118	1239	36	7,500원
118	1297	36	바닐라 밀크 필링을 가득 채워 더욱 부드럽습니다. 돌체 핑거 초콜릿이 3개 들어있는 세트로 가볍게 선물하기 좋은 초콜릿입니다.
118	1375	72	품절임박
118	1375	166	잔여 8개
118	1441	121	지금 와우 가입하면 배달비 0원 + 25,000원 쿠폰
118	1455	36	오리지널 템페칩
118	1458	781	가입하기
118	1509	36	3,500원
118	1556	24	배달비 0원 적용 중
118	1567	36	콩을 발효시켜 만든 템페를 얇게 썰어 바삭하게 즐기는 담백하고 짭짤한 스낵입니다.※ 템페란 콩을 발효시켜 만든 인도네시아 전통 음식으로, 단백질과 칼슘, 식이섬유 등의 영양소가 들어있는 식재료입니다.
119	0	0	국산 설향 딸기를 동결 건조하여 새콤달콤한 맛을 그대로 담은 과일 스낵입니다.
119	0	0	베리 핑거 초콜릿(단품)
119	52	36	건조 딸기가 톡톡 씹히는 딸기 필링이 가득 들어 있습니다. 6등분 되어 개별 포장된 스틱 타입으로 간편하게 즐길 수 있습니다.*초콜릿 특성 상 제품 표면에 하얗게 변하는 현상이 발생할 수 있으나 인체에 전혀 무해합니다.
119	66	155	스타벅스 역삼아레나빌딩점 내 메뉴를 찾아보세요
119	151	112	스타벅스 주스
119	151	310	스낵
119	151	414	원두
119	151	518	오리가미
119	151	666	비아
119	151	770	패키지 티
119	160	36	(3개입세트)베리 핑거 초콜릿
119	182	51	1 / 6
119	214	36	7,500원
119	248	279	스타벅스 역삼아레나빌딩점
119	272	36	건조 딸기가 톡톡 씹히는 딸기 필링이 가득 들어 있습니다. 6등분 되어 개별 포장된 스틱 타입으로 간편하게 즐길 수 있습니다.*초콜릿 특성 상 제품 표면에 하얗게 변하는 현상이 발생할 수 있으나 인체에 전혀 무해합니다.
119	298	412	4.9(675)
119	350	72	품절임박
119	350	166	잔여 7개
119	430	36	돌체 핑거 초콜릿(단품)
119	484	36	2,500원
119	542	36	바닐라 밀크 필링을 가득 채워 더욱 부드럽습니다. 6개로 분할된 스틱 모양으로 먹기에 더욱 편합니다. 커피와 함께 핑거 푸드로 즐겨보세요.*초콜릿 특성 상 제품 표면에 하얗게 변하는 현상이 발생할 수 있으나 인체에 전혀 무해합니다.
119	620	63	리뷰 (1)
119	694	36	(3개입세트)돌체 핑거 초콜릿
119	748	36	7,500원
119	806	36	바닐라 밀크 필링을 가득 채워 더욱 부드럽습니다. 돌체 핑거 초콜릿이 3개 들어있는 세트로 가볍게 선물하기 좋은 초콜릿입니다.
119	884	72	품절임박
119	884	166	잔여 8개
119	964	36	오리지널 템페칩
119	1018	36	3,500원
119	1076	36	콩을 발효시켜 만든 템페를 얇게 썰어 바삭하게 즐기는 담백하고 짭짤한 스낵입니다.※ 템페란 콩을 발효시켜 만든 인도네시아 전통 음식으로, 단백질과 칼슘, 식이섬유 등의 영양소가 들어있는 식재료입니다.
119	1154	72	품절임박
119	1154	166	잔여 1개
119	1234	36	바질 토마토 베이글칩
119	1288	36	3,500원
119	1346	36	향긋한 바질 토마토 올리브 베이글에 진한 로제 시즈닝을 더한 베이글칩입니다.
119	1424	72	품절임박
119	1424	166	잔여 7개
119	1441	121	지금 와우 가입하면 배달비 0원 + 25,000원 쿠폰
119	1458	781	가입하기
119	1504	36	한 입에 쏙 설향 딸기칩
119	1556	24	배달비 0원 적용 중
119	1558	36	3,500원
120	0	0	돌체 핑거 초콜릿(단품)
120	0	0	헤이즐넛, 아몬드가 들어가서 더욱 고소한 맛의 너티 쿠키입니다. 스타벅스에서만 만나볼 수 있는 쿠키를 스타벅스의 음료와 함께 즐겨보세요.
120	50	36	바닐라 밀크 필링을 가득 채워 더욱 부드럽습니다. 6개로 분할된 스틱 모양으로 먹기에 더욱 편합니다. 커피와 함께 핑거 푸드로 즐겨보세요.*초콜릿 특성 상 제품 표면에 하얗게 변하는 현상이 발생할 수 있으나 인체에 전혀 무해합니다.
120	66	155	스타벅스 역삼아레나빌딩점 내 메뉴를 찾아보세요
120	128	63	리뷰 (1)
120	151	112	스타벅스 주스
120	151	310	스낵
120	151	414	원두
120	151	518	오리가미
120	151	666	비아
120	151	770	패키지 티
120	182	51	2 / 6
120	202	36	(3개입세트)돌체 핑거 초콜릿
120	248	279	스타벅스 역삼아레나빌딩점
120	256	36	7,500원
120	298	412	4.9(675)
120	314	36	바닐라 밀크 필링을 가득 채워 더욱 부드럽습니다. 돌체 핑거 초콜릿이 3개 들어있는 세트로 가볍게 선물하기 좋은 초콜릿입니다.
120	392	72	품절임박
120	392	166	잔여 8개
120	472	36	오리지널 템페칩
120	526	36	3,500원
120	584	36	콩을 발효시켜 만든 템페를 얇게 썰어 바삭하게 즐기는 담백하고 짭짤한 스낵입니다.※ 템페란 콩을 발효시켜 만든 인도네시아 전통 음식으로, 단백질과 칼슘, 식이섬유 등의 영양소가 들어있는 식재료입니다.
120	662	72	품절임박
120	662	166	잔여 1개
120	742	36	바질 토마토 베이글칩
120	796	36	3,500원
120	854	36	향긋한 바질 토마토 올리브 베이글에 진한 로제 시즈닝을 더한 베이글칩입니다.
120	932	72	품절임박
120	932	166	잔여 7개
120	1012	36	한 입에 쏙 설향 딸기칩
120	1066	36	3,500원
120	1124	36	국산 설향 딸기를 동결 건조하여 새콤달콤한 맛을 그대로 담은 과일 스낵입니다.
120	1202	72	품절임박
120	1202	166	잔여 9개
120	1282	36	한 입에 쏙 카스텔라
120	1336	36	3,900원
120	1394	36	국내산 달걀을 넣어 구운 카스텔라를 한 입 크기로잘라 다시 한번 구워낸 바삭한 카스텔라 러스크입니다.
120	1441	121	지금 와우 가입하면 배달비 0원 + 25,000원 쿠폰
120	1458	781	가입하기
120	1472	72	품절임박
120	1472	166	잔여 5개
120	1552	36	스타벅스 너티 쿠키
120	1556	24	배달비 0원 적용 중
121	0	0	코코아의 깊고 진한 풍미가 한입에 퍼지는 바삭한 초코 쿠키가 틴 케이스에 8개 들어있는 상품입니다. 스타벅스에서만 만나볼 수 있는 달콤한 초코 쿠키로 특별함을 더하세요.
121	0	36	오리지널 템페칩
121	66	155	스타벅스 역삼아레나빌딩점 내 메뉴를 찾아보세요
121	90	36	콩을 발효시켜 만든 템페를 얇게 썰어 바삭하게 즐기는 담백하고 짭짤한 스낵입니다.※ 템페란 콩을 발효시켜 만든 인도네시아 전통 음식으로, 단백질과 칼슘, 식이섬유 등의 영양소가 들어있는 식재료입니다.
121	151	112	스타벅스 주스
121	151	310	스낵
121	151	414	원두
121	151	518	오리가미
121	151	666	비아
121	151	770	패키지 티
121	168	72	품절임박
121	168	166	잔여 1개
121	182	51	3 / 6
121	248	36	바질 토마토 베이글칩
121	248	279	스타벅스 역삼아레나빌딩점
121	298	412	4.9(675)
121	302	36	3,500원
121	360	36	향긋한 바질 토마토 올리브 베이글에 진한 로제 시즈닝을 더한 베이글칩입니다.
121	438	72	품절임박
121	438	166	잔여 7개
121	518	36	한 입에 쏙 설향 딸기칩
121	572	36	3,500원
121	630	36	국산 설향 딸기를 동결 건조하여 새콤달콤한 맛을 그대로 담은 과일 스낵입니다.
121	708	72	품절임박
121	708	166	잔여 9개
121	788	36	한 입에 쏙 카스텔라
121	842	36	3,900원
121	900	36	국내산 달걀을 넣어 구운 카스텔라를 한 입 크기로잘라 다시 한번 구워낸 바삭한 카스텔라 러스크입니다.
121	978	72	품절임박
121	978	166	잔여 5개
121	1058	36	스타벅스 너티 쿠키
121	1112	36	1,500원
121	1170	36	헤이즐넛, 아몬드가 들어가서 더욱 고소한 맛의 너티 쿠키입니다. 스타벅스에서만 만나볼 수 있는 쿠키를 스타벅스의 음료와 함께 즐겨보세요.
121	1248	72	품절임박
121	1248	166	잔여 8개
121	1328	36	스타벅스 너티 쿠키 틴 세트
121	1382	36	12,900원
121	1440	36	헤이즐넛과 아몬드가 들어가서 더욱 고소한 맛의 너티 쿠키가 8개 들어있는 상품입니다. 선물하기 좋은 틴 케이스에 담긴 고소한 너티 쿠키로 마음을 전하세요.
121	1441	121	지금 와우 가입하면 배달비 0원 + 25,000원 쿠폰
121	1458	781	가입하기
121	1518	72	품절임박
121	1518	166	잔여 1개
121	1556	24	배달비 0원 적용 중
121	1598	36	스타벅스 초코 쿠키 틴 세트
122	25	36	한 입에 쏙 설향 딸기칩
122	66	155	스타벅스 역삼아레나빌딩점 내 메뉴를 찾아보세요
122	137	36	국산 설향 딸기를 동결 건조하여 새콤달콤한 맛을 그대로 담은 과일 스낵입니다.
122	151	112	스타벅스 주스
122	151	310	스낵
122	151	414	원두
122	151	518	오리가미
122	151	666	비아
122	151	770	패키지 티
122	182	51	4 / 6
122	215	72	품절임박
122	215	166	잔여 9개
122	248	279	스타벅스 역삼아레나빌딩점
122	295	36	한 입에 쏙 카스텔라
122	298	412	4.9(675)
122	349	36	3,900원
122	407	36	국내산 달걀을 넣어 구운 카스텔라를 한 입 크기로잘라 다시 한번 구워낸 바삭한 카스텔라 러스크입니다.
122	485	72	품절임박
122	485	166	잔여 5개
122	565	36	스타벅스 너티 쿠키
122	619	36	1,500원
122	677	36	헤이즐넛, 아몬드가 들어가서 더욱 고소한 맛의 너티 쿠키입니다. 스타벅스에서만 만나볼 수 있는 쿠키를 스타벅스의 음료와 함께 즐겨보세요.
122	755	72	품절임박
122	755	166	잔여 8개
122	835	36	스타벅스 너티 쿠키 틴 세트
122	889	36	12,900원
122	947	36	헤이즐넛과 아몬드가 들어가서 더욱 고소한 맛의 너티 쿠키가 8개 들어있는 상품입니다. 선물하기 좋은 틴 케이스에 담긴 고소한 너티 쿠키로 마음을 전하세요.
122	1025	72	품절임박
122	1025	166	잔여 1개
122	1105	36	스타벅스 초코 쿠키 틴 세트
122	1159	36	12,900원
122	1217	36	코코아의 깊고 진한 풍미가 한입에 퍼지는 바삭한 초코 쿠키가 틴 케이스에 8개 들어있는 상품입니다. 스타벅스에서만 만나볼 수 있는 달콤한 초코 쿠키로 특별함을 더하세요.
122	1295	72	품절임박
122	1295	166	잔여 4개
122	1375	36	한입에 쏙 공주 알밤
122	1429	36	3,300원
122	1441	121	지금 와우 가입하면 배달비 0원 + 25,000원 쿠폰
122	1458	781	가입하기
122	1487	36	국내산 공주 밤을 껍질 제거 후 그대로 쪄낸 간식입니다.국내 최대 산지인 공주 밤을 엄선해 알이 크고 단 맛이 좋습니다.
122	1556	24	배달비 0원 적용 중
122	1565	63	리뷰 (2)
123	0	0	발리 여행에서 꼭 사오는 간식! 초콜릿 바닐라 그래놀라를 소개합니다. 야자나무 설탕과 캐슈넛이 어우러진 고소한 통곡물 그래놀라입니다. ※ 파예 무지방 요거트와 함께 하면 더욱 맛있게 즐길 수 있습니다.
123	0	0	초콜릿 바닐라 그래놀라
123	66	155	스타벅스 역삼아레나빌딩점 내 메뉴를 찾아보세요
123	81	36	스타벅스 너티 쿠키
123	135	36	1,500원
123	151	112	스타벅스 주스
123	151	310	스낵
123	151	414	원두
123	151	518	오리가미
123	151	666	비아
123	151	770	패키지 티
123	182	51	5 / 6
123	193	36	헤이즐넛, 아몬드가 들어가서 더욱 고소한 맛의 너티 쿠키입니다. 스타벅스에서만 만나볼 수 있는 쿠키를 스타벅스의 음료와 함께 즐겨보세요.
123	248	279	스타벅스 역삼아레나빌딩점
123	271	72	품절임박
123	271	166	잔여 8개
123	298	412	4.9(675)
123	351	36	스타벅스 너티 쿠키 틴 세트
123	405	36	12,900원
123	463	36	헤이즐넛과 아몬드가 들어가서 더욱 고소한 맛의 너티 쿠키가 8개 들어있는 상품입니다. 선물하기 좋은 틴 케이스에 담긴 고소한 너티 쿠키로 마음을 전하세요.
123	541	72	품절임박
123	541	166	잔여 1개
123	621	36	스타벅스 초코 쿠키 틴 세트
123	675	36	12,900원
123	733	36	코코아의 깊고 진한 풍미가 한입에 퍼지는 바삭한 초코 쿠키가 틴 케이스에 8개 들어있는 상품입니다. 스타벅스에서만 만나볼 수 있는 달콤한 초코 쿠키로 특별함을 더하세요.
123	811	72	품절임박
123	811	166	잔여 4개
123	891	36	한입에 쏙 공주 알밤
123	945	36	3,300원
123	1003	36	국내산 공주 밤을 껍질 제거 후 그대로 쪄낸 간식입니다.국내 최대 산지인 공주 밤을 엄선해 알이 크고 단 맛이 좋습니다.
123	1081	63	리뷰 (2)
123	1155	36	오도독 건강한 넛&블루베리
123	1209	36	2,000원
123	1267	36	견과류의 고소함과 블루베리의 달콤함을 즐길 수 있는 한 줌 스낵입니다.
123	1315	63	리뷰 (1)
123	1389	36	자일리톨 캔디 크리스탈 레몬
123	1441	121	지금 와우 가입하면 배달비 0원 + 25,000원 쿠폰
123	1443	36	3,300원
123	1458	781	가입하기
123	1501	36	자작나무에서 추출한 핀란드산 천연 자일리톨로 만든크리스탈 원석 형태의 캔디입니다.(자일리톨 98.5%, 레몬향 첨가)미니 틴케이스에 담아 편리하게 드실 수 있습니다.
123	1556	24	배달비 0원 적용 중
124	0	0	따뜻한 로맨스를 상상하게 해 주는 깊고 달콤한 맛의 커피그라인드 옵션이 제공되지 않는 상품입니다.개봉 후에는 교환/반품이 불가합니다.제공해드리는 포장재 외에 포장재 추가 증정은 불가하오니 이점 참고를 부탁드립니다.(종이박스, 쇼핑백 등)
124	66	155	스타벅스 역삼아레나빌딩점 내 메뉴를 찾아보세요
124	126	36	스타벅스 초코 쿠키 틴 세트
124	151	112	스타벅스 주스
124	151	310	스낵
124	151	414	원두
124	151	518	오리가미
124	151	666	비아
124	151	770	패키지 티
124	180	36	12,900원
124	182	51	6 / 6
124	238	36	코코아의 깊고 진한 풍미가 한입에 퍼지는 바삭한 초코 쿠키가 틴 케이스에 8개 들어있는 상품입니다. 스타벅스에서만 만나볼 수 있는 달콤한 초코 쿠키로 특별함을 더하세요.
124	248	279	스타벅스 역삼아레나빌딩점
124	298	412	4.9(675)
124	316	72	품절임박
124	316	166	잔여 4개
124	396	36	한입에 쏙 공주 알밤
124	450	36	3,300원
124	508	36	국내산 공주 밤을 껍질 제거 후 그대로 쪄낸 간식입니다.국내 최대 산지인 공주 밤을 엄선해 알이 크고 단 맛이 좋습니다.
124	586	63	리뷰 (2)
124	660	36	오도독 건강한 넛&블루베리
124	714	36	2,000원
124	772	36	견과류의 고소함과 블루베리의 달콤함을 즐길 수 있는 한 줌 스낵입니다.
124	820	63	리뷰 (1)
124	894	36	자일리톨 캔디 크리스탈 레몬
124	948	36	3,300원
124	1006	36	자작나무에서 추출한 핀란드산 천연 자일리톨로 만든크리스탈 원석 형태의 캔디입니다.(자일리톨 98.5%, 레몬향 첨가)미니 틴케이스에 담아 편리하게 드실 수 있습니다.
124	1114	36	초콜릿 바닐라 그래놀라
124	1168	36	1,800원
124	1226	36	발리 여행에서 꼭 사오는 간식! 초콜릿 바닐라 그래놀라를 소개합니다. 야자나무 설탕과 캐슈넛이 어우러진 고소한 통곡물 그래놀라입니다. ※ 파예 무지방 요거트와 함께 하면 더욱 맛있게 즐길 수 있습니다.
124	1304	72	품절임박
124	1304	166	잔여 5개
124	1414	42	원두
124	1441	121	지금 와우 가입하면 배달비 0원 + 25,000원 쿠폰
124	1458	781	가입하기
124	1460	36	주문 건 당 최대 20잔까지 추가할 수 있습니다. 더 많은 수량이 필요하신 경우, 주문을 나누어 이용해 주세요.
124	1556	24	배달비 0원 적용 중
124	1562	36	카페 베로나 250g
125	0	0	부드러운 뒷맛이 특징이며 은은한 코코아와 구운 견과류 향이 특징인 커피그라인드 옵션이 제공되지 않는 상품입니다.개봉 후에는 교환/반품이 불가합니다.제공해드리는 포장재 외에 포장재 추가 증정은 불가하오니 이점 참고를 부탁드립니다.(종이박스, 쇼핑백 등)
125	0	0	파이크 플레이스 로스트 250g
125	0	0	한입에 쏙 공주 알밤
125	24	36	국내산 공주 밤을 껍질 제거 후 그대로 쪄낸 간식입니다.국내 최대 산지인 공주 밤을 엄선해 알이 크고 단 맛이 좋습니다.
125	66	155	스타벅스 역삼아레나빌딩점 내 메뉴를 찾아보세요
125	102	63	리뷰 (2)
125	151	112	스타벅스 주스
125	151	310	스낵
125	151	414	원두
125	151	518	오리가미
125	151	666	비아
125	151	770	패키지 티
125	176	36	오도독 건강한 넛&블루베리
125	182	51	1 / 6
125	230	36	2,000원
125	248	279	스타벅스 역삼아레나빌딩점
125	288	36	견과류의 고소함과 블루베리의 달콤함을 즐길 수 있는 한 줌 스낵입니다.
125	298	412	4.9(675)
125	336	63	리뷰 (1)
125	410	36	자일리톨 캔디 크리스탈 레몬
125	464	36	3,300원
125	522	36	자작나무에서 추출한 핀란드산 천연 자일리톨로 만든크리스탈 원석 형태의 캔디입니다.(자일리톨 98.5%, 레몬향 첨가)미니 틴케이스에 담아 편리하게 드실 수 있습니다.
125	630	36	초콜릿 바닐라 그래놀라
125	684	36	1,800원
125	742	36	발리 여행에서 꼭 사오는 간식! 초콜릿 바닐라 그래놀라를 소개합니다. 야자나무 설탕과 캐슈넛이 어우러진 고소한 통곡물 그래놀라입니다. ※ 파예 무지방 요거트와 함께 하면 더욱 맛있게 즐길 수 있습니다.
125	820	72	품절임박
125	820	166	잔여 5개
125	930	42	원두
125	976	36	주문 건 당 최대 20잔까지 추가할 수 있습니다. 더 많은 수량이 필요하신 경우, 주문을 나누어 이용해 주세요.
125	1078	36	카페 베로나 250g
125	1132	36	18,000원
125	1190	36	따뜻한 로맨스를 상상하게 해 주는 깊고 달콤한 맛의 커피그라인드 옵션이 제공되지 않는 상품입니다.개봉 후에는 교환/반품이 불가합니다.제공해드리는 포장재 외에 포장재 추가 증정은 불가하오니 이점 참고를 부탁드립니다.(종이박스, 쇼핑백 등)
125	1268	72	품절임박
125	1268	166	잔여 1개
125	1348	36	하우스 블렌드 250g
125	1402	36	18,000원
125	1441	121	지금 와우 가입하면 배달비 0원 + 25,000원 쿠폰
125	1458	781	가입하기
125	1460	36	깔끔하고 균형 잡힌 맛이 특징인 중간 정도 무게감의 커피그라인드 옵션이 제공되지 않는 상품입니다.개봉 후에는 교환/반품이 불가합니다.제공해드리는 포장재 외에 포장재 추가 증정은 불가하오니 이점 참고를 부탁드립니다.(종이박스, 쇼핑백 등)
125	1538	72	품절임박
125	1538	166	잔여 3개
125	1556	24	배달비 0원 적용 중
126	66	155	스타벅스 역삼아레나빌딩점 내 메뉴를 찾아보세요
126	139	36	초콜릿 바닐라 그래놀라
126	151	112	스타벅스 주스
126	151	310	스낵
126	151	414	원두
126	151	518	오리가미
126	151	666	비아
126	151	770	패키지 티
126	182	51	2 / 6
126	193	36	1,800원
126	248	279	스타벅스 역삼아레나빌딩점
126	251	36	발리 여행에서 꼭 사오는 간식! 초콜릿 바닐라 그래놀라를 소개합니다. 야자나무 설탕과 캐슈넛이 어우러진 고소한 통곡물 그래놀라입니다. ※ 파예 무지방 요거트와 함께 하면 더욱 맛있게 즐길 수 있습니다.
126	298	412	4.9(675)
126	329	72	품절임박
126	329	166	잔여 5개
126	439	42	원두
126	485	36	주문 건 당 최대 20잔까지 추가할 수 있습니다. 더 많은 수량이 필요하신 경우, 주문을 나누어 이용해 주세요.
126	587	36	카페 베로나 250g
126	641	36	18,000원
126	699	36	따뜻한 로맨스를 상상하게 해 주는 깊고 달콤한 맛의 커피그라인드 옵션이 제공되지 않는 상품입니다.개봉 후에는 교환/반품이 불가합니다.제공해드리는 포장재 외에 포장재 추가 증정은 불가하오니 이점 참고를 부탁드립니다.(종이박스, 쇼핑백 등)
126	777	72	품절임박
126	777	166	잔여 1개
126	857	36	하우스 블렌드 250g
126	911	36	18,000원
126	969	36	깔끔하고 균형 잡힌 맛이 특징인 중간 정도 무게감의 커피그라인드 옵션이 제공되지 않는 상품입니다.개봉 후에는 교환/반품이 불가합니다.제공해드리는 포장재 외에 포장재 추가 증정은 불가하오니 이점 참고를 부탁드립니다.(종이박스, 쇼핑백 등)
126	1047	72	품절임박
126	1047	166	잔여 3개
126	1127	36	파이크 플레이스 로스트 250g
126	1181	36	18,000원
126	1239	36	부드러운 뒷맛이 특징이며 은은한 코코아와 구운 견과류 향이 특징인 커피그라인드 옵션이 제공되지 않는 상품입니다.개봉 후에는 교환/반품이 불가합니다.제공해드리는 포장재 외에 포장재 추가 증정은 불가하오니 이점 참고를 부탁드립니다.(종이박스, 쇼핑백 등)
126	1317	72	품절임박
126	1317	166	잔여 1개
126	1397	36	케냐 250g
126	1441	121	지금 와우 가입하면 배달비 0원 + 25,000원 쿠폰
126	1451	36	20,000원
126	1458	781	가입하기
126	1509	36	열대성 과일의 향기와 신비로움으로 깔끔한 주스와 같은 느낌을 가진 커피그라인드 옵션이 제공되지 않는 상품입니다.개봉 후에는 교환/반품이 불가합니다.제공해드리는 포장재 외에 포장재 추가 증정은 불가하오니 이점 참고를 부탁드립니다.(종이박스, 쇼핑백 등)
126	1556	24	배달비 0원 적용 중
126	1587	72	품절임박
126	1587	166	잔여 3개
127	66	155	스타벅스 역삼아레나빌딩점 내 메뉴를 찾아보세요
127	95	36	카페 베로나 250g
127	149	36	18,000원
127	151	112	스타벅스 주스
127	151	310	스낵
127	151	414	원두
127	151	518	오리가미
127	151	666	비아
127	151	770	패키지 티
127	182	51	3 / 6
127	207	36	따뜻한 로맨스를 상상하게 해 주는 깊고 달콤한 맛의 커피그라인드 옵션이 제공되지 않는 상품입니다.개봉 후에는 교환/반품이 불가합니다.제공해드리는 포장재 외에 포장재 추가 증정은 불가하오니 이점 참고를 부탁드립니다.(종이박스, 쇼핑백 등)
127	248	279	스타벅스 역삼아레나빌딩점
127	285	72	품절임박
127	285	166	잔여 1개
127	298	412	4.9(675)
127	365	36	하우스 블렌드 250g
127	419	36	18,000원
127	477	36	깔끔하고 균형 잡힌 맛이 특징인 중간 정도 무게감의 커피그라인드 옵션이 제공되지 않는 상품입니다.개봉 후에는 교환/반품이 불가합니다.제공해드리는 포장재 외에 포장재 추가 증정은 불가하오니 이점 참고를 부탁드립니다.(종이박스, 쇼핑백 등)
127	555	72	품절임박
127	555	166	잔여 3개
127	635	36	파이크 플레이스 로스트 250g
127	689	36	18,000원
127	747	36	부드러운 뒷맛이 특징이며 은은한 코코아와 구운 견과류 향이 특징인 커피그라인드 옵션이 제공되지 않는 상품입니다.개봉 후에는 교환/반품이 불가합니다.제공해드리는 포장재 외에 포장재 추가 증정은 불가하오니 이점 참고를 부탁드립니다.(종이박스, 쇼핑백 등)
127	825	72	품절임박
127	825	166	잔여 1개
127	905	36	케냐 250g
127	959	36	20,000원
127	1017	36	열대성 과일의 향기와 신비로움으로 깔끔한 주스와 같은 느낌을 가진 커피그라인드 옵션이 제공되지 않는 상품입니다.개봉 후에는 교환/반품이 불가합니다.제공해드리는 포장재 외에 포장재 추가 증정은 불가하오니 이점 참고를 부탁드립니다.(종이박스, 쇼핑백 등)
127	1095	72	품절임박
127	1095	166	잔여 3개
127	1175	36	콜롬비아 250g
127	1229	36	20,000원
127	1287	36	견과류의 풍미를 간직한 부드럽고 균형 잡힌 커피그라인드 옵션이 제공되지 않는 상품입니다.개봉 후에는 교환/반품이 불가합니다.제공해드리는 포장재 외에 포장재 추가 증정은 불가하오니 이점 참고를 부탁드립니다.(종이박스, 쇼핑백 등)
127	1365	72	품절임박
127	1365	166	잔여 3개
127	1441	121	지금 와우 가입하면 배달비 0원 + 25,000원 쿠폰
127	1445	36	베란다 블렌드 250g
127	1458	781	가입하기
127	1499	36	18,000원
127	1556	24	배달비 0원 적용 중
127	1557	36	부드럽고 친근한 성향을 가진 은은한 블렌드입니다.그라인드 옵션이 제공되지 않는 상품입니다.개봉 후에는 교환/반품이 불가합니다.제공해드리는 포장재 외에 포장재 추가 증정은 불가하오니 이점 참고를 부탁드립니다.(종이박스, 쇼핑백 등)
128	0	0	사랑하지 않을 수 없는, 한국만을 위한 특별한 커피!오직 스타벅스 커피 코리아에서만 만날 수 있는 특별한 원두를 소개합니다.
128	66	155	스타벅스 역삼아레나빌딩점 내 메뉴를 찾아보세요
128	150	36	파이크 플레이스 로스트 250g
128	151	112	스타벅스 주스
128	151	310	스낵
128	151	414	원두
128	151	518	오리가미
128	151	666	비아
128	151	770	패키지 티
128	182	51	4 / 6
128	204	36	18,000원
128	248	279	스타벅스 역삼아레나빌딩점
128	262	36	부드러운 뒷맛이 특징이며 은은한 코코아와 구운 견과류 향이 특징인 커피그라인드 옵션이 제공되지 않는 상품입니다.개봉 후에는 교환/반품이 불가합니다.제공해드리는 포장재 외에 포장재 추가 증정은 불가하오니 이점 참고를 부탁드립니다.(종이박스, 쇼핑백 등)
128	298	412	4.9(675)
128	340	72	품절임박
128	340	166	잔여 1개
128	420	36	케냐 250g
128	474	36	20,000원
128	532	36	열대성 과일의 향기와 신비로움으로 깔끔한 주스와 같은 느낌을 가진 커피그라인드 옵션이 제공되지 않는 상품입니다.개봉 후에는 교환/반품이 불가합니다.제공해드리는 포장재 외에 포장재 추가 증정은 불가하오니 이점 참고를 부탁드립니다.(종이박스, 쇼핑백 등)
128	610	72	품절임박
128	610	166	잔여 3개
128	690	36	콜롬비아 250g
128	744	36	20,000원
128	802	36	견과류의 풍미를 간직한 부드럽고 균형 잡힌 커피그라인드 옵션이 제공되지 않는 상품입니다.개봉 후에는 교환/반품이 불가합니다.제공해드리는 포장재 외에 포장재 추가 증정은 불가하오니 이점 참고를 부탁드립니다.(종이박스, 쇼핑백 등)
128	880	72	품절임박
128	880	166	잔여 3개
128	960	36	베란다 블렌드 250g
128	1014	36	18,000원
128	1072	36	부드럽고 친근한 성향을 가진 은은한 블렌드입니다.그라인드 옵션이 제공되지 않는 상품입니다.개봉 후에는 교환/반품이 불가합니다.제공해드리는 포장재 외에 포장재 추가 증정은 불가하오니 이점 참고를 부탁드립니다.(종이박스, 쇼핑백 등)
128	1150	72	품절임박
128	1150	166	잔여 2개
128	1230	36	디카페인 하우스 블렌드 250g
128	1284	36	20,000원
128	1342	36	깔끔하고 균형 잡힌 맛이 특징인 중간 정도 무게감의 커피그라인드 옵션이 제공되지 않는 상품입니다.개봉 후에는 교환/반품이 불가합니다.제공해드리는 포장재 외에 포장재 추가 증정은 불가하오니 이점 참고를 부탁드립니다.(종이박스, 쇼핑백 등)
128	1420	72	품절임박
128	1420	166	잔여 2개
128	1441	121	지금 와우 가입하면 배달비 0원 + 25,000원 쿠폰
128	1458	781	가입하기
128	1500	36	별다방 블렌드 250g
128	1554	36	20,000원
128	1556	24	배달비 0원 적용 중
129	0	0	케냐 250g
129	41	36	열대성 과일의 향기와 신비로움으로 깔끔한 주스와 같은 느낌을 가진 커피그라인드 옵션이 제공되지 않는 상품입니다.개봉 후에는 교환/반품이 불가합니다.제공해드리는 포장재 외에 포장재 추가 증정은 불가하오니 이점 참고를 부탁드립니다.(종이박스, 쇼핑백 등)
129	66	155	스타벅스 역삼아레나빌딩점 내 메뉴를 찾아보세요
129	132	72	품절임박
129	132	166	잔여 3개
129	151	112	스타벅스 주스
129	151	310	스낵
129	151	414	원두
129	151	518	오리가미
129	151	666	비아
129	151	770	패키지 티
129	182	51	5 / 6
129	199	36	콜롬비아 250g
129	248	279	스타벅스 역삼아레나빌딩점
129	253	36	20,000원
129	298	412	4.9(675)
129	311	36	견과류의 풍미를 간직한 부드럽고 균형 잡힌 커피그라인드 옵션이 제공되지 않는 상품입니다.개봉 후에는 교환/반품이 불가합니다.제공해드리는 포장재 외에 포장재 추가 증정은 불가하오니 이점 참고를 부탁드립니다.(종이박스, 쇼핑백 등)
129	389	72	품절임박
129	389	166	잔여 3개
129	469	36	베란다 블렌드 250g
129	523	36	18,000원
129	581	36	부드럽고 친근한 성향을 가진 은은한 블렌드입니다.그라인드 옵션이 제공되지 않는 상품입니다.개봉 후에는 교환/반품이 불가합니다.제공해드리는 포장재 외에 포장재 추가 증정은 불가하오니 이점 참고를 부탁드립니다.(종이박스, 쇼핑백 등)
129	659	72	품절임박
129	659	166	잔여 2개
129	739	36	디카페인 하우스 블렌드 250g
129	793	36	20,000원
129	851	36	깔끔하고 균형 잡힌 맛이 특징인 중간 정도 무게감의 커피그라인드 옵션이 제공되지 않는 상품입니다.개봉 후에는 교환/반품이 불가합니다.제공해드리는 포장재 외에 포장재 추가 증정은 불가하오니 이점 참고를 부탁드립니다.(종이박스, 쇼핑백 등)
129	929	72	품절임박
129	929	166	잔여 2개
129	1009	36	별다방 블렌드 250g
129	1063	36	20,000원
129	1121	36	사랑하지 않을 수 없는, 한국만을 위한 특별한 커피!오직 스타벅스 커피 코리아에서만 만날 수 있는 특별한 원두를 소개합니다.
129	1199	72	품절임박
129	1199	166	잔여 3개
129	1309	42	오리가미
129	1355	36	주문 건 당 최대 20잔까지 추가할 수 있습니다. 더 많은 수량이 필요하신 경우, 주문을 나누어 이용해 주세요.
129	1441	121	지금 와우 가입하면 배달비 0원 + 25,000원 쿠폰
129	1457	36	오리가미 카페 베로나 6개입
129	1458	781	가입하기
129	1511	36	12,000원
129	1556	24	배달비 0원 적용 중
129	1569	36	따뜻한 로맨스를 상상하게 해 주는 깊고 달콤한 맛의 커피
130	0	36	베란다 블렌드 250g
130	66	155	스타벅스 역삼아레나빌딩점 내 메뉴를 찾아보세요
130	88	36	부드럽고 친근한 성향을 가진 은은한 블렌드입니다.그라인드 옵션이 제공되지 않는 상품입니다.개봉 후에는 교환/반품이 불가합니다.제공해드리는 포장재 외에 포장재 추가 증정은 불가하오니 이점 참고를 부탁드립니다.(종이박스, 쇼핑백 등)
130	151	112	스타벅스 주스
130	151	310	스낵
130	151	414	원두
130	151	518	오리가미
130	151	666	비아
130	151	770	패키지 티
130	166	72	품절임박
130	166	166	잔여 2개
130	182	51	6 / 6
130	246	36	디카페인 하우스 블렌드 250g
130	248	279	스타벅스 역삼아레나빌딩점
130	298	412	4.9(675)
130	300	36	20,000원
130	358	36	깔끔하고 균형 잡힌 맛이 특징인 중간 정도 무게감의 커피그라인드 옵션이 제공되지 않는 상품입니다.개봉 후에는 교환/반품이 불가합니다.제공해드리는 포장재 외에 포장재 추가 증정은 불가하오니 이점 참고를 부탁드립니다.(종이박스, 쇼핑백 등)
130	436	72	품절임박
130	436	166	잔여 2개
130	516	36	별다방 블렌드 250g
130	570	36	20,000원
130	628	36	사랑하지 않을 수 없는, 한국만을 위한 특별한 커피!오직 스타벅스 커피 코리아에서만 만날 수 있는 특별한 원두를 소개합니다.
130	706	72	품절임박
130	706	166	잔여 3개
130	816	42	오리가미
130	862	36	주문 건 당 최대 20잔까지 추가할 수 있습니다. 더 많은 수량이 필요하신 경우, 주문을 나누어 이용해 주세요.
130	964	36	오리가미 카페 베로나 6개입
130	1018	36	12,000원
130	1076	36	따뜻한 로맨스를 상상하게 해 주는 깊고 달콤한 맛의 커피
130	1124	72	품절임박
130	1124	166	잔여 8개
130	1204	36	오리가미 파이크 플레이스 로스트 6개입
130	1258	36	12,000원
130	1316	36	부드러운 뒷 맛이 특징이며 은은한 코코아와 구운 견과류 향이 특징인 커피
130	1364	72	품절임박
130	1364	166	잔여 6개
130	1441	121	지금 와우 가입하면 배달비 0원 + 25,000원 쿠폰
130	1444	36	오리가미 베란다 블렌드 6P
130	1458	781	가입하기
130	1498	36	12,000원
130	1556	24	배달비 0원 적용 중
130	1556	36	부드럽고 친근한 성향을 가진 은은한 블렌드입니다.
131	0	0	진하고 달콤하며 약간의 스모키 향이 특징인 커피개봉 후에는 교환/반품이 불가합니다.제공해드리는 포장재 외에 포장재 추가 증정은 불가하오니 이점 참고를 부탁드립니다.(종이박스, 쇼핑백 등)
131	32	36	별다방 블렌드 250g
131	66	155	스타벅스 역삼아레나빌딩점 내 메뉴를 찾아보세요
131	144	36	사랑하지 않을 수 없는, 한국만을 위한 특별한 커피!오직 스타벅스 커피 코리아에서만 만날 수 있는 특별한 원두를 소개합니다.
131	151	112	스타벅스 주스
131	151	310	스낵
131	151	414	원두
131	151	518	오리가미
131	151	666	비아
131	151	770	패키지 티
131	182	51	1 / 6
131	222	72	품절임박
131	222	166	잔여 3개
131	248	279	스타벅스 역삼아레나빌딩점
131	298	412	4.9(675)
131	332	42	오리가미
131	378	36	주문 건 당 최대 20잔까지 추가할 수 있습니다. 더 많은 수량이 필요하신 경우, 주문을 나누어 이용해 주세요.
131	480	36	오리가미 카페 베로나 6개입
131	534	36	12,000원
131	592	36	따뜻한 로맨스를 상상하게 해 주는 깊고 달콤한 맛의 커피
131	640	72	품절임박
131	640	166	잔여 8개
131	720	36	오리가미 파이크 플레이스 로스트 6개입
131	774	36	12,000원
131	832	36	부드러운 뒷 맛이 특징이며 은은한 코코아와 구운 견과류 향이 특징인 커피
131	880	72	품절임박
131	880	166	잔여 6개
131	960	36	오리가미 베란다 블렌드 6P
131	1014	36	12,000원
131	1072	36	부드럽고 친근한 성향을 가진 은은한 블렌드입니다.
131	1120	72	품절임박
131	1120	166	잔여 9개
131	1230	42	비아
131	1276	36	언제, 어디서나 편하게 즐길 수 있는 스타벅스 인스턴트 커피 스틱
131	1350	36	비아 호지차
131	1404	36	8,800원
131	1441	121	지금 와우 가입하면 배달비 0원 + 25,000원 쿠폰
131	1458	781	가입하기
131	1462	36	고소하고 담백한 호지티 라떼를 간편하게 비아로 즐겨보세요
131	1556	24	배달비 0원 적용 중
131	1563	36	비아 이탈리안 로스트 12개입
132	0	0	견과류의 풍미를 간직한 부드럽고 균형 잡힌 커피개봉 후에는 교환/반품이 불가합니다.제공해드리는 포장재 외에 포장재 추가 증정은 불가하오니 이점 참고를 부탁드립니다.(종이박스, 쇼핑백 등)
132	0	36	오리가미 카페 베로나 6개입
132	66	155	스타벅스 역삼아레나빌딩점 내 메뉴를 찾아보세요
132	96	36	따뜻한 로맨스를 상상하게 해 주는 깊고 달콤한 맛의 커피
132	144	72	품절임박
132	144	166	잔여 8개
132	151	112	스타벅스 주스
132	151	310	스낵
132	151	414	원두
132	151	518	오리가미
132	151	666	비아
132	151	770	패키지 티
132	182	51	2 / 6
132	224	36	오리가미 파이크 플레이스 로스트 6개입
132	248	279	스타벅스 역삼아레나빌딩점
132	278	36	12,000원
132	298	412	4.9(675)
132	336	36	부드러운 뒷 맛이 특징이며 은은한 코코아와 구운 견과류 향이 특징인 커피
132	384	72	품절임박
132	384	166	잔여 6개
132	464	36	오리가미 베란다 블렌드 6P
132	518	36	12,000원
132	576	36	부드럽고 친근한 성향을 가진 은은한 블렌드입니다.
132	624	72	품절임박
132	624	166	잔여 9개
132	734	42	비아
132	780	36	언제, 어디서나 편하게 즐길 수 있는 스타벅스 인스턴트 커피 스틱
132	854	36	비아 호지차
132	908	36	8,800원
132	966	36	고소하고 담백한 호지티 라떼를 간편하게 비아로 즐겨보세요
132	1067	36	비아 이탈리안 로스트 12개입
132	1121	36	13,900원
132	1179	36	진하고 달콤하며 약간의 스모키 향이 특징인 커피개봉 후에는 교환/반품이 불가합니다.제공해드리는 포장재 외에 포장재 추가 증정은 불가하오니 이점 참고를 부탁드립니다.(종이박스, 쇼핑백 등)
132	1257	72	품절임박
132	1257	166	잔여 6개
132	1337	36	비아 파이크 플레이스 로스트 12개입
132	1391	36	13,900원
132	1441	121	지금 와우 가입하면 배달비 0원 + 25,000원 쿠폰
132	1449	36	부드러운 뒷맛이 특징이며 은은한 코코아와 구운 견과류 향이 특징인 커피개봉 후에는 교환/반품이 불가합니다.제공해드리는 포장재 외에 포장재 추가 증정은 불가하오니 이점 참고를 부탁드립니다.(종이박스, 쇼핑백 등)
132	1458	781	가입하기
132	1556	24	배달비 0원 적용 중
132	1557	36	비아 콜롬비아 12개입
133	0	0	화학비료 대신 유기 비료만을 사용하여 재배한 것이 특징인 유기 녹차개봉 후에는 교환/반품이 불가합니다.제공해드리는 포장재 외에 포장재 추가 증정은 불가하오니 이점 참고를 부탁드립니다.(종이박스, 쇼핑백 등)
133	0	36	오리가미 베란다 블렌드 6P
133	66	155	스타벅스 역삼아레나빌딩점 내 메뉴를 찾아보세요
133	91	36	부드럽고 친근한 성향을 가진 은은한 블렌드입니다.
133	139	72	품절임박
133	139	166	잔여 9개
133	151	112	스타벅스 주스
133	151	310	스낵
133	151	414	원두
133	151	518	오리가미
133	151	666	비아
133	151	770	패키지 티
133	182	51	3 / 6
133	248	279	스타벅스 역삼아레나빌딩점
133	249	42	비아
133	295	36	언제, 어디서나 편하게 즐길 수 있는 스타벅스 인스턴트 커피 스틱
133	298	412	4.9(675)
133	369	36	비아 호지차
133	423	36	8,800원
133	481	36	고소하고 담백한 호지티 라떼를 간편하게 비아로 즐겨보세요
133	582	36	비아 이탈리안 로스트 12개입
133	636	36	13,900원
133	694	36	진하고 달콤하며 약간의 스모키 향이 특징인 커피개봉 후에는 교환/반품이 불가합니다.제공해드리는 포장재 외에 포장재 추가 증정은 불가하오니 이점 참고를 부탁드립니다.(종이박스, 쇼핑백 등)
133	772	72	품절임박
133	772	166	잔여 6개
133	852	36	비아 파이크 플레이스 로스트 12개입
133	906	36	13,900원
133	964	36	부드러운 뒷맛이 특징이며 은은한 코코아와 구운 견과류 향이 특징인 커피개봉 후에는 교환/반품이 불가합니다.제공해드리는 포장재 외에 포장재 추가 증정은 불가하오니 이점 참고를 부탁드립니다.(종이박스, 쇼핑백 등)
133	1072	36	비아 콜롬비아 12개입
133	1126	36	15,700원
133	1184	36	견과류의 풍미를 간직한 부드럽고 균형 잡힌 커피개봉 후에는 교환/반품이 불가합니다.제공해드리는 포장재 외에 포장재 추가 증정은 불가하오니 이점 참고를 부탁드립니다.(종이박스, 쇼핑백 등)
133	1262	72	품절임박
133	1262	166	잔여 4개
133	1372	42	패키지 티
133	1418	36	주문 건 당 최대 20잔까지 추가할 수 있습니다. 더 많은 수량이 필요하신 경우, 주문을 나누어 이용해 주세요.
133	1441	121	지금 와우 가입하면 배달비 0원 + 25,000원 쿠폰
133	1458	781	가입하기
133	1520	36	티바나 제주녹차(15개입)
133	1556	24	배달비 0원 적용 중
133	1574	36	20,000원
134	0	0	스타벅스에서 새롭게 선보이는 티바나 민트 블렌드 티입니다.개봉 후에는 교환/반품이 불가합니다.제공해드리는 포장재 외에 포장재 추가 증정은 불가하오니 이점 참고를 부탁드립니다.(종이박스, 쇼핑백 등)
134	66	155	스타벅스 역삼아레나빌딩점 내 메뉴를 찾아보세요
134	88	36	비아 이탈리안 로스트 12개입
134	142	36	13,900원
134	151	112	스타벅스 주스
134	151	310	스낵
134	151	414	원두
134	151	518	오리가미
134	151	666	비아
134	151	770	패키지 티
134	182	51	4 / 6
134	200	36	진하고 달콤하며 약간의 스모키 향이 특징인 커피개봉 후에는 교환/반품이 불가합니다.제공해드리는 포장재 외에 포장재 추가 증정은 불가하오니 이점 참고를 부탁드립니다.(종이박스, 쇼핑백 등)
134	248	279	스타벅스 역삼아레나빌딩점
134	278	72	품절임박
134	278	166	잔여 6개
134	298	412	4.9(675)
134	358	36	비아 파이크 플레이스 로스트 12개입
134	412	36	13,900원
134	470	36	부드러운 뒷맛이 특징이며 은은한 코코아와 구운 견과류 향이 특징인 커피개봉 후에는 교환/반품이 불가합니다.제공해드리는 포장재 외에 포장재 추가 증정은 불가하오니 이점 참고를 부탁드립니다.(종이박스, 쇼핑백 등)
134	578	36	비아 콜롬비아 12개입
134	632	36	15,700원
134	690	36	견과류의 풍미를 간직한 부드럽고 균형 잡힌 커피개봉 후에는 교환/반품이 불가합니다.제공해드리는 포장재 외에 포장재 추가 증정은 불가하오니 이점 참고를 부탁드립니다.(종이박스, 쇼핑백 등)
134	768	72	품절임박
134	768	166	잔여 4개
134	878	42	패키지 티
134	924	36	주문 건 당 최대 20잔까지 추가할 수 있습니다. 더 많은 수량이 필요하신 경우, 주문을 나누어 이용해 주세요.
134	1026	36	티바나 제주녹차(15개입)
134	1080	36	20,000원
134	1138	36	화학비료 대신 유기 비료만을 사용하여 재배한 것이 특징인 유기 녹차개봉 후에는 교환/반품이 불가합니다.제공해드리는 포장재 외에 포장재 추가 증정은 불가하오니 이점 참고를 부탁드립니다.(종이박스, 쇼핑백 등)
134	1216	72	품절임박
134	1216	166	잔여 2개
134	1296	36	티바나 얼 그레이 12개입
134	1350	36	15,000원
134	1408	36	향기로운 천연 베르가못 오일과 그윽한 라벤더가 함유된 산뜻한 블렌딩 티입니다.개봉 후에는 교환/반품이 불가합니다.제공해드리는 포장재 외에 포장재 추가 증정은 불가하오니 이점 참고를 부탁드립니다.(종이박스, 쇼핑백 등)
134	1441	121	지금 와우 가입하면 배달비 0원 + 25,000원 쿠폰
134	1458	781	가입하기
134	1486	72	품절임박
134	1486	166	잔여 1개
134	1556	24	배달비 0원 적용 중
134	1566	36	티바나 민트 블렌드 12개입
135	0	0	캐모마일과 레몬그라스, 레몬밤, 히비스커스 등이 블렌딩된 티로 은은하고 차분한 향향이 기분을 좋게 만들어 주는 티입니다.개봉 후에는 교환/반품이 불가합니다.제공해드리는 포장재 외에 포장재 추가 증정은 불가하오니 이점 참고를 부탁드립니다.(종이박스, 쇼핑백 등)
135	0	0	티바나 캐모마일 12개입
135	66	155	스타벅스 역삼아레나빌딩점 내 메뉴를 찾아보세요
135	81	36	비아 콜롬비아 12개입
135	135	36	15,700원
135	151	112	스타벅스 주스
135	151	310	스낵
135	151	414	원두
135	151	518	오리가미
135	151	666	비아
135	151	770	패키지 티
135	182	51	5 / 6
135	193	36	견과류의 풍미를 간직한 부드럽고 균형 잡힌 커피개봉 후에는 교환/반품이 불가합니다.제공해드리는 포장재 외에 포장재 추가 증정은 불가하오니 이점 참고를 부탁드립니다.(종이박스, 쇼핑백 등)
135	248	279	스타벅스 역삼아레나빌딩점
135	271	72	품절임박
135	271	166	잔여 4개
135	298	412	4.9(675)
135	381	42	패키지 티
135	427	36	주문 건 당 최대 20잔까지 추가할 수 있습니다. 더 많은 수량이 필요하신 경우, 주문을 나누어 이용해 주세요.
135	529	36	티바나 제주녹차(15개입)
135	583	36	20,000원
135	641	36	화학비료 대신 유기 비료만을 사용하여 재배한 것이 특징인 유기 녹차개봉 후에는 교환/반품이 불가합니다.제공해드리는 포장재 외에 포장재 추가 증정은 불가하오니 이점 참고를 부탁드립니다.(종이박스, 쇼핑백 등)
135	719	72	품절임박
135	719	166	잔여 2개
135	799	36	티바나 얼 그레이 12개입
135	853	36	15,000원
135	911	36	향기로운 천연 베르가못 오일과 그윽한 라벤더가 함유된 산뜻한 블렌딩 티입니다.개봉 후에는 교환/반품이 불가합니다.제공해드리는 포장재 외에 포장재 추가 증정은 불가하오니 이점 참고를 부탁드립니다.(종이박스, 쇼핑백 등)
135	989	72	품절임박
135	989	166	잔여 1개
135	1069	36	티바나 민트 블렌드 12개입
135	1123	36	15,000원
135	1181	36	스타벅스에서 새롭게 선보이는 티바나 민트 블렌드 티입니다.개봉 후에는 교환/반품이 불가합니다.제공해드리는 포장재 외에 포장재 추가 증정은 불가하오니 이점 참고를 부탁드립니다.(종이박스, 쇼핑백 등)
135	1259	72	품절임박
135	1259	166	잔여 2개
135	1339	36	티바나 히비스커스 12개입
135	1393	36	15,000원
135	1441	121	지금 와우 가입하면 배달비 0원 + 25,000원 쿠폰
135	1451	36	산뜻한 파파야와 망고에 레몬그라스를 넣은 천연 무 카페인 블렌딩 티로, 히비스커스 꽃을 넣어 약간의 산미와 풍미를 느낄 수 있는 상큼한 티입니다.개봉 후에는 교환/반품이 불가합니다.제공해드리는 포장재 외에 포장재 추가 증정은 불가하오니 이점 참고를 부탁드립니다.(종이박스, 쇼핑백 등)
135	1458	781	가입하기
135	1529	72	품절임박
135	1529	166	잔여 2개
135	1556	24	배달비 0원 적용 중
136	35	36	티바나 제주녹차(15개입)
136	66	155	스타벅스 역삼아레나빌딩점 내 메뉴를 찾아보세요
136	147	36	화학비료 대신 유기 비료만을 사용하여 재배한 것이 특징인 유기 녹차개봉 후에는 교환/반품이 불가합니다.제공해드리는 포장재 외에 포장재 추가 증정은 불가하오니 이점 참고를 부탁드립니다.(종이박스, 쇼핑백 등)
136	151	112	스타벅스 주스
136	151	310	스낵
136	151	414	원두
136	151	518	오리가미
136	151	666	비아
136	151	770	패키지 티
136	182	51	6 / 6
136	225	72	품절임박
136	225	166	잔여 2개
136	248	279	스타벅스 역삼아레나빌딩점
136	298	412	4.9(675)
136	305	36	티바나 얼 그레이 12개입
136	359	36	15,000원
136	417	36	향기로운 천연 베르가못 오일과 그윽한 라벤더가 함유된 산뜻한 블렌딩 티입니다.개봉 후에는 교환/반품이 불가합니다.제공해드리는 포장재 외에 포장재 추가 증정은 불가하오니 이점 참고를 부탁드립니다.(종이박스, 쇼핑백 등)
136	495	72	품절임박
136	495	166	잔여 1개
136	575	36	티바나 민트 블렌드 12개입
136	629	36	15,000원
136	687	36	스타벅스에서 새롭게 선보이는 티바나 민트 블렌드 티입니다.개봉 후에는 교환/반품이 불가합니다.제공해드리는 포장재 외에 포장재 추가 증정은 불가하오니 이점 참고를 부탁드립니다.(종이박스, 쇼핑백 등)
136	765	72	품절임박
136	765	166	잔여 2개
136	845	36	티바나 히비스커스 12개입
136	899	36	15,000원
136	957	36	산뜻한 파파야와 망고에 레몬그라스를 넣은 천연 무 카페인 블렌딩 티로, 히비스커스 꽃을 넣어 약간의 산미와 풍미를 느낄 수 있는 상큼한 티입니다.개봉 후에는 교환/반품이 불가합니다.제공해드리는 포장재 외에 포장재 추가 증정은 불가하오니 이점 참고를 부탁드립니다.(종이박스, 쇼핑백 등)
136	1035	72	품절임박
136	1035	166	잔여 2개
136	1115	36	티바나 캐모마일 12개입
136	1169	36	15,000원
136	1227	36	캐모마일과 레몬그라스, 레몬밤, 히비스커스 등이 블렌딩된 티로 은은하고 차분한 향향이 기분을 좋게 만들어 주는 티입니다.개봉 후에는 교환/반품이 불가합니다.제공해드리는 포장재 외에 포장재 추가 증정은 불가하오니 이점 참고를 부탁드립니다.(종이박스, 쇼핑백 등)
136	1305	72	품절임박
136	1305	166	잔여 2개
136	1397	36	비슷한 커피/차 맛집 추천해요
136	1403	810	광고
136	1441	121	지금 와우 가입하면 배달비 0원 + 25,000원 쿠폰
136	1458	781	가입하기
136	1461	171	구테로이테 역삼점
136	1473	560	바나프레소 강남점
136	1496	220	(766)ㆍ
136	1497	195	5.0
136	1497	279	0.5km
136	1508	609	(218)ㆍ
136	1509	584	4.9
136	1509	668	0.3km
136	1533	198	3,000원 쿠폰
136	1541	560	배달비 0원
136	1556	24	배달비 0원 적용 중
136	1562	171	배달비 0원
