0	0	0	100% (2개)
0	0	0	ㆍ
0	0	0	리뷰 (3)
0	0	0	아기맹새우 (15cm세트)
0	0	0	아기맹수 스페셜! 쉬림프 7마리(담백4+매콤3)와 부드러운 아보카도, 고소상큼 소스의 맹렬한 조합! (고정레시피 제품으로 위트 빵, 아메리칸 치즈, 양상추, 토마토, 오이, 피망, 양파, 랜치, 올리브 오일, 레드와인 식초로 제공됩니다.)
0	0	0	와우회원 전용
0	256	381	오픈 준비 중
0	446	51	1 / 5
0	512	335	써브웨이 창동역점
0	562	404	4.8(6,225)
0	679	674	매장∙원산지정보
0	690	69	준비중
0	751	36	최소주문
0	751	153	15,000원
0	806	36	일반회원
0	807	153	0-2,800원 0원
0	808	294	자세히
0	848	36	와우회원
0	848	153	와우회원은 매 주문 배달비 0원
0	920	127	지금 와우 가입하면 배달비 0원 + 25,000원 쿠폰
0	937	766	가입하기
0	1028	54	1,000원 즉시할인 자동 적용
0	1118	168	진짜진짜진짜진짜진짜진짜진짜진짜진짜진짜진짜진짜진짜진짜진짜진짜맛있어요!!!!!!!창동점 최고
0	1118	606	너무맛있어요 빵 꼭 추가 필수
0	1287	114	[와우전용] 이츠셰프컬렉션
0	1287	436	검색한 메뉴
0	1287	612	인기메뉴
0	1287	760	그레인 샐러드
0	1516	0	준비중
1	0	381	오픈 준비 중
1	66	155	써브웨이 창동역점 내 메뉴를 찾아보세요
1	150	674	매장∙원산지정보
1	161	69	준비중
1	182	51	1 / 5
1	222	36	최소주문
1	222	153	15,000원
1	248	335	써브웨이 창동역점
1	277	36	일반회원
1	278	153	0-2,800원 0원
1	279	294	자세히
1	298	404	4.8(6,225)
1	319	36	와우회원
1	319	153	와우회원은 매 주문 배달비 0원
1	391	127	지금 와우 가입하면 배달비 0원 + 25,000원 쿠폰
1	408	766	가입하기
1	499	54	1,000원 즉시할인 자동 적용
1	589	168	진짜진짜진짜진짜진짜진짜진짜진짜진짜진짜진짜진짜진짜진짜진짜진짜맛있어요!!!!!!!창동점 최고
1	589	606	너무맛있어요 빵 꼭 추가 필수
1	758	114	[와우전용] 이츠셰프컬렉션
1	758	436	검색한 메뉴
1	758	612	인기메뉴
1	758	760	그레인 샐러드
1	1093	36	아기맹새우 (15cm세트)
1	1098	771	와우회원 전용
1	1147	36	15,500원
1	1205	36	아기맹수 스페셜! 쉬림프 7마리(담백4+매콤3)와 부드러운 아보카도, 고소상큼 소스의 맹렬한 조합! (고정레시피 제품으로 위트 빵, 아메리칸 치즈, 양상추, 토마토, 오이, 피망, 양파, 랜치, 올리브 오일, 레드와인 식초로 제공됩니다.)
1	1283	63	100% (2개)
1	1283	149	ㆍ
1	1283	193	리뷰 (3)
1	1357	36	아기맹새우 (15cm)
1	1362	771	와우회원 전용
1	1411	36	11,800원
1	1469	36	아기맹수 스페셜! 쉬림프 7마리(담백4+매콤3)와 부드러운 아보카도, 고소상큼 소스의 맹렬한 조합! (고정레시피 제품으로 위트 빵, 아메리칸 치즈, 양상추, 토마토, 오이, 피망, 양파, 랜치, 올리브 오일, 레드와인 식초로 제공됩니다.)
1	1516	0	준비중
1	1547	63	100% (3개)
1	1547	149	ㆍ
1	1547	193	리뷰 (2)
2	0	0	100% (34개)
2	0	0	ㆍ
2	0	0	고소한 베이컨, 담백한 치킨 슬라이스에 잠봉까지 더해 완벽해진 조화를 즐겨보세요.
2	0	0	리뷰 (28)
2	0	381	오픈 준비 중
2	66	155	써브웨이 창동역점 내 메뉴를 찾아보세요
2	132	168	진짜진짜진짜진짜진짜진짜진짜진짜진짜진짜진짜진짜진짜진짜진짜진짜맛있어요!!!!!!!창동점 최고
2	182	51	1 / 5
2	248	335	써브웨이 창동역점
2	265	114	[와우전용] 이츠셰프컬렉션
2	265	436	검색한 메뉴
2	265	612	인기메뉴
2	265	760	그레인 샐러드
2	298	404	4.8(6,225)
2	600	36	아기맹새우 (15cm세트)
2	605	771	와우회원 전용
2	654	36	15,500원
2	712	36	아기맹수 스페셜! 쉬림프 7마리(담백4+매콤3)와 부드러운 아보카도, 고소상큼 소스의 맹렬한 조합! (고정레시피 제품으로 위트 빵, 아메리칸 치즈, 양상추, 토마토, 오이, 피망, 양파, 랜치, 올리브 오일, 레드와인 식초로 제공됩니다.)
2	790	63	100% (2개)
2	790	149	ㆍ
2	790	193	리뷰 (3)
2	864	36	아기맹새우 (15cm)
2	869	771	와우회원 전용
2	918	36	11,800원
2	976	36	아기맹수 스페셜! 쉬림프 7마리(담백4+매콤3)와 부드러운 아보카도, 고소상큼 소스의 맹렬한 조합! (고정레시피 제품으로 위트 빵, 아메리칸 치즈, 양상추, 토마토, 오이, 피망, 양파, 랜치, 올리브 오일, 레드와인 식초로 제공됩니다.)
2	1054	63	100% (3개)
2	1054	149	ㆍ
2	1054	193	리뷰 (2)
2	1158	42	검색한 메뉴
2	1204	36	subway 검색 결과
2	1278	36	써브웨이 클럽 (15cm세트)
2	1332	36	12,500원
2	1390	36	고소한 베이컨, 담백한 치킨 슬라이스에 잠봉까지 더해 완벽해진 조화를 즐겨보세요.
2	1417	121	지금 와우 가입하면 배달비 0원 + 25,000원 쿠폰
2	1434	781	가입하기
2	1468	63	100% (27개)
2	1468	159	ㆍ
2	1468	203	리뷰 (21)
2	1516	0	준비중
2	1542	36	써브웨이 클럽 (30cm세트)
2	1596	36	19,800원
3	0	0	100% (58개)
3	0	0	ㆍ
3	0	0	고소한 베이컨, 담백한 치킨 슬라이스에 잠봉까지 더해 완벽해진 조화를 즐겨보세요.
3	0	0	리뷰 (95)
3	0	381	오픈 준비 중
3	66	155	써브웨이 창동역점 내 메뉴를 찾아보세요
3	108	36	아기맹새우 (15cm세트)
3	113	771	와우회원 전용
3	151	114	[와우전용] 이츠셰프컬렉션
3	151	436	검색한 메뉴
3	151	612	인기메뉴
3	151	760	그레인 샐러드
3	162	36	15,500원
3	182	51	1 / 5
3	220	36	아기맹수 스페셜! 쉬림프 7마리(담백4+매콤3)와 부드러운 아보카도, 고소상큼 소스의 맹렬한 조합! (고정레시피 제품으로 위트 빵, 아메리칸 치즈, 양상추, 토마토, 오이, 피망, 양파, 랜치, 올리브 오일, 레드와인 식초로 제공됩니다.)
3	248	335	써브웨이 창동역점
3	298	63	100% (2개)
3	298	149	ㆍ
3	298	193	리뷰 (3)
3	298	404	4.8(6,225)
3	372	36	아기맹새우 (15cm)
3	377	771	와우회원 전용
3	426	36	11,800원
3	484	36	아기맹수 스페셜! 쉬림프 7마리(담백4+매콤3)와 부드러운 아보카도, 고소상큼 소스의 맹렬한 조합! (고정레시피 제품으로 위트 빵, 아메리칸 치즈, 양상추, 토마토, 오이, 피망, 양파, 랜치, 올리브 오일, 레드와인 식초로 제공됩니다.)
3	562	63	100% (3개)
3	562	149	ㆍ
3	562	193	리뷰 (2)
3	666	42	검색한 메뉴
3	712	36	subway 검색 결과
3	786	36	써브웨이 클럽 (15cm세트)
3	840	36	12,500원
3	898	36	고소한 베이컨, 담백한 치킨 슬라이스에 잠봉까지 더해 완벽해진 조화를 즐겨보세요.
3	976	63	100% (27개)
3	976	159	ㆍ
3	976	203	리뷰 (21)
3	1050	36	써브웨이 클럽 (30cm세트)
3	1104	36	19,800원
3	1162	36	고소한 베이컨, 담백한 치킨 슬라이스에 잠봉까지 더해 완벽해진 조화를 즐겨보세요.
3	1240	63	100% (34개)
3	1240	159	ㆍ
3	1240	203	리뷰 (28)
3	1314	36	써브웨이 클럽 (30cm)
3	1368	36	16,100원
3	1417	121	지금 와우 가입하면 배달비 0원 + 25,000원 쿠폰
3	1426	36	고소한 베이컨, 담백한 치킨 슬라이스에 잠봉까지 더해 완벽해진 조화를 즐겨보세요.
3	1434	781	가입하기
3	1504	63	리뷰 (102)
3	1516	0	준비중
3	1578	36	써브웨이 클럽 (15cm)
4	0	0	100% (109개)
4	0	0	ㆍ
4	0	0	리뷰 (114)
4	0	381	오픈 준비 중
4	66	155	써브웨이 창동역점 내 메뉴를 찾아보세요
4	151	114	검색한 메뉴
4	151	290	인기메뉴
4	151	438	그레인 샐러드
4	151	636	샐러드
4	155	762	15cm
4	155	882	30cm
4	173	42	검색한 메뉴
4	182	51	1 / 5
4	219	36	subway 검색 결과
4	248	335	써브웨이 창동역점
4	293	36	써브웨이 클럽 (15cm세트)
4	298	404	4.8(6,225)
4	347	36	12,500원
4	405	36	고소한 베이컨, 담백한 치킨 슬라이스에 잠봉까지 더해 완벽해진 조화를 즐겨보세요.
4	483	63	100% (27개)
4	483	159	ㆍ
4	483	203	리뷰 (21)
4	557	36	써브웨이 클럽 (30cm세트)
4	611	36	19,800원
4	669	36	고소한 베이컨, 담백한 치킨 슬라이스에 잠봉까지 더해 완벽해진 조화를 즐겨보세요.
4	747	63	100% (34개)
4	747	159	ㆍ
4	747	203	리뷰 (28)
4	821	36	써브웨이 클럽 (30cm)
4	875	36	16,100원
4	933	36	고소한 베이컨, 담백한 치킨 슬라이스에 잠봉까지 더해 완벽해진 조화를 즐겨보세요.
4	1011	63	리뷰 (102)
4	1085	36	써브웨이 클럽 (15cm)
4	1139	36	8,800원
4	1197	36	고소한 베이컨, 담백한 치킨 슬라이스에 잠봉까지 더해 완벽해진 조화를 즐겨보세요.
4	1275	63	100% (58개)
4	1275	159	ㆍ
4	1275	203	리뷰 (95)
4	1379	42	인기메뉴
4	1417	121	지금 와우 가입하면 배달비 0원 + 25,000원 쿠폰
4	1434	781	가입하기
4	1461	36	이탈리안 비엠티 (15cm세트)
4	1515	36	12,200원
4	1516	0	준비중
4	1573	36	페퍼로니, 살라미 그리고 잠봉이 만들어내는 최상의 조화 전세계가 사랑하는 써브웨이의 베스트셀러 Biggest Meatiest Tastiest, B.M.T.
5	0	0	100% (75개)
5	0	0	ㆍ
5	0	0	리뷰 (65)
5	0	0	썹픽 레시피 : 화이트, 아메리칸 치즈, 양상추, 토마토, 피망, 양파, 오이, 올리브, 피클, 할라피뇨, 마요네즈, 사우스웨스트 치폴레 / 육즙이 쫙~풍부한 비프 스테이크의 풍미가 입안 한가득
5	0	381	오픈 준비 중
5	66	155	써브웨이 창동역점 내 메뉴를 찾아보세요
5	73	36	써브웨이 클럽 (30cm세트)
5	132	36	19,800원
5	151	114	검색한 메뉴
5	151	290	인기메뉴
5	151	438	그레인 샐러드
5	151	636	샐러드
5	155	762	15cm
5	155	882	30cm
5	182	51	1 / 5
5	185	36	고소한 베이컨, 담백한 치킨 슬라이스에 잠봉까지 더해 완벽해진 조화를 즐겨보세요.
5	248	335	써브웨이 창동역점
5	263	63	100% (34개)
5	263	159	ㆍ
5	263	203	리뷰 (28)
5	298	404	4.8(6,225)
5	337	36	써브웨이 클럽 (30cm)
5	391	36	16,100원
5	449	36	고소한 베이컨, 담백한 치킨 슬라이스에 잠봉까지 더해 완벽해진 조화를 즐겨보세요.
5	527	63	리뷰 (102)
5	601	36	써브웨이 클럽 (15cm)
5	655	36	8,800원
5	713	36	고소한 베이컨, 담백한 치킨 슬라이스에 잠봉까지 더해 완벽해진 조화를 즐겨보세요.
5	791	63	100% (58개)
5	791	159	ㆍ
5	791	203	리뷰 (95)
5	895	42	인기메뉴
5	977	36	이탈리안 비엠티 (15cm세트)
5	1031	36	12,200원
5	1089	36	페퍼로니, 살라미 그리고 잠봉이 만들어내는 최상의 조화 전세계가 사랑하는 써브웨이의 베스트셀러 Biggest Meatiest Tastiest, B.M.T.
5	1167	63	100% (109개)
5	1167	169	ㆍ
5	1167	213	리뷰 (114)
5	1241	36	이탈리안 비엠티 (30cm세트)
5	1295	36	19,300원
5	1353	36	페퍼로니, 살라미 그리고 잠봉이 만들어내는 최상의 조화 전세계가 사랑하는 써브웨이의 베스트셀러 Biggest Meatiest Tastiest, B.M.T.
5	1417	121	지금 와우 가입하면 배달비 0원 + 25,000원 쿠폰
5	1431	63	100% (114개)
5	1431	169	ㆍ
5	1431	213	리뷰 (110)
5	1434	781	가입하기
5	1505	36	스테이크 & 치즈 (15cm세트)
5	1516	0	준비중
5	1559	36	13,500원
6	0	0	100% (43개)
6	0	0	ㆍ
6	0	0	리뷰 (52)
6	0	0	썹픽 레시피 : 화이트, 아메리칸 치즈, 양상추, 토마토, 피망, 양파, 오이, 스위트 칠리, 랜치 / 닭 가슴살과 다리살을 써브웨이 만의 비율로 배합한 치킨을 손으로 찢어 더욱 부드럽게 즐기는 메뉴!
6	0	381	오픈 준비 중
6	66	155	써브웨이 창동역점 내 메뉴를 찾아보세요
6	117	36	써브웨이 클럽 (15cm)
6	151	114	검색한 메뉴
6	151	290	인기메뉴
6	151	438	그레인 샐러드
6	151	636	샐러드
6	155	762	15cm
6	155	882	30cm
6	171	36	8,800원
6	182	51	1 / 5
6	229	36	고소한 베이컨, 담백한 치킨 슬라이스에 잠봉까지 더해 완벽해진 조화를 즐겨보세요.
6	248	335	써브웨이 창동역점
6	298	404	4.8(6,225)
6	307	63	100% (58개)
6	307	159	ㆍ
6	307	203	리뷰 (95)
6	411	42	인기메뉴
6	493	36	이탈리안 비엠티 (15cm세트)
6	547	36	12,200원
6	605	36	페퍼로니, 살라미 그리고 잠봉이 만들어내는 최상의 조화 전세계가 사랑하는 써브웨이의 베스트셀러 Biggest Meatiest Tastiest, B.M.T.
6	683	63	100% (109개)
6	683	169	ㆍ
6	683	213	리뷰 (114)
6	757	36	이탈리안 비엠티 (30cm세트)
6	811	36	19,300원
6	869	36	페퍼로니, 살라미 그리고 잠봉이 만들어내는 최상의 조화 전세계가 사랑하는 써브웨이의 베스트셀러 Biggest Meatiest Tastiest, B.M.T.
6	947	63	100% (114개)
6	947	169	ㆍ
6	947	213	리뷰 (110)
6	1021	36	스테이크 & 치즈 (15cm세트)
6	1075	36	13,500원
6	1133	36	썹픽 레시피 : 화이트, 아메리칸 치즈, 양상추, 토마토, 피망, 양파, 오이, 올리브, 피클, 할라피뇨, 마요네즈, 사우스웨스트 치폴레 / 육즙이 쫙~풍부한 비프 스테이크의 풍미가 입안 한가득
6	1211	63	100% (75개)
6	1211	159	ㆍ
6	1211	203	리뷰 (65)
6	1285	36	로스트 치킨 (15cm세트)
6	1339	36	12,700원
6	1397	36	썹픽 레시피 : 파마산 오레가노, 슈레드 치즈, 양상추, 토마토, 피망, 양파, 오이 /  오븐에 구워 담백한 닭 가슴살 치킨 패티로 맛과 영양 모두를 만족시키는 메뉴.
6	1417	121	지금 와우 가입하면 배달비 0원 + 25,000원 쿠폰
6	1434	781	가입하기
6	1475	63	95% (21개)
6	1475	149	ㆍ
6	1475	193	리뷰 (26)
6	1516	0	준비중
6	1549	36	로티세리 바비큐 치킨 (15cm세트)
7	0	381	오픈 준비 중
7	3	36	이탈리안 비엠티 (15cm세트)
7	66	155	써브웨이 창동역점 내 메뉴를 찾아보세요
7	115	36	페퍼로니, 살라미 그리고 잠봉이 만들어내는 최상의 조화 전세계가 사랑하는 써브웨이의 베스트셀러 Biggest Meatiest Tastiest, B.M.T.
7	151	114	인기메뉴
7	151	262	그레인 샐러드
7	151	460	샐러드
7	151	826	시그니처랩 세트
7	155	586	15cm
7	155	706	30cm
7	182	51	1 / 5
7	193	63	100% (109개)
7	193	169	ㆍ
7	193	213	리뷰 (114)
7	248	335	써브웨이 창동역점
7	267	36	이탈리안 비엠티 (30cm세트)
7	298	404	4.8(6,225)
7	321	36	19,300원
7	379	36	페퍼로니, 살라미 그리고 잠봉이 만들어내는 최상의 조화 전세계가 사랑하는 써브웨이의 베스트셀러 Biggest Meatiest Tastiest, B.M.T.
7	457	63	100% (114개)
7	457	169	ㆍ
7	457	213	리뷰 (110)
7	531	36	스테이크 & 치즈 (15cm세트)
7	585	36	13,500원
7	643	36	썹픽 레시피 : 화이트, 아메리칸 치즈, 양상추, 토마토, 피망, 양파, 오이, 올리브, 피클, 할라피뇨, 마요네즈, 사우스웨스트 치폴레 / 육즙이 쫙~풍부한 비프 스테이크의 풍미가 입안 한가득
7	721	63	100% (75개)
7	721	159	ㆍ
7	721	203	리뷰 (65)
7	795	36	로스트 치킨 (15cm세트)
7	849	36	12,700원
7	907	36	썹픽 레시피 : 파마산 오레가노, 슈레드 치즈, 양상추, 토마토, 피망, 양파, 오이 /  오븐에 구워 담백한 닭 가슴살 치킨 패티로 맛과 영양 모두를 만족시키는 메뉴.
7	985	63	95% (21개)
7	985	149	ㆍ
7	985	193	리뷰 (26)
7	1059	36	로티세리 바비큐 치킨 (15cm세트)
7	1113	36	12,700원
7	1171	36	썹픽 레시피 : 화이트, 아메리칸 치즈, 양상추, 토마토, 피망, 양파, 오이, 스위트 칠리, 랜치 / 닭 가슴살과 다리살을 써브웨이 만의 비율로 배합한 치킨을 손으로 찢어 더욱 부드럽게 즐기는 메뉴!
7	1249	63	100% (43개)
7	1249	159	ㆍ
7	1249	203	리뷰 (52)
7	1353	42	그레인 샐러드
7	1399	36	그레인 믹스를 더한 최적의 조합으로 더욱 든든해진 새로운 샐러드를 만나보세요.
7	1417	121	지금 와우 가입하면 배달비 0원 + 25,000원 쿠폰
7	1434	781	가입하기
7	1473	36	스테이크 & 머쉬룸 그레인 샐러드 음료 세트
7	1516	0	준비중
7	1527	36	18,900원
7	1585	36	신선한 샐러드와 스프라이트 제로 with Tea로 완성하는 든든한 한 끼.스테이크, 머쉬룸, 그레인 믹스, 슈레드 치즈와 5가지 야채, 블랙올리브 (소스 선택)
8	0	0	100% (1개)
8	0	0	ㆍ
8	0	0	리뷰 (1)
8	0	381	오픈 준비 중
8	44	36	스테이크 & 치즈 (15cm세트)
8	66	155	써브웨이 창동역점 내 메뉴를 찾아보세요
8	132	36	13,500원
8	151	114	인기메뉴
8	151	262	그레인 샐러드
8	151	460	샐러드
8	151	826	시그니처랩 세트
8	155	586	15cm
8	155	706	30cm
8	156	36	썹픽 레시피 : 화이트, 아메리칸 치즈, 양상추, 토마토, 피망, 양파, 오이, 올리브, 피클, 할라피뇨, 마요네즈, 사우스웨스트 치폴레 / 육즙이 쫙~풍부한 비프 스테이크의 풍미가 입안 한가득
8	182	51	1 / 5
8	234	63	100% (75개)
8	234	159	ㆍ
8	234	203	리뷰 (65)
8	248	335	써브웨이 창동역점
8	298	404	4.8(6,225)
8	308	36	로스트 치킨 (15cm세트)
8	362	36	12,700원
8	420	36	썹픽 레시피 : 파마산 오레가노, 슈레드 치즈, 양상추, 토마토, 피망, 양파, 오이 /  오븐에 구워 담백한 닭 가슴살 치킨 패티로 맛과 영양 모두를 만족시키는 메뉴.
8	498	63	95% (21개)
8	498	149	ㆍ
8	498	193	리뷰 (26)
8	572	36	로티세리 바비큐 치킨 (15cm세트)
8	626	36	12,700원
8	684	36	썹픽 레시피 : 화이트, 아메리칸 치즈, 양상추, 토마토, 피망, 양파, 오이, 스위트 칠리, 랜치 / 닭 가슴살과 다리살을 써브웨이 만의 비율로 배합한 치킨을 손으로 찢어 더욱 부드럽게 즐기는 메뉴!
8	762	63	100% (43개)
8	762	159	ㆍ
8	762	203	리뷰 (52)
8	866	42	그레인 샐러드
8	912	36	그레인 믹스를 더한 최적의 조합으로 더욱 든든해진 새로운 샐러드를 만나보세요.
8	986	36	스테이크 & 머쉬룸 그레인 샐러드 음료 세트
8	1040	36	18,900원
8	1098	36	신선한 샐러드와 스프라이트 제로 with Tea로 완성하는 든든한 한 끼.스테이크, 머쉬룸, 그레인 믹스, 슈레드 치즈와 5가지 야채, 블랙올리브 (소스 선택)
8	1206	36	쉬림프 아보카도 그레인 샐러드 음료 세트
8	1260	36	18,100원
8	1318	36	신선한 샐러드와 스프라이트 제로 with Tea로 완성하는 든든한 한 끼.쉬림프, 아보카도, 그레인 믹스, 슈레드 치즈와 5가지 야채, 블랙올리브 (소스 선택)
8	1417	121	지금 와우 가입하면 배달비 0원 + 25,000원 쿠폰
8	1426	36	로티세리 치킨 더블치즈 그레인 샐러드 음료 세트
8	1434	781	가입하기
8	1480	36	16,400원
8	1516	0	준비중
8	1538	36	신선한 샐러드와 스프라이트 제로 with Tea로 완성하는 든든한 한 끼.로티세리 치킨, 더블 슈레드 치즈와 5가지 야채, 블랙올리브 (소스 선택)
9	0	381	오픈 준비 중
9	66	155	써브웨이 창동역점 내 메뉴를 찾아보세요
9	78	36	로티세리 바비큐 치킨 (15cm세트)
9	132	36	12,700원
9	151	114	인기메뉴
9	151	262	그레인 샐러드
9	151	460	샐러드
9	151	826	시그니처랩 세트
9	155	586	15cm
9	155	706	30cm
9	182	51	1 / 5
9	190	36	썹픽 레시피 : 화이트, 아메리칸 치즈, 양상추, 토마토, 피망, 양파, 오이, 스위트 칠리, 랜치 / 닭 가슴살과 다리살을 써브웨이 만의 비율로 배합한 치킨을 손으로 찢어 더욱 부드럽게 즐기는 메뉴!
9	248	335	써브웨이 창동역점
9	268	63	100% (43개)
9	268	159	ㆍ
9	268	203	리뷰 (52)
9	298	404	4.8(6,225)
9	372	42	그레인 샐러드
9	418	36	그레인 믹스를 더한 최적의 조합으로 더욱 든든해진 새로운 샐러드를 만나보세요.
9	492	36	스테이크 & 머쉬룸 그레인 샐러드 음료 세트
9	546	36	18,900원
9	604	36	신선한 샐러드와 스프라이트 제로 with Tea로 완성하는 든든한 한 끼.스테이크, 머쉬룸, 그레인 믹스, 슈레드 치즈와 5가지 야채, 블랙올리브 (소스 선택)
9	712	36	쉬림프 아보카도 그레인 샐러드 음료 세트
9	766	36	18,100원
9	824	36	신선한 샐러드와 스프라이트 제로 with Tea로 완성하는 든든한 한 끼.쉬림프, 아보카도, 그레인 믹스, 슈레드 치즈와 5가지 야채, 블랙올리브 (소스 선택)
9	932	36	로티세리 치킨 더블치즈 그레인 샐러드 음료 세트
9	986	36	16,400원
9	1044	36	신선한 샐러드와 스프라이트 제로 with Tea로 완성하는 든든한 한 끼.로티세리 치킨, 더블 슈레드 치즈와 5가지 야채, 블랙올리브 (소스 선택)
9	1122	63	100% (1개)
9	1122	149	ㆍ
9	1122	193	리뷰 (1)
9	1196	36	풀드포크 타코 그레인 샐러드 음료 세트
9	1250	36	17,100원
9	1308	36	신선한 샐러드와 스프라이트 제로 with Tea로 완성하는 든든한 한 끼.풀드포크, 더블 슈레드 치즈, 아보카도, 그레인 믹스, 각종 야채와 치폴레 & 랜치, 또띠야
9	1416	36	스테이크 & 머쉬룸 그레인  샐러드 세트
9	1417	121	지금 와우 가입하면 배달비 0원 + 25,000원 쿠폰
9	1434	781	가입하기
9	1470	36	19,600원
9	1516	0	준비중
9	1528	36	스테이크, 머쉬룸, 그레인 믹스, 슈레드 치즈와 5가지 야채, 블랙올리브 (소스 선택)
10	0	0	풀드포크, 더블 슈레드 치즈, 아보카도, 그레인 믹스, 각종 야채와 치폴레 & 랜치, 또띠야
10	0	381	오픈 준비 중
10	2	36	스테이크 & 머쉬룸 그레인 샐러드 음료 세트
10	66	155	써브웨이 창동역점 내 메뉴를 찾아보세요
10	114	36	신선한 샐러드와 스프라이트 제로 with Tea로 완성하는 든든한 한 끼.스테이크, 머쉬룸, 그레인 믹스, 슈레드 치즈와 5가지 야채, 블랙올리브 (소스 선택)
10	151	114	그레인 샐러드
10	151	312	샐러드
10	151	678	시그니처랩 세트
10	155	438	15cm
10	155	558	30cm
10	182	51	1 / 5
10	222	36	쉬림프 아보카도 그레인 샐러드 음료 세트
10	248	335	써브웨이 창동역점
10	276	36	18,100원
10	298	404	4.8(6,225)
10	334	36	신선한 샐러드와 스프라이트 제로 with Tea로 완성하는 든든한 한 끼.쉬림프, 아보카도, 그레인 믹스, 슈레드 치즈와 5가지 야채, 블랙올리브 (소스 선택)
10	442	36	로티세리 치킨 더블치즈 그레인 샐러드 음료 세트
10	496	36	16,400원
10	554	36	신선한 샐러드와 스프라이트 제로 with Tea로 완성하는 든든한 한 끼.로티세리 치킨, 더블 슈레드 치즈와 5가지 야채, 블랙올리브 (소스 선택)
10	632	63	100% (1개)
10	632	149	ㆍ
10	632	193	리뷰 (1)
10	706	36	풀드포크 타코 그레인 샐러드 음료 세트
10	760	36	17,100원
10	818	36	신선한 샐러드와 스프라이트 제로 with Tea로 완성하는 든든한 한 끼.풀드포크, 더블 슈레드 치즈, 아보카도, 그레인 믹스, 각종 야채와 치폴레 & 랜치, 또띠야
10	926	36	스테이크 & 머쉬룸 그레인  샐러드 세트
10	980	36	19,600원
10	1038	36	스테이크, 머쉬룸, 그레인 믹스, 슈레드 치즈와 5가지 야채, 블랙올리브 (소스 선택)
10	1146	36	쉬림프 아보카도 그레인  샐러드 세트
10	1200	36	18,800원
10	1258	36	쉬림프, 아보카도, 그레인 믹스, 슈레드 치즈와 5가지 야채, 블랙올리브 (소스 선택)
10	1366	36	로티세리 치킨 더블치즈 그레인  샐러드 세트
10	1417	121	지금 와우 가입하면 배달비 0원 + 25,000원 쿠폰
10	1420	36	17,100원
10	1434	781	가입하기
10	1478	36	로티세리 치킨, 그레인 믹스, 더블 슈레드 치즈와 5가지 야채, 블랙올리브 (소스 선택)
10	1516	0	준비중
10	1586	36	풀드포크 타코 그레인  샐러드 세트
11	0	0	로티세리 치킨 더블치즈 그레인 샐러드 음료 세트
11	0	0	로티세리 치킨, 더블 슈레드 치즈, 아보카도, 그레인 믹스, 각종 야채와 치폴레 & 랜치, 또띠야
11	0	381	오픈 준비 중
11	62	36	신선한 샐러드와 스프라이트 제로 with Tea로 완성하는 든든한 한 끼.로티세리 치킨, 더블 슈레드 치즈와 5가지 야채, 블랙올리브 (소스 선택)
11	66	155	써브웨이 창동역점 내 메뉴를 찾아보세요
11	140	63	100% (1개)
11	140	149	ㆍ
11	140	193	리뷰 (1)
11	151	114	그레인 샐러드
11	151	312	샐러드
11	151	678	시그니처랩 세트
11	155	438	15cm
11	155	558	30cm
11	182	51	1 / 5
11	214	36	풀드포크 타코 그레인 샐러드 음료 세트
11	248	335	써브웨이 창동역점
11	268	36	17,100원
11	298	404	4.8(6,225)
11	326	36	신선한 샐러드와 스프라이트 제로 with Tea로 완성하는 든든한 한 끼.풀드포크, 더블 슈레드 치즈, 아보카도, 그레인 믹스, 각종 야채와 치폴레 & 랜치, 또띠야
11	434	36	스테이크 & 머쉬룸 그레인  샐러드 세트
11	488	36	19,600원
11	546	36	스테이크, 머쉬룸, 그레인 믹스, 슈레드 치즈와 5가지 야채, 블랙올리브 (소스 선택)
11	654	36	쉬림프 아보카도 그레인  샐러드 세트
11	708	36	18,800원
11	766	36	쉬림프, 아보카도, 그레인 믹스, 슈레드 치즈와 5가지 야채, 블랙올리브 (소스 선택)
11	874	36	로티세리 치킨 더블치즈 그레인  샐러드 세트
11	928	36	17,100원
11	986	36	로티세리 치킨, 그레인 믹스, 더블 슈레드 치즈와 5가지 야채, 블랙올리브 (소스 선택)
11	1094	36	풀드포크 타코 그레인  샐러드 세트
11	1148	36	17,800원
11	1206	36	풀드포크, 더블 슈레드 치즈, 아보카도, 그레인 믹스, 각종 야채와 치폴레 & 랜치, 또띠야
11	1314	36	스파이시 쉬림프 타코 그레인  샐러드 세트
11	1368	36	19,100원
11	1417	121	지금 와우 가입하면 배달비 0원 + 25,000원 쿠폰
11	1426	36	스파이시 쉬림프, 더블 슈레드 치즈, 아보카도, 그레인 믹스, 각종 야채와 치폴레 & 랜치, 또띠야
11	1434	781	가입하기
11	1516	0	준비중
11	1534	36	로티세리 치킨 타코 그레인  샐러드 세트
11	1588	36	18,400원
12	0	0	스테이크 & 머쉬룸 그레인  샐러드 세트
12	0	381	오픈 준비 중
12	57	36	스테이크, 머쉬룸, 그레인 믹스, 슈레드 치즈와 5가지 야채, 블랙올리브 (소스 선택)
12	66	155	써브웨이 창동역점 내 메뉴를 찾아보세요
12	151	114	그레인 샐러드
12	151	312	샐러드
12	151	678	시그니처랩 세트
12	155	438	15cm
12	155	558	30cm
12	165	36	쉬림프 아보카도 그레인  샐러드 세트
12	182	51	1 / 5
12	219	36	18,800원
12	248	335	써브웨이 창동역점
12	277	36	쉬림프, 아보카도, 그레인 믹스, 슈레드 치즈와 5가지 야채, 블랙올리브 (소스 선택)
12	298	404	4.8(6,225)
12	385	36	로티세리 치킨 더블치즈 그레인  샐러드 세트
12	439	36	17,100원
12	497	36	로티세리 치킨, 그레인 믹스, 더블 슈레드 치즈와 5가지 야채, 블랙올리브 (소스 선택)
12	605	36	풀드포크 타코 그레인  샐러드 세트
12	659	36	17,800원
12	717	36	풀드포크, 더블 슈레드 치즈, 아보카도, 그레인 믹스, 각종 야채와 치폴레 & 랜치, 또띠야
12	825	36	스파이시 쉬림프 타코 그레인  샐러드 세트
12	879	36	19,100원
12	937	36	스파이시 쉬림프, 더블 슈레드 치즈, 아보카도, 그레인 믹스, 각종 야채와 치폴레 & 랜치, 또띠야
12	1045	36	로티세리 치킨 타코 그레인  샐러드 세트
12	1099	36	18,400원
12	1157	36	로티세리 치킨, 더블 슈레드 치즈, 아보카도, 그레인 믹스, 각종 야채와 치폴레 & 랜치, 또띠야
12	1265	36	로스트 치킨 베이컨 그레인  샐러드 세트
12	1319	36	17,100원
12	1377	36	로스트 치킨, 베이컨 비츠, 그레인 믹스, 슈레드 치즈와 5가지 야채, 블랙올리브 (소스 선택)
12	1417	121	지금 와우 가입하면 배달비 0원 + 25,000원 쿠폰
12	1434	781	가입하기
12	1485	36	에그마요 베이컨 그레인  샐러드 세트
12	1516	0	준비중
12	1539	36	16,300원
12	1597	36	에그마요, 베이컨 비츠, 그레인 믹스, 슈레드 치즈와 5가지 야채, 블랙올리브 (소스 선택)
13	0	381	오픈 준비 중
13	66	155	써브웨이 창동역점 내 메뉴를 찾아보세요
13	117	36	풀드포크 타코 그레인  샐러드 세트
13	151	114	그레인 샐러드
13	151	312	샐러드
13	151	678	시그니처랩 세트
13	155	438	15cm
13	155	558	30cm
13	171	36	17,800원
13	182	51	1 / 5
13	229	36	풀드포크, 더블 슈레드 치즈, 아보카도, 그레인 믹스, 각종 야채와 치폴레 & 랜치, 또띠야
13	248	335	써브웨이 창동역점
13	298	404	4.8(6,225)
13	337	36	스파이시 쉬림프 타코 그레인  샐러드 세트
13	391	36	19,100원
13	449	36	스파이시 쉬림프, 더블 슈레드 치즈, 아보카도, 그레인 믹스, 각종 야채와 치폴레 & 랜치, 또띠야
13	557	36	로티세리 치킨 타코 그레인  샐러드 세트
13	611	36	18,400원
13	669	36	로티세리 치킨, 더블 슈레드 치즈, 아보카도, 그레인 믹스, 각종 야채와 치폴레 & 랜치, 또띠야
13	777	36	로스트 치킨 베이컨 그레인  샐러드 세트
13	831	36	17,100원
13	889	36	로스트 치킨, 베이컨 비츠, 그레인 믹스, 슈레드 치즈와 5가지 야채, 블랙올리브 (소스 선택)
13	997	36	에그마요 베이컨 그레인  샐러드 세트
13	1051	36	16,300원
13	1109	36	에그마요, 베이컨 비츠, 그레인 믹스, 슈레드 치즈와 5가지 야채, 블랙올리브 (소스 선택)
13	1217	36	참치 아보카도 그레인  샐러드 세트
13	1271	36	15,700원
13	1329	36	참치, 아보카도, 그레인 믹스, 슈레드 치즈와 5가지 야채, 블랙올리브 (소스 선택)
13	1407	63	100% (1개)
13	1417	121	지금 와우 가입하면 배달비 0원 + 25,000원 쿠폰
13	1434	781	가입하기
13	1481	36	그린 그레인 샐러드 세트
13	1516	0	준비중
13	1535	36	13,300원
13	1593	36	그레인 믹스, 슈레드 치즈와 5가지 야채, 블랙올리브 (소스 선택)
14	0	0	100% (1개)
14	0	0	ㆍ
14	0	0	리뷰 (1)
14	0	381	오픈 준비 중
14	60	36	로티세리 치킨 타코 그레인  샐러드 세트
14	66	155	써브웨이 창동역점 내 메뉴를 찾아보세요
14	132	36	18,400원
14	151	114	그레인 샐러드
14	151	312	샐러드
14	151	678	시그니처랩 세트
14	155	438	15cm
14	155	558	30cm
14	172	36	로티세리 치킨, 더블 슈레드 치즈, 아보카도, 그레인 믹스, 각종 야채와 치폴레 & 랜치, 또띠야
14	182	51	1 / 5
14	248	335	써브웨이 창동역점
14	280	36	로스트 치킨 베이컨 그레인  샐러드 세트
14	298	404	4.8(6,225)
14	334	36	17,100원
14	392	36	로스트 치킨, 베이컨 비츠, 그레인 믹스, 슈레드 치즈와 5가지 야채, 블랙올리브 (소스 선택)
14	500	36	에그마요 베이컨 그레인  샐러드 세트
14	554	36	16,300원
14	612	36	에그마요, 베이컨 비츠, 그레인 믹스, 슈레드 치즈와 5가지 야채, 블랙올리브 (소스 선택)
14	720	36	참치 아보카도 그레인  샐러드 세트
14	774	36	15,700원
14	832	36	참치, 아보카도, 그레인 믹스, 슈레드 치즈와 5가지 야채, 블랙올리브 (소스 선택)
14	910	63	100% (1개)
14	984	36	그린 그레인 샐러드 세트
14	1038	36	13,300원
14	1096	36	그레인 믹스, 슈레드 치즈와 5가지 야채, 블랙올리브 (소스 선택)
14	1182	36	스테이크 & 머쉬룸 그레인 샐러드
14	1236	36	15,900원
14	1294	36	스테이크, 머쉬룸, 그레인 믹스, 슈레드 치즈와 5가지 야채, 블랙올리브 (소스 선택)
14	1372	63	100% (1개)
14	1372	149	ㆍ
14	1372	193	리뷰 (1)
14	1417	121	지금 와우 가입하면 배달비 0원 + 25,000원 쿠폰
14	1434	781	가입하기
14	1446	36	쉬림프 아보카도 그레인 샐러드
14	1500	36	15,100원
14	1516	0	준비중
14	1558	36	쉬림프, 아보카도, 그레인 믹스, 슈레드 치즈와 5가지 야채, 블랙올리브 (소스 선택)
15	0	0	100% (1개)
15	0	0	ㆍ
15	0	0	리뷰 (2)
15	0	381	오픈 준비 중
15	8	36	에그마요 베이컨 그레인  샐러드 세트
15	66	155	써브웨이 창동역점 내 메뉴를 찾아보세요
15	120	36	에그마요, 베이컨 비츠, 그레인 믹스, 슈레드 치즈와 5가지 야채, 블랙올리브 (소스 선택)
15	151	114	그레인 샐러드
15	151	312	샐러드
15	151	678	시그니처랩 세트
15	155	438	15cm
15	155	558	30cm
15	182	51	1 / 5
15	228	36	참치 아보카도 그레인  샐러드 세트
15	248	335	써브웨이 창동역점
15	282	36	15,700원
15	298	404	4.8(6,225)
15	340	36	참치, 아보카도, 그레인 믹스, 슈레드 치즈와 5가지 야채, 블랙올리브 (소스 선택)
15	418	63	100% (1개)
15	492	36	그린 그레인 샐러드 세트
15	546	36	13,300원
15	604	36	그레인 믹스, 슈레드 치즈와 5가지 야채, 블랙올리브 (소스 선택)
15	690	36	스테이크 & 머쉬룸 그레인 샐러드
15	744	36	15,900원
15	802	36	스테이크, 머쉬룸, 그레인 믹스, 슈레드 치즈와 5가지 야채, 블랙올리브 (소스 선택)
15	880	63	100% (1개)
15	880	149	ㆍ
15	880	193	리뷰 (1)
15	954	36	쉬림프 아보카도 그레인 샐러드
15	1008	36	15,100원
15	1066	36	쉬림프, 아보카도, 그레인 믹스, 슈레드 치즈와 5가지 야채, 블랙올리브 (소스 선택)
15	1144	63	100% (1개)
15	1144	149	ㆍ
15	1144	193	리뷰 (1)
15	1218	36	로티세리 치킨 더블치즈 그레인 샐러드
15	1272	36	13,400원
15	1330	36	로티세리 치킨, 그레인 믹스, 더블 슈레드 치즈와 5가지 야채, 블랙올리브 (소스 선택)
15	1417	121	지금 와우 가입하면 배달비 0원 + 25,000원 쿠폰
15	1434	781	가입하기
15	1438	36	풀드포크 타코 그레인 샐러드
15	1492	36	14,100원
15	1516	0	준비중
15	1550	36	풀드포크, 더블 슈레드 치즈, 아보카도, 그레인 믹스, 각종 야채와 치폴레 & 랜치, 또띠야
16	0	0	100% (3개)
16	0	381	오픈 준비 중
16	1	36	그린 그레인 샐러드 세트
16	66	155	써브웨이 창동역점 내 메뉴를 찾아보세요
16	113	36	그레인 믹스, 슈레드 치즈와 5가지 야채, 블랙올리브 (소스 선택)
16	151	114	그레인 샐러드
16	151	312	샐러드
16	151	678	시그니처랩 세트
16	155	438	15cm
16	155	558	30cm
16	182	51	1 / 5
16	199	36	스테이크 & 머쉬룸 그레인 샐러드
16	248	335	써브웨이 창동역점
16	253	36	15,900원
16	298	404	4.8(6,225)
16	311	36	스테이크, 머쉬룸, 그레인 믹스, 슈레드 치즈와 5가지 야채, 블랙올리브 (소스 선택)
16	389	63	100% (1개)
16	389	149	ㆍ
16	389	193	리뷰 (1)
16	463	36	쉬림프 아보카도 그레인 샐러드
16	517	36	15,100원
16	575	36	쉬림프, 아보카도, 그레인 믹스, 슈레드 치즈와 5가지 야채, 블랙올리브 (소스 선택)
16	653	63	100% (1개)
16	653	149	ㆍ
16	653	193	리뷰 (1)
16	727	36	로티세리 치킨 더블치즈 그레인 샐러드
16	781	36	13,400원
16	839	36	로티세리 치킨, 그레인 믹스, 더블 슈레드 치즈와 5가지 야채, 블랙올리브 (소스 선택)
16	947	36	풀드포크 타코 그레인 샐러드
16	1001	36	14,100원
16	1059	36	풀드포크, 더블 슈레드 치즈, 아보카도, 그레인 믹스, 각종 야채와 치폴레 & 랜치, 또띠야
16	1137	63	100% (1개)
16	1137	149	ㆍ
16	1137	193	리뷰 (2)
16	1211	36	스파이시 쉬림프 타코 그레인 샐러드
16	1265	36	15,400원
16	1323	36	스파이시 쉬림프, 더블 슈레드 치즈, 아보카도, 그레인 믹스, 각종 야채와 치폴레 & 랜치, 또띠야
16	1417	121	지금 와우 가입하면 배달비 0원 + 25,000원 쿠폰
16	1431	36	로티세리 치킨 타코 그레인 샐러드
16	1434	781	가입하기
16	1485	36	14,700원
16	1516	0	준비중
16	1543	36	로티세리 치킨, 더블 슈레드 치즈, 아보카도, 그레인 믹스, 각종 야채와 치폴레 & 랜치, 또띠야
17	0	0	100% (1개)
17	0	0	ㆍ
17	0	0	리뷰 (2)
17	0	36	쉬림프 아보카도 그레인 샐러드
17	0	381	오픈 준비 중
17	66	155	써브웨이 창동역점 내 메뉴를 찾아보세요
17	85	36	쉬림프, 아보카도, 그레인 믹스, 슈레드 치즈와 5가지 야채, 블랙올리브 (소스 선택)
17	151	114	그레인 샐러드
17	151	312	샐러드
17	151	678	시그니처랩 세트
17	155	438	15cm
17	155	558	30cm
17	163	63	100% (1개)
17	163	149	ㆍ
17	163	193	리뷰 (1)
17	182	51	1 / 5
17	237	36	로티세리 치킨 더블치즈 그레인 샐러드
17	248	335	써브웨이 창동역점
17	291	36	13,400원
17	298	404	4.8(6,225)
17	349	36	로티세리 치킨, 그레인 믹스, 더블 슈레드 치즈와 5가지 야채, 블랙올리브 (소스 선택)
17	457	36	풀드포크 타코 그레인 샐러드
17	511	36	14,100원
17	569	36	풀드포크, 더블 슈레드 치즈, 아보카도, 그레인 믹스, 각종 야채와 치폴레 & 랜치, 또띠야
17	647	63	100% (1개)
17	647	149	ㆍ
17	647	193	리뷰 (2)
17	721	36	스파이시 쉬림프 타코 그레인 샐러드
17	775	36	15,400원
17	833	36	스파이시 쉬림프, 더블 슈레드 치즈, 아보카도, 그레인 믹스, 각종 야채와 치폴레 & 랜치, 또띠야
17	941	36	로티세리 치킨 타코 그레인 샐러드
17	995	36	14,700원
17	1053	36	로티세리 치킨, 더블 슈레드 치즈, 아보카도, 그레인 믹스, 각종 야채와 치폴레 & 랜치, 또띠야
17	1131	63	100% (3개)
17	1205	36	로스트 치킨 베이컨 그레인 샐러드
17	1259	36	13,400원
17	1317	36	로스트 치킨, 베이컨 비츠, 그레인 믹스, 슈레드 치즈와 5가지 야채, 블랙올리브 (소스 선택)
17	1395	63	100% (2개)
17	1417	121	지금 와우 가입하면 배달비 0원 + 25,000원 쿠폰
17	1434	781	가입하기
17	1469	36	에그마요 베이컨 그레인 샐러드
17	1516	0	준비중
17	1523	36	12,600원
17	1581	36	에그마요, 베이컨 비츠, 그레인 믹스, 슈레드 치즈와 5가지 야채, 블랙올리브 (소스 선택)
18	0	36	풀드포크 타코 그레인 샐러드
18	0	381	오픈 준비 중
18	66	155	써브웨이 창동역점 내 메뉴를 찾아보세요
18	75	36	풀드포크, 더블 슈레드 치즈, 아보카도, 그레인 믹스, 각종 야채와 치폴레 & 랜치, 또띠야
18	151	114	그레인 샐러드
18	151	312	샐러드
18	151	678	시그니처랩 세트
18	153	63	100% (1개)
18	153	149	ㆍ
18	153	193	리뷰 (2)
18	155	438	15cm
18	155	558	30cm
18	182	51	1 / 5
18	227	36	스파이시 쉬림프 타코 그레인 샐러드
18	248	335	써브웨이 창동역점
18	281	36	15,400원
18	298	404	4.8(6,225)
18	339	36	스파이시 쉬림프, 더블 슈레드 치즈, 아보카도, 그레인 믹스, 각종 야채와 치폴레 & 랜치, 또띠야
18	447	36	로티세리 치킨 타코 그레인 샐러드
18	501	36	14,700원
18	559	36	로티세리 치킨, 더블 슈레드 치즈, 아보카도, 그레인 믹스, 각종 야채와 치폴레 & 랜치, 또띠야
18	637	63	100% (3개)
18	711	36	로스트 치킨 베이컨 그레인 샐러드
18	765	36	13,400원
18	823	36	로스트 치킨, 베이컨 비츠, 그레인 믹스, 슈레드 치즈와 5가지 야채, 블랙올리브 (소스 선택)
18	901	63	100% (2개)
18	975	36	에그마요 베이컨 그레인 샐러드
18	1029	36	12,600원
18	1087	36	에그마요, 베이컨 비츠, 그레인 믹스, 슈레드 치즈와 5가지 야채, 블랙올리브 (소스 선택)
18	1165	63	100% (1개)
18	1165	149	ㆍ
18	1165	193	리뷰 (2)
18	1239	36	참치 아보카도 그레인 샐러드
18	1293	36	12,000원
18	1351	36	참치, 아보카도, 그레인 믹스, 슈레드 치즈와 5가지 야채, 블랙올리브 (소스 선택)
18	1417	121	지금 와우 가입하면 배달비 0원 + 25,000원 쿠폰
18	1434	781	가입하기
18	1459	36	그린 그레인 샐러드
18	1513	36	9,600원
18	1516	0	준비중
18	1571	36	그레인 믹스, 슈레드 치즈와 5가지 야채, 블랙올리브 (소스 선택)
19	0	0	로티세리 치킨 타코 그레인 샐러드
19	0	0	쉬림프, 아보카도, 슈레드 치즈와 5가지 야채, 블랙올리브 (소스 선택)
19	0	381	오픈 준비 중
19	66	155	써브웨이 창동역점 내 메뉴를 찾아보세요
19	68	36	로티세리 치킨, 더블 슈레드 치즈, 아보카도, 그레인 믹스, 각종 야채와 치폴레 & 랜치, 또띠야
19	146	63	100% (3개)
19	151	114	그레인 샐러드
19	151	312	샐러드
19	151	678	시그니처랩 세트
19	155	438	15cm
19	155	558	30cm
19	182	51	1 / 5
19	220	36	로스트 치킨 베이컨 그레인 샐러드
19	248	335	써브웨이 창동역점
19	274	36	13,400원
19	298	404	4.8(6,225)
19	332	36	로스트 치킨, 베이컨 비츠, 그레인 믹스, 슈레드 치즈와 5가지 야채, 블랙올리브 (소스 선택)
19	410	63	100% (2개)
19	484	36	에그마요 베이컨 그레인 샐러드
19	538	36	12,600원
19	596	36	에그마요, 베이컨 비츠, 그레인 믹스, 슈레드 치즈와 5가지 야채, 블랙올리브 (소스 선택)
19	674	63	100% (1개)
19	674	149	ㆍ
19	674	193	리뷰 (2)
19	748	36	참치 아보카도 그레인 샐러드
19	802	36	12,000원
19	860	36	참치, 아보카도, 그레인 믹스, 슈레드 치즈와 5가지 야채, 블랙올리브 (소스 선택)
19	968	36	그린 그레인 샐러드
19	1022	36	9,600원
19	1080	36	그레인 믹스, 슈레드 치즈와 5가지 야채, 블랙올리브 (소스 선택)
19	1196	42	샐러드
19	1242	36	최적의 조합으로 구성된 새로운 샐러드를 만나보세요.
19	1316	36	스테이크 & 머쉬룸 샐러드 세트
19	1370	36	18,400원
19	1417	121	지금 와우 가입하면 배달비 0원 + 25,000원 쿠폰
19	1428	36	스테이크, 머쉬룸, 슈레드 치즈와 5가지 야채, 블랙올리브 (소스 선택)
19	1434	781	가입하기
19	1514	36	쉬림프 아보카도 샐러드 세트
19	1516	0	준비중
19	1568	36	17,600원
20	0	36	에그마요 베이컨 그레인 샐러드
20	0	381	오픈 준비 중
20	66	155	써브웨이 창동역점 내 메뉴를 찾아보세요
20	99	36	에그마요, 베이컨 비츠, 그레인 믹스, 슈레드 치즈와 5가지 야채, 블랙올리브 (소스 선택)
20	151	114	그레인 샐러드
20	151	312	샐러드
20	151	678	시그니처랩 세트
20	155	438	15cm
20	155	558	30cm
20	177	63	100% (1개)
20	177	149	ㆍ
20	177	193	리뷰 (2)
20	182	51	1 / 5
20	248	335	써브웨이 창동역점
20	251	36	참치 아보카도 그레인 샐러드
20	298	404	4.8(6,225)
20	305	36	12,000원
20	363	36	참치, 아보카도, 그레인 믹스, 슈레드 치즈와 5가지 야채, 블랙올리브 (소스 선택)
20	471	36	그린 그레인 샐러드
20	525	36	9,600원
20	583	36	그레인 믹스, 슈레드 치즈와 5가지 야채, 블랙올리브 (소스 선택)
20	699	42	샐러드
20	745	36	최적의 조합으로 구성된 새로운 샐러드를 만나보세요.
20	819	36	스테이크 & 머쉬룸 샐러드 세트
20	873	36	18,400원
20	931	36	스테이크, 머쉬룸, 슈레드 치즈와 5가지 야채, 블랙올리브 (소스 선택)
20	1017	36	쉬림프 아보카도 샐러드 세트
20	1071	36	17,600원
20	1129	36	쉬림프, 아보카도, 슈레드 치즈와 5가지 야채, 블랙올리브 (소스 선택)
20	1215	36	로티세리 치킨 더블치즈 샐러드 세트
20	1269	36	15,900원
20	1327	36	로티세리 치킨, 더블 슈레드 치즈와 5가지 야채, 블랙올리브 (소스 선택)
20	1413	36	풀드포크 타코 샐러드 세트
20	1417	121	지금 와우 가입하면 배달비 0원 + 25,000원 쿠폰
20	1434	781	가입하기
20	1467	36	16,600원
20	1516	0	준비중
20	1525	36	풀드포크, 더블 슈레드 치즈, 아보카도, 각종 야채와 치폴레 & 랜치, 또띠야
20	1573	63	100% (8개)
20	1573	149	ㆍ
20	1573	193	리뷰 (10)
21	0	36	그린 그레인 샐러드
21	0	381	오픈 준비 중
21	66	155	써브웨이 창동역점 내 메뉴를 찾아보세요
21	89	36	그레인 믹스, 슈레드 치즈와 5가지 야채, 블랙올리브 (소스 선택)
21	151	114	그레인 샐러드
21	151	312	샐러드
21	151	678	시그니처랩 세트
21	155	438	15cm
21	155	558	30cm
21	182	51	1 / 5
21	205	42	샐러드
21	248	335	써브웨이 창동역점
21	251	36	최적의 조합으로 구성된 새로운 샐러드를 만나보세요.
21	298	404	4.8(6,225)
21	325	36	스테이크 & 머쉬룸 샐러드 세트
21	379	36	18,400원
21	437	36	스테이크, 머쉬룸, 슈레드 치즈와 5가지 야채, 블랙올리브 (소스 선택)
21	523	36	쉬림프 아보카도 샐러드 세트
21	577	36	17,600원
21	635	36	쉬림프, 아보카도, 슈레드 치즈와 5가지 야채, 블랙올리브 (소스 선택)
21	721	36	로티세리 치킨 더블치즈 샐러드 세트
21	775	36	15,900원
21	833	36	로티세리 치킨, 더블 슈레드 치즈와 5가지 야채, 블랙올리브 (소스 선택)
21	919	36	풀드포크 타코 샐러드 세트
21	973	36	16,600원
21	1031	36	풀드포크, 더블 슈레드 치즈, 아보카도, 각종 야채와 치폴레 & 랜치, 또띠야
21	1079	63	100% (8개)
21	1079	149	ㆍ
21	1079	193	리뷰 (10)
21	1153	36	스파이시 쉬림프 타코 샐러드 세트
21	1207	36	17,900원
21	1265	36	스파이시 쉬림프, 더블 슈레드 치즈, 아보카도, 각종 야채와 치폴레 & 랜치, 또띠야
21	1343	63	100% (4개)
21	1343	149	ㆍ
21	1343	193	리뷰 (2)
21	1417	36	로티세리 치킨 타코 샐러드 세트
21	1417	121	지금 와우 가입하면 배달비 0원 + 25,000원 쿠폰
21	1434	781	가입하기
21	1471	36	17,200원
21	1516	0	준비중
21	1529	36	로티세리 치킨, 더블 슈레드 치즈, 아보카도, 각종 야채와 치폴레 & 랜치, 또띠야
22	0	0	참치, 아보카도, 슈레드 치즈와 5가지 야채, 블랙올리브 (소스 선택)
22	0	381	오픈 준비 중
22	31	36	쉬림프 아보카도 샐러드 세트
22	66	155	써브웨이 창동역점 내 메뉴를 찾아보세요
22	143	36	쉬림프, 아보카도, 슈레드 치즈와 5가지 야채, 블랙올리브 (소스 선택)
22	151	114	샐러드
22	151	480	시그니처랩 세트
22	151	700	시그니처랩 단품
22	155	240	15cm
22	155	360	30cm
22	182	51	1 / 5
22	229	36	로티세리 치킨 더블치즈 샐러드 세트
22	248	335	써브웨이 창동역점
22	283	36	15,900원
22	298	404	4.8(6,225)
22	341	36	로티세리 치킨, 더블 슈레드 치즈와 5가지 야채, 블랙올리브 (소스 선택)
22	427	36	풀드포크 타코 샐러드 세트
22	481	36	16,600원
22	539	36	풀드포크, 더블 슈레드 치즈, 아보카도, 각종 야채와 치폴레 & 랜치, 또띠야
22	587	63	100% (8개)
22	587	149	ㆍ
22	587	193	리뷰 (10)
22	661	36	스파이시 쉬림프 타코 샐러드 세트
22	715	36	17,900원
22	773	36	스파이시 쉬림프, 더블 슈레드 치즈, 아보카도, 각종 야채와 치폴레 & 랜치, 또띠야
22	851	63	100% (4개)
22	851	149	ㆍ
22	851	193	리뷰 (2)
22	925	36	로티세리 치킨 타코 샐러드 세트
22	979	36	17,200원
22	1037	36	로티세리 치킨, 더블 슈레드 치즈, 아보카도, 각종 야채와 치폴레 & 랜치, 또띠야
22	1145	36	로스트 치킨 베이컨 샐러드 세트
22	1199	36	15,900원
22	1257	36	로스트 치킨, 베이컨 비츠, 슈레드 치즈와 5가지 야채, 블랙올리브 (소스 선택)
22	1343	36	에그마요 베이컨 샐러드 세트
22	1397	36	15,100원
22	1417	121	지금 와우 가입하면 배달비 0원 + 25,000원 쿠폰
22	1434	781	가입하기
22	1455	36	에그마요, 베이컨 비츠, 슈레드 치즈와 5가지 야채, 블랙올리브 (소스 선택)
22	1516	0	준비중
22	1541	36	참치 아보카도 샐러드 세트
22	1595	36	14,500원
23	0	0	풀드포크 타코 샐러드 세트
23	0	381	오픈 준비 중
23	45	36	풀드포크, 더블 슈레드 치즈, 아보카도, 각종 야채와 치폴레 & 랜치, 또띠야
23	66	155	써브웨이 창동역점 내 메뉴를 찾아보세요
23	93	63	100% (8개)
23	93	149	ㆍ
23	93	193	리뷰 (10)
23	151	114	샐러드
23	151	480	시그니처랩 세트
23	151	700	시그니처랩 단품
23	155	240	15cm
23	155	360	30cm
23	167	36	스파이시 쉬림프 타코 샐러드 세트
23	182	51	1 / 5
23	221	36	17,900원
23	248	335	써브웨이 창동역점
23	279	36	스파이시 쉬림프, 더블 슈레드 치즈, 아보카도, 각종 야채와 치폴레 & 랜치, 또띠야
23	298	404	4.8(6,225)
23	357	63	100% (4개)
23	357	149	ㆍ
23	357	193	리뷰 (2)
23	431	36	로티세리 치킨 타코 샐러드 세트
23	485	36	17,200원
23	543	36	로티세리 치킨, 더블 슈레드 치즈, 아보카도, 각종 야채와 치폴레 & 랜치, 또띠야
23	651	36	로스트 치킨 베이컨 샐러드 세트
23	705	36	15,900원
23	763	36	로스트 치킨, 베이컨 비츠, 슈레드 치즈와 5가지 야채, 블랙올리브 (소스 선택)
23	849	36	에그마요 베이컨 샐러드 세트
23	903	36	15,100원
23	961	36	에그마요, 베이컨 비츠, 슈레드 치즈와 5가지 야채, 블랙올리브 (소스 선택)
23	1047	36	참치 아보카도 샐러드 세트
23	1101	36	14,500원
23	1159	36	참치, 아보카도, 슈레드 치즈와 5가지 야채, 블랙올리브 (소스 선택)
23	1245	36	그린 샐러드 세트
23	1299	36	12,100원
23	1357	36	슈레드 치즈와 5가지 야채, 블랙올리브 (소스 선택)
23	1417	121	지금 와우 가입하면 배달비 0원 + 25,000원 쿠폰
23	1434	781	가입하기
23	1443	36	미니 로티세리 치킨  샐러드 세트
23	1497	36	7,600원
23	1516	0	준비중
23	1555	36	신선함과 간편함을 한 컵에 담아,  가볍고 건강하게 즐기는 미니 샐러드
24	0	0	100% (1개)
24	0	0	ㆍ
24	0	0	로티세리 치킨, 더블 슈레드 치즈와 5가지 야채, 블랙올리브 (소스 선택)
24	0	0	리뷰 (1)
24	0	381	오픈 준비 중
24	66	155	써브웨이 창동역점 내 메뉴를 찾아보세요
24	151	114	샐러드
24	151	480	시그니처랩 세트
24	151	700	시그니처랩 단품
24	155	240	15cm
24	155	360	30cm
24	156	36	로스트 치킨 베이컨 샐러드 세트
24	182	51	1 / 5
24	210	36	15,900원
24	248	335	써브웨이 창동역점
24	268	36	로스트 치킨, 베이컨 비츠, 슈레드 치즈와 5가지 야채, 블랙올리브 (소스 선택)
24	298	404	4.8(6,225)
24	354	36	에그마요 베이컨 샐러드 세트
24	408	36	15,100원
24	466	36	에그마요, 베이컨 비츠, 슈레드 치즈와 5가지 야채, 블랙올리브 (소스 선택)
24	552	36	참치 아보카도 샐러드 세트
24	606	36	14,500원
24	664	36	참치, 아보카도, 슈레드 치즈와 5가지 야채, 블랙올리브 (소스 선택)
24	750	36	그린 샐러드 세트
24	804	36	12,100원
24	862	36	슈레드 치즈와 5가지 야채, 블랙올리브 (소스 선택)
24	948	36	미니 로티세리 치킨  샐러드 세트
24	1002	36	7,600원
24	1060	36	신선함과 간편함을 한 컵에 담아,  가볍고 건강하게 즐기는 미니 샐러드
24	1146	36	스테이크 & 머쉬룸 샐러드
24	1200	36	14,700원
24	1258	36	스테이크, 머쉬룸, 슈레드 치즈와 5가지 야채, 블랙올리브 (소스 선택)
24	1344	36	쉬림프 아보카도 샐러드
24	1398	36	13,900원
24	1417	121	지금 와우 가입하면 배달비 0원 + 25,000원 쿠폰
24	1434	781	가입하기
24	1456	36	쉬림프, 아보카도, 슈레드 치즈와 5가지 야채, 블랙올리브 (소스 선택)
24	1504	63	100% (2개)
24	1516	0	준비중
24	1578	36	로티세리 치킨 더블치즈 샐러드
25	0	0	100% (6개)
25	0	0	ㆍ
25	0	0	리뷰 (12)
25	0	0	스파이시 쉬림프, 더블 슈레드 치즈, 아보카도, 각종 야채와 치폴레 & 랜치, 또띠야
25	0	381	오픈 준비 중
25	66	155	써브웨이 창동역점 내 메뉴를 찾아보세요
25	69	36	참치 아보카도 샐러드 세트
25	132	36	14,500원
25	151	114	샐러드
25	151	480	시그니처랩 세트
25	151	700	시그니처랩 단품
25	155	240	15cm
25	155	360	30cm
25	181	36	참치, 아보카도, 슈레드 치즈와 5가지 야채, 블랙올리브 (소스 선택)
25	182	51	1 / 5
25	248	335	써브웨이 창동역점
25	267	36	그린 샐러드 세트
25	298	404	4.8(6,225)
25	321	36	12,100원
25	379	36	슈레드 치즈와 5가지 야채, 블랙올리브 (소스 선택)
25	465	36	미니 로티세리 치킨  샐러드 세트
25	519	36	7,600원
25	577	36	신선함과 간편함을 한 컵에 담아,  가볍고 건강하게 즐기는 미니 샐러드
25	663	36	스테이크 & 머쉬룸 샐러드
25	717	36	14,700원
25	775	36	스테이크, 머쉬룸, 슈레드 치즈와 5가지 야채, 블랙올리브 (소스 선택)
25	861	36	쉬림프 아보카도 샐러드
25	915	36	13,900원
25	973	36	쉬림프, 아보카도, 슈레드 치즈와 5가지 야채, 블랙올리브 (소스 선택)
25	1021	63	100% (2개)
25	1095	36	로티세리 치킨 더블치즈 샐러드
25	1149	36	12,200원
25	1207	36	로티세리 치킨, 더블 슈레드 치즈와 5가지 야채, 블랙올리브 (소스 선택)
25	1255	63	100% (1개)
25	1255	149	ㆍ
25	1255	193	리뷰 (1)
25	1329	36	풀드포크 타코 샐러드
25	1383	36	12,900원
25	1417	121	지금 와우 가입하면 배달비 0원 + 25,000원 쿠폰
25	1434	781	가입하기
25	1441	36	풀드포크, 더블 슈레드 치즈, 아보카도, 각종 야채와 치폴레 & 랜치, 또띠야
25	1489	63	100% (25개)
25	1489	159	ㆍ
25	1489	203	리뷰 (39)
25	1516	0	준비중
25	1563	36	스파이시 쉬림프 타코 샐러드
26	0	0	100% (2개)
26	0	0	ㆍ
26	0	0	로스트 치킨 베이컨 샐러드
26	0	0	로스트 치킨, 베이컨 비츠, 슈레드 치즈와 5가지 야채, 블랙올리브 (소스 선택)
26	0	0	리뷰 (3)
26	0	36	미니 로티세리 치킨  샐러드 세트
26	0	381	오픈 준비 중
26	66	155	써브웨이 창동역점 내 메뉴를 찾아보세요
26	88	36	신선함과 간편함을 한 컵에 담아,  가볍고 건강하게 즐기는 미니 샐러드
26	151	114	샐러드
26	151	480	시그니처랩 세트
26	151	700	시그니처랩 단품
26	155	240	15cm
26	155	360	30cm
26	174	36	스테이크 & 머쉬룸 샐러드
26	182	51	1 / 5
26	228	36	14,700원
26	248	335	써브웨이 창동역점
26	286	36	스테이크, 머쉬룸, 슈레드 치즈와 5가지 야채, 블랙올리브 (소스 선택)
26	298	404	4.8(6,225)
26	372	36	쉬림프 아보카도 샐러드
26	426	36	13,900원
26	484	36	쉬림프, 아보카도, 슈레드 치즈와 5가지 야채, 블랙올리브 (소스 선택)
26	532	63	100% (2개)
26	606	36	로티세리 치킨 더블치즈 샐러드
26	660	36	12,200원
26	718	36	로티세리 치킨, 더블 슈레드 치즈와 5가지 야채, 블랙올리브 (소스 선택)
26	766	63	100% (1개)
26	766	149	ㆍ
26	766	193	리뷰 (1)
26	840	36	풀드포크 타코 샐러드
26	894	36	12,900원
26	952	36	풀드포크, 더블 슈레드 치즈, 아보카도, 각종 야채와 치폴레 & 랜치, 또띠야
26	1000	63	100% (25개)
26	1000	159	ㆍ
26	1000	203	리뷰 (39)
26	1074	36	스파이시 쉬림프 타코 샐러드
26	1128	36	14,200원
26	1186	36	스파이시 쉬림프, 더블 슈레드 치즈, 아보카도, 각종 야채와 치폴레 & 랜치, 또띠야
26	1264	63	100% (6개)
26	1264	149	ㆍ
26	1264	193	리뷰 (12)
26	1338	36	로티세리 치킨 타코 샐러드
26	1392	36	13,500원
26	1417	121	지금 와우 가입하면 배달비 0원 + 25,000원 쿠폰
26	1434	781	가입하기
26	1450	36	로티세리 치킨, 더블 슈레드 치즈, 아보카도, 각종 야채와 치폴레 & 랜치, 또띠야
26	1516	0	준비중
26	1528	63	100% (14개)
26	1528	159	ㆍ
26	1528	203	리뷰 (12)
27	0	0	참치, 아보카도, 슈레드 치즈와 5가지 야채, 블랙올리브 (소스 선택)
27	0	381	오픈 준비 중
27	66	155	써브웨이 창동역점 내 메뉴를 찾아보세요
27	115	36	로티세리 치킨 더블치즈 샐러드
27	151	114	샐러드
27	151	480	시그니처랩 세트
27	151	700	시그니처랩 단품
27	155	240	15cm
27	155	360	30cm
27	169	36	12,200원
27	182	51	1 / 5
27	227	36	로티세리 치킨, 더블 슈레드 치즈와 5가지 야채, 블랙올리브 (소스 선택)
27	248	335	써브웨이 창동역점
27	275	63	100% (1개)
27	275	149	ㆍ
27	275	193	리뷰 (1)
27	298	404	4.8(6,225)
27	349	36	풀드포크 타코 샐러드
27	403	36	12,900원
27	461	36	풀드포크, 더블 슈레드 치즈, 아보카도, 각종 야채와 치폴레 & 랜치, 또띠야
27	509	63	100% (25개)
27	509	159	ㆍ
27	509	203	리뷰 (39)
27	583	36	스파이시 쉬림프 타코 샐러드
27	637	36	14,200원
27	695	36	스파이시 쉬림프, 더블 슈레드 치즈, 아보카도, 각종 야채와 치폴레 & 랜치, 또띠야
27	773	63	100% (6개)
27	773	149	ㆍ
27	773	193	리뷰 (12)
27	847	36	로티세리 치킨 타코 샐러드
27	901	36	13,500원
27	959	36	로티세리 치킨, 더블 슈레드 치즈, 아보카도, 각종 야채와 치폴레 & 랜치, 또띠야
27	1037	63	100% (14개)
27	1037	159	ㆍ
27	1037	203	리뷰 (12)
27	1111	36	로스트 치킨 베이컨 샐러드
27	1165	36	12,200원
27	1223	36	로스트 치킨, 베이컨 비츠, 슈레드 치즈와 5가지 야채, 블랙올리브 (소스 선택)
27	1271	63	100% (2개)
27	1271	149	ㆍ
27	1271	193	리뷰 (3)
27	1345	36	에그마요 베이컨 샐러드
27	1399	36	11,400원
27	1417	121	지금 와우 가입하면 배달비 0원 + 25,000원 쿠폰
27	1434	781	가입하기
27	1457	36	에그마요, 베이컨 비츠, 슈레드 치즈와 5가지 야채, 블랙올리브 (소스 선택)
27	1505	63	100% (1개)
27	1505	149	ㆍ
27	1505	193	리뷰 (1)
27	1516	0	준비중
27	1579	36	참치 아보카도 샐러드
28	0	0	97% (71개)
28	0	0	ㆍ
28	0	0	리뷰 (65)
28	0	0	신선함과 간편함을 한 컵에 담아,  가볍고 건강하게 즐기는 미니 샐러드
28	0	381	오픈 준비 중
28	66	155	써브웨이 창동역점 내 메뉴를 찾아보세요
28	93	36	스파이시 쉬림프 타코 샐러드
28	147	36	14,200원
28	151	114	샐러드
28	151	480	시그니처랩 세트
28	151	700	시그니처랩 단품
28	155	240	15cm
28	155	360	30cm
28	182	51	1 / 5
28	205	36	스파이시 쉬림프, 더블 슈레드 치즈, 아보카도, 각종 야채와 치폴레 & 랜치, 또띠야
28	248	335	써브웨이 창동역점
28	283	63	100% (6개)
28	283	149	ㆍ
28	283	193	리뷰 (12)
28	298	404	4.8(6,225)
28	357	36	로티세리 치킨 타코 샐러드
28	411	36	13,500원
28	469	36	로티세리 치킨, 더블 슈레드 치즈, 아보카도, 각종 야채와 치폴레 & 랜치, 또띠야
28	547	63	100% (14개)
28	547	159	ㆍ
28	547	203	리뷰 (12)
28	621	36	로스트 치킨 베이컨 샐러드
28	675	36	12,200원
28	733	36	로스트 치킨, 베이컨 비츠, 슈레드 치즈와 5가지 야채, 블랙올리브 (소스 선택)
28	781	63	100% (2개)
28	781	149	ㆍ
28	781	193	리뷰 (3)
28	855	36	에그마요 베이컨 샐러드
28	909	36	11,400원
28	967	36	에그마요, 베이컨 비츠, 슈레드 치즈와 5가지 야채, 블랙올리브 (소스 선택)
28	1015	63	100% (1개)
28	1015	149	ㆍ
28	1015	193	리뷰 (1)
28	1089	36	참치 아보카도 샐러드
28	1143	36	10,800원
28	1201	36	참치, 아보카도, 슈레드 치즈와 5가지 야채, 블랙올리브 (소스 선택)
28	1287	36	그린 샐러드
28	1341	36	8,400원
28	1399	36	슈레드 치즈와 5가지 야채, 블랙올리브 (소스 선택)
28	1417	121	지금 와우 가입하면 배달비 0원 + 25,000원 쿠폰
28	1434	781	가입하기
28	1447	63	100% (3개)
28	1447	149	ㆍ
28	1447	193	리뷰 (3)
28	1516	0	준비중
28	1521	36	미니 로티세리 치킨 샐러드
28	1575	36	3,900원
29	0	381	오픈 준비 중
29	66	155	써브웨이 창동역점 내 메뉴를 찾아보세요
29	137	36	로스트 치킨 베이컨 샐러드
29	151	114	샐러드
29	151	480	시그니처랩 세트
29	151	700	시그니처랩 단품
29	155	240	15cm
29	155	360	30cm
29	182	51	1 / 5
29	191	36	12,200원
29	248	335	써브웨이 창동역점
29	249	36	로스트 치킨, 베이컨 비츠, 슈레드 치즈와 5가지 야채, 블랙올리브 (소스 선택)
29	297	63	100% (2개)
29	297	149	ㆍ
29	297	193	리뷰 (3)
29	298	404	4.8(6,225)
29	371	36	에그마요 베이컨 샐러드
29	425	36	11,400원
29	483	36	에그마요, 베이컨 비츠, 슈레드 치즈와 5가지 야채, 블랙올리브 (소스 선택)
29	531	63	100% (1개)
29	531	149	ㆍ
29	531	193	리뷰 (1)
29	605	36	참치 아보카도 샐러드
29	659	36	10,800원
29	717	36	참치, 아보카도, 슈레드 치즈와 5가지 야채, 블랙올리브 (소스 선택)
29	803	36	그린 샐러드
29	857	36	8,400원
29	915	36	슈레드 치즈와 5가지 야채, 블랙올리브 (소스 선택)
29	963	63	100% (3개)
29	963	149	ㆍ
29	963	193	리뷰 (3)
29	1037	36	미니 로티세리 치킨 샐러드
29	1091	36	3,900원
29	1149	36	신선함과 간편함을 한 컵에 담아,  가볍고 건강하게 즐기는 미니 샐러드
29	1197	63	97% (71개)
29	1197	149	ㆍ
29	1197	193	리뷰 (65)
29	1301	42	15cm
29	1380	36	안창 비프&머쉬룸 (15cm세트)
29	1417	121	지금 와우 가입하면 배달비 0원 + 25,000원 쿠폰
29	1434	36	13,900원
29	1434	781	가입하기
29	1492	36	썹픽 레시피 : 위트, 아메리칸 치즈, 양상추, 토마토, 피망, 양파, 오이, 스위트 어니언, 랜치 /  부드럽고 풍미 넘치는 안창살과 담백하고 건강한 머쉬룸이 함께 어우러져 이루는 맛있는 조합의 샌드위치
29	1516	0	준비중
29	1570	63	96% (24개)
29	1570	149	ㆍ
29	1570	193	리뷰 (25)
30	0	0	100% (109개)
30	0	0	ㆍ
30	0	0	리뷰 (114)
30	0	381	오픈 준비 중
30	66	155	써브웨이 창동역점 내 메뉴를 찾아보세요
30	121	36	참치 아보카도 샐러드
30	151	114	샐러드
30	151	480	시그니처랩 세트
30	151	700	시그니처랩 단품
30	155	240	15cm
30	155	360	30cm
30	175	36	10,800원
30	182	51	1 / 5
30	233	36	참치, 아보카도, 슈레드 치즈와 5가지 야채, 블랙올리브 (소스 선택)
30	248	335	써브웨이 창동역점
30	298	404	4.8(6,225)
30	319	36	그린 샐러드
30	373	36	8,400원
30	431	36	슈레드 치즈와 5가지 야채, 블랙올리브 (소스 선택)
30	479	63	100% (3개)
30	479	149	ㆍ
30	479	193	리뷰 (3)
30	553	36	미니 로티세리 치킨 샐러드
30	607	36	3,900원
30	665	36	신선함과 간편함을 한 컵에 담아,  가볍고 건강하게 즐기는 미니 샐러드
30	713	63	97% (71개)
30	713	149	ㆍ
30	713	193	리뷰 (65)
30	817	42	15cm
30	896	36	안창 비프&머쉬룸 (15cm세트)
30	950	36	13,900원
30	1008	36	썹픽 레시피 : 위트, 아메리칸 치즈, 양상추, 토마토, 피망, 양파, 오이, 스위트 어니언, 랜치 /  부드럽고 풍미 넘치는 안창살과 담백하고 건강한 머쉬룸이 함께 어우러져 이루는 맛있는 조합의 샌드위치
30	1086	63	96% (24개)
30	1086	149	ㆍ
30	1086	193	리뷰 (25)
30	1160	36	스테이크 & 치즈 (15cm세트)
30	1214	36	13,500원
30	1272	36	썹픽 레시피 : 화이트, 아메리칸 치즈, 양상추, 토마토, 피망, 양파, 오이, 올리브, 피클, 할라피뇨, 마요네즈, 사우스웨스트 치폴레 / 육즙이 쫙~풍부한 비프 스테이크의 풍미가 입안 한가득
30	1350	63	100% (75개)
30	1350	159	ㆍ
30	1350	203	리뷰 (65)
30	1417	121	지금 와우 가입하면 배달비 0원 + 25,000원 쿠폰
30	1424	36	이탈리안 비엠티 (15cm세트)
30	1434	781	가입하기
30	1478	36	12,200원
30	1516	0	준비중
30	1536	36	페퍼로니, 살라미 그리고 잠봉이 만들어내는 최상의 조화 전세계가 사랑하는 써브웨이의 베스트셀러 Biggest Meatiest Tastiest, B.M.T.
31	0	0	100% (47개)
31	0	0	ㆍ
31	0	0	리뷰 (59)
31	0	381	오픈 준비 중
31	63	36	미니 로티세리 치킨 샐러드
31	66	155	써브웨이 창동역점 내 메뉴를 찾아보세요
31	132	36	3,900원
31	151	114	샐러드
31	151	480	시그니처랩 세트
31	151	700	시그니처랩 단품
31	155	240	15cm
31	155	360	30cm
31	175	36	신선함과 간편함을 한 컵에 담아,  가볍고 건강하게 즐기는 미니 샐러드
31	182	51	1 / 5
31	223	63	97% (71개)
31	223	149	ㆍ
31	223	193	리뷰 (65)
31	248	335	써브웨이 창동역점
31	298	404	4.8(6,225)
31	327	42	15cm
31	406	36	안창 비프&머쉬룸 (15cm세트)
31	460	36	13,900원
31	518	36	썹픽 레시피 : 위트, 아메리칸 치즈, 양상추, 토마토, 피망, 양파, 오이, 스위트 어니언, 랜치 /  부드럽고 풍미 넘치는 안창살과 담백하고 건강한 머쉬룸이 함께 어우러져 이루는 맛있는 조합의 샌드위치
31	596	63	96% (24개)
31	596	149	ㆍ
31	596	193	리뷰 (25)
31	670	36	스테이크 & 치즈 (15cm세트)
31	724	36	13,500원
31	782	36	썹픽 레시피 : 화이트, 아메리칸 치즈, 양상추, 토마토, 피망, 양파, 오이, 올리브, 피클, 할라피뇨, 마요네즈, 사우스웨스트 치폴레 / 육즙이 쫙~풍부한 비프 스테이크의 풍미가 입안 한가득
31	860	63	100% (75개)
31	860	159	ㆍ
31	860	203	리뷰 (65)
31	934	36	이탈리안 비엠티 (15cm세트)
31	988	36	12,200원
31	1046	36	페퍼로니, 살라미 그리고 잠봉이 만들어내는 최상의 조화 전세계가 사랑하는 써브웨이의 베스트셀러 Biggest Meatiest Tastiest, B.M.T.
31	1124	63	100% (109개)
31	1124	169	ㆍ
31	1124	213	리뷰 (114)
31	1198	36	로티세리 바비큐 치킨 (15cm세트)
31	1252	36	12,700원
31	1310	36	썹픽 레시피 : 화이트, 아메리칸 치즈, 양상추, 토마토, 피망, 양파, 오이, 스위트 칠리, 랜치 / 닭 가슴살과 다리살을 써브웨이 만의 비율로 배합한 치킨을 손으로 찢어 더욱 부드럽게 즐기는 메뉴!
31	1388	63	100% (43개)
31	1388	159	ㆍ
31	1388	203	리뷰 (52)
31	1417	121	지금 와우 가입하면 배달비 0원 + 25,000원 쿠폰
31	1434	781	가입하기
31	1462	36	에그마요 (15cm세트)
31	1516	0	준비중
31	1516	36	10,900원
31	1574	36	썹픽 레시피 : 플랫브레드, 슈레드 치즈, 양상추, 토마토, 피망, 양파, 오이, 스위트 칠리, 랜치
32	0	0	깊게 번지는 잠봉의 풍미를 더욱 풍성하게 느껴보세요.
32	0	0	안창 비프&머쉬룸 (15cm세트)
32	0	381	오픈 준비 중
32	26	36	썹픽 레시피 : 위트, 아메리칸 치즈, 양상추, 토마토, 피망, 양파, 오이, 스위트 어니언, 랜치 /  부드럽고 풍미 넘치는 안창살과 담백하고 건강한 머쉬룸이 함께 어우러져 이루는 맛있는 조합의 샌드위치
32	66	155	써브웨이 창동역점 내 메뉴를 찾아보세요
32	104	63	96% (24개)
32	104	149	ㆍ
32	104	193	리뷰 (25)
32	151	356	시그니처랩 세트
32	151	576	시그니처랩 단품
32	151	796	쿠키
32	155	114	15cm
32	155	236	30cm
32	178	36	스테이크 & 치즈 (15cm세트)
32	182	51	1 / 5
32	232	36	13,500원
32	248	335	써브웨이 창동역점
32	290	36	썹픽 레시피 : 화이트, 아메리칸 치즈, 양상추, 토마토, 피망, 양파, 오이, 올리브, 피클, 할라피뇨, 마요네즈, 사우스웨스트 치폴레 / 육즙이 쫙~풍부한 비프 스테이크의 풍미가 입안 한가득
32	298	404	4.8(6,225)
32	368	63	100% (75개)
32	368	159	ㆍ
32	368	203	리뷰 (65)
32	442	36	이탈리안 비엠티 (15cm세트)
32	496	36	12,200원
32	554	36	페퍼로니, 살라미 그리고 잠봉이 만들어내는 최상의 조화 전세계가 사랑하는 써브웨이의 베스트셀러 Biggest Meatiest Tastiest, B.M.T.
32	632	63	100% (109개)
32	632	169	ㆍ
32	632	213	리뷰 (114)
32	706	36	로티세리 바비큐 치킨 (15cm세트)
32	760	36	12,700원
32	818	36	썹픽 레시피 : 화이트, 아메리칸 치즈, 양상추, 토마토, 피망, 양파, 오이, 스위트 칠리, 랜치 / 닭 가슴살과 다리살을 써브웨이 만의 비율로 배합한 치킨을 손으로 찢어 더욱 부드럽게 즐기는 메뉴!
32	896	63	100% (43개)
32	896	159	ㆍ
32	896	203	리뷰 (52)
32	970	36	에그마요 (15cm세트)
32	1024	36	10,900원
32	1082	36	썹픽 레시피 : 플랫브레드, 슈레드 치즈, 양상추, 토마토, 피망, 양파, 오이, 스위트 칠리, 랜치
32	1160	63	100% (47개)
32	1160	159	ㆍ
32	1160	203	리뷰 (59)
32	1234	36	안창 비프 (15cm세트)
32	1288	36	15,800원
32	1346	36	썹픽 레시피 : 화이트, 아메리칸 치즈, 양상추, 토마토, 피망, 양파, 오이, 올리브, 스위트 칠리, 랜치 / 안창살을 써브웨의만의 이국적인 특제 시즈닝을 더해 더 부드럽고, 더 풍미있게 즐기는 프리미엄 샌드위치
32	1417	121	지금 와우 가입하면 배달비 0원 + 25,000원 쿠폰
32	1424	63	100% (16개)
32	1424	159	ㆍ
32	1424	203	리뷰 (19)
32	1434	781	가입하기
32	1498	36	잠봉 플러스 (15cm세트)
32	1516	0	준비중
32	1552	36	13,600원
33	0	0	97% (30개)
33	0	0	ㆍ
33	0	0	리뷰 (19)
33	0	0	이탈리안 비엠티 (15cm세트)
33	0	381	오픈 준비 중
33	66	155	써브웨이 창동역점 내 메뉴를 찾아보세요
33	67	36	페퍼로니, 살라미 그리고 잠봉이 만들어내는 최상의 조화 전세계가 사랑하는 써브웨이의 베스트셀러 Biggest Meatiest Tastiest, B.M.T.
33	145	63	100% (109개)
33	145	169	ㆍ
33	145	213	리뷰 (114)
33	151	356	시그니처랩 세트
33	151	576	시그니처랩 단품
33	151	796	쿠키
33	155	114	15cm
33	155	236	30cm
33	182	51	1 / 5
33	219	36	로티세리 바비큐 치킨 (15cm세트)
33	248	335	써브웨이 창동역점
33	273	36	12,700원
33	298	404	4.8(6,225)
33	331	36	썹픽 레시피 : 화이트, 아메리칸 치즈, 양상추, 토마토, 피망, 양파, 오이, 스위트 칠리, 랜치 / 닭 가슴살과 다리살을 써브웨이 만의 비율로 배합한 치킨을 손으로 찢어 더욱 부드럽게 즐기는 메뉴!
33	409	63	100% (43개)
33	409	159	ㆍ
33	409	203	리뷰 (52)
33	483	36	에그마요 (15cm세트)
33	537	36	10,900원
33	595	36	썹픽 레시피 : 플랫브레드, 슈레드 치즈, 양상추, 토마토, 피망, 양파, 오이, 스위트 칠리, 랜치
33	673	63	100% (47개)
33	673	159	ㆍ
33	673	203	리뷰 (59)
33	747	36	안창 비프 (15cm세트)
33	801	36	15,800원
33	859	36	썹픽 레시피 : 화이트, 아메리칸 치즈, 양상추, 토마토, 피망, 양파, 오이, 올리브, 스위트 칠리, 랜치 / 안창살을 써브웨의만의 이국적인 특제 시즈닝을 더해 더 부드럽고, 더 풍미있게 즐기는 프리미엄 샌드위치
33	937	63	100% (16개)
33	937	159	ㆍ
33	937	203	리뷰 (19)
33	1011	36	잠봉 플러스 (15cm세트)
33	1065	36	13,600원
33	1123	36	깊게 번지는 잠봉의 풍미를 더욱 풍성하게 느껴보세요.
33	1209	36	치킨 베이컨 아보카도 (15cm세트)
33	1263	36	13,200원
33	1321	36	담백한 치킨 슬라이스에 고소한 베이컨과 아보카도까지 건강하고 든든하게
33	1369	63	100% (2개)
33	1369	149	ㆍ
33	1369	193	리뷰 (2)
33	1417	121	지금 와우 가입하면 배달비 0원 + 25,000원 쿠폰
33	1434	781	가입하기
33	1443	36	스파이시 쉬림프 (15cm세트)
33	1497	36	13,100원
33	1516	0	준비중
33	1555	36	썹픽 레시피 : 화이트, 아메리칸 치즈, 양상추, 토마토, 피망, 양파, 올리브, 마요네즈, 홀스래디쉬 /  탱글한 쉬림프에 이국적인 시즈닝을 더해 색다른 매콤함을 만나보세요.
34	0	0	95% (21개)
34	0	0	ㆍ
34	0	0	리뷰 (26)
34	0	36	에그마요 (15cm세트)
34	0	381	오픈 준비 중
34	66	155	써브웨이 창동역점 내 메뉴를 찾아보세요
34	102	36	썹픽 레시피 : 플랫브레드, 슈레드 치즈, 양상추, 토마토, 피망, 양파, 오이, 스위트 칠리, 랜치
34	151	356	시그니처랩 세트
34	151	576	시그니처랩 단품
34	151	796	쿠키
34	155	114	15cm
34	155	236	30cm
34	180	63	100% (47개)
34	180	159	ㆍ
34	180	203	리뷰 (59)
34	182	51	1 / 5
34	248	335	써브웨이 창동역점
34	254	36	안창 비프 (15cm세트)
34	298	404	4.8(6,225)
34	308	36	15,800원
34	366	36	썹픽 레시피 : 화이트, 아메리칸 치즈, 양상추, 토마토, 피망, 양파, 오이, 올리브, 스위트 칠리, 랜치 / 안창살을 써브웨의만의 이국적인 특제 시즈닝을 더해 더 부드럽고, 더 풍미있게 즐기는 프리미엄 샌드위치
34	444	63	100% (16개)
34	444	159	ㆍ
34	444	203	리뷰 (19)
34	518	36	잠봉 플러스 (15cm세트)
34	572	36	13,600원
34	630	36	깊게 번지는 잠봉의 풍미를 더욱 풍성하게 느껴보세요.
34	716	36	치킨 베이컨 아보카도 (15cm세트)
34	770	36	13,200원
34	828	36	담백한 치킨 슬라이스에 고소한 베이컨과 아보카도까지 건강하고 든든하게
34	876	63	100% (2개)
34	876	149	ㆍ
34	876	193	리뷰 (2)
34	950	36	스파이시 쉬림프 (15cm세트)
34	1004	36	13,100원
34	1062	36	썹픽 레시피 : 화이트, 아메리칸 치즈, 양상추, 토마토, 피망, 양파, 올리브, 마요네즈, 홀스래디쉬 /  탱글한 쉬림프에 이국적인 시즈닝을 더해 색다른 매콤함을 만나보세요.
34	1140	63	97% (30개)
34	1140	149	ㆍ
34	1140	193	리뷰 (19)
34	1214	36	쉬림프 (15cm세트)
34	1268	36	12,900원
34	1326	36	썹픽 레시피 : 파마산 오레가노, 슈레드 치즈, 양상추, 토마토, 피망, 양파, 올리브, 스위트 칠리, 랜치 / 탱글한 쉬림프 5마리가 그대로, 신선하고 담백한 쉬림프의 맛 그대로 즐겨보세요!
34	1404	63	100% (26개)
34	1404	159	ㆍ
34	1404	203	리뷰 (29)
34	1417	121	지금 와우 가입하면 배달비 0원 + 25,000원 쿠폰
34	1434	781	가입하기
34	1478	36	로스트 치킨 (15cm세트)
34	1516	0	준비중
34	1532	36	12,700원
34	1590	36	썹픽 레시피 : 파마산 오레가노, 슈레드 치즈, 양상추, 토마토, 피망, 양파, 오이 /  오븐에 구워 담백한 닭 가슴살 치킨 패티로 맛과 영양 모두를 만족시키는 메뉴.
35	0	0	100% (27개)
35	0	0	ㆍ
35	0	0	고소한 베이컨, 담백한 치킨 슬라이스에 잠봉까지 더해 완벽해진 조화를 즐겨보세요.
35	0	0	리뷰 (21)
35	0	381	오픈 준비 중
35	31	36	잠봉 플러스 (15cm세트)
35	66	155	써브웨이 창동역점 내 메뉴를 찾아보세요
35	143	36	깊게 번지는 잠봉의 풍미를 더욱 풍성하게 느껴보세요.
35	151	356	시그니처랩 세트
35	151	576	시그니처랩 단품
35	151	796	쿠키
35	155	114	15cm
35	155	236	30cm
35	182	51	1 / 5
35	229	36	치킨 베이컨 아보카도 (15cm세트)
35	248	335	써브웨이 창동역점
35	283	36	13,200원
35	298	404	4.8(6,225)
35	341	36	담백한 치킨 슬라이스에 고소한 베이컨과 아보카도까지 건강하고 든든하게
35	389	63	100% (2개)
35	389	149	ㆍ
35	389	193	리뷰 (2)
35	463	36	스파이시 쉬림프 (15cm세트)
35	517	36	13,100원
35	575	36	썹픽 레시피 : 화이트, 아메리칸 치즈, 양상추, 토마토, 피망, 양파, 올리브, 마요네즈, 홀스래디쉬 /  탱글한 쉬림프에 이국적인 시즈닝을 더해 색다른 매콤함을 만나보세요.
35	653	63	97% (30개)
35	653	149	ㆍ
35	653	193	리뷰 (19)
35	727	36	쉬림프 (15cm세트)
35	781	36	12,900원
35	839	36	썹픽 레시피 : 파마산 오레가노, 슈레드 치즈, 양상추, 토마토, 피망, 양파, 올리브, 스위트 칠리, 랜치 / 탱글한 쉬림프 5마리가 그대로, 신선하고 담백한 쉬림프의 맛 그대로 즐겨보세요!
35	917	63	100% (26개)
35	917	159	ㆍ
35	917	203	리뷰 (29)
35	991	36	로스트 치킨 (15cm세트)
35	1045	36	12,700원
35	1103	36	썹픽 레시피 : 파마산 오레가노, 슈레드 치즈, 양상추, 토마토, 피망, 양파, 오이 /  오븐에 구워 담백한 닭 가슴살 치킨 패티로 맛과 영양 모두를 만족시키는 메뉴.
35	1181	63	95% (21개)
35	1181	149	ㆍ
35	1181	193	리뷰 (26)
35	1255	36	풀드포크 바비큐 (15cm세트)
35	1309	36	12,600원
35	1367	36	썹픽 레시피 : 풀드포크 1스쿱, 허니오트, 아메리칸 치즈, 양상추, 토마토, 피망, 양파, 오이, 랜치, 스모크 바비큐
35	1417	121	지금 와우 가입하면 배달비 0원 + 25,000원 쿠폰
35	1434	781	가입하기
35	1445	63	100% (33개)
35	1445	159	ㆍ
35	1445	203	리뷰 (31)
35	1516	0	준비중
35	1519	36	써브웨이 클럽 (15cm세트)
35	1573	36	12,500원
36	0	0	95% (22개)
36	0	0	ㆍ
36	0	0	리뷰 (24)
36	0	0	썹픽 레시피 : 플랫브레드, 슈레드 치즈, 양상추, 토마토, 피망, 양파, 오이, 스위트 어니언, 랜치 / 페퍼로니 & 살라미가 입안 가득, 페퍼로니의 부드러운 매콤함을 만나보세요.
36	0	36	스파이시 쉬림프 (15cm세트)
36	0	381	오픈 준비 중
36	66	155	써브웨이 창동역점 내 메뉴를 찾아보세요
36	88	36	썹픽 레시피 : 화이트, 아메리칸 치즈, 양상추, 토마토, 피망, 양파, 올리브, 마요네즈, 홀스래디쉬 /  탱글한 쉬림프에 이국적인 시즈닝을 더해 색다른 매콤함을 만나보세요.
36	151	356	시그니처랩 세트
36	151	576	시그니처랩 단품
36	151	796	쿠키
36	155	114	15cm
36	155	236	30cm
36	166	63	97% (30개)
36	166	149	ㆍ
36	166	193	리뷰 (19)
36	182	51	1 / 5
36	240	36	쉬림프 (15cm세트)
36	248	335	써브웨이 창동역점
36	294	36	12,900원
36	298	404	4.8(6,225)
36	352	36	썹픽 레시피 : 파마산 오레가노, 슈레드 치즈, 양상추, 토마토, 피망, 양파, 올리브, 스위트 칠리, 랜치 / 탱글한 쉬림프 5마리가 그대로, 신선하고 담백한 쉬림프의 맛 그대로 즐겨보세요!
36	430	63	100% (26개)
36	430	159	ㆍ
36	430	203	리뷰 (29)
36	504	36	로스트 치킨 (15cm세트)
36	558	36	12,700원
36	616	36	썹픽 레시피 : 파마산 오레가노, 슈레드 치즈, 양상추, 토마토, 피망, 양파, 오이 /  오븐에 구워 담백한 닭 가슴살 치킨 패티로 맛과 영양 모두를 만족시키는 메뉴.
36	694	63	95% (21개)
36	694	149	ㆍ
36	694	193	리뷰 (26)
36	768	36	풀드포크 바비큐 (15cm세트)
36	822	36	12,600원
36	880	36	썹픽 레시피 : 풀드포크 1스쿱, 허니오트, 아메리칸 치즈, 양상추, 토마토, 피망, 양파, 오이, 랜치, 스모크 바비큐
36	958	63	100% (33개)
36	958	159	ㆍ
36	958	203	리뷰 (31)
36	1032	36	써브웨이 클럽 (15cm세트)
36	1086	36	12,500원
36	1144	36	고소한 베이컨, 담백한 치킨 슬라이스에 잠봉까지 더해 완벽해진 조화를 즐겨보세요.
36	1222	63	100% (27개)
36	1222	159	ㆍ
36	1222	203	리뷰 (21)
36	1296	36	치킨 데리야끼 (15cm세트)
36	1350	36	12,300원
36	1408	36	썹픽 레시피 : 화이트, 아메리칸 치즈, 양상추, 토마토, 피망, 양파, 올리브, 마요네즈, 홀스래디쉬
36	1417	121	지금 와우 가입하면 배달비 0원 + 25,000원 쿠폰
36	1434	781	가입하기
36	1486	63	100% (16개)
36	1486	159	ㆍ
36	1486	203	리뷰 (15)
36	1516	0	준비중
36	1560	36	스파이시 이탈리안 (15cm세트)
37	0	0	100% (9개)
37	0	0	ㆍ
37	0	0	리뷰 (18)
37	0	0	썹픽 레시피 : 위트, 모차렐라 치즈, 양상추, 토마토, 피망, 양파, 오이, 랜치, 사우스웨스트 치폴레
37	0	381	오픈 준비 중
37	22	36	로스트 치킨 (15cm세트)
37	66	155	써브웨이 창동역점 내 메뉴를 찾아보세요
37	134	36	썹픽 레시피 : 파마산 오레가노, 슈레드 치즈, 양상추, 토마토, 피망, 양파, 오이 /  오븐에 구워 담백한 닭 가슴살 치킨 패티로 맛과 영양 모두를 만족시키는 메뉴.
37	151	356	시그니처랩 세트
37	151	576	시그니처랩 단품
37	151	796	쿠키
37	155	114	15cm
37	155	236	30cm
37	182	51	1 / 5
37	212	63	95% (21개)
37	212	149	ㆍ
37	212	193	리뷰 (26)
37	248	335	써브웨이 창동역점
37	286	36	풀드포크 바비큐 (15cm세트)
37	298	404	4.8(6,225)
37	340	36	12,600원
37	398	36	썹픽 레시피 : 풀드포크 1스쿱, 허니오트, 아메리칸 치즈, 양상추, 토마토, 피망, 양파, 오이, 랜치, 스모크 바비큐
37	476	63	100% (33개)
37	476	159	ㆍ
37	476	203	리뷰 (31)
37	550	36	써브웨이 클럽 (15cm세트)
37	604	36	12,500원
37	662	36	고소한 베이컨, 담백한 치킨 슬라이스에 잠봉까지 더해 완벽해진 조화를 즐겨보세요.
37	740	63	100% (27개)
37	740	159	ㆍ
37	740	203	리뷰 (21)
37	814	36	치킨 데리야끼 (15cm세트)
37	868	36	12,300원
37	926	36	썹픽 레시피 : 화이트, 아메리칸 치즈, 양상추, 토마토, 피망, 양파, 올리브, 마요네즈, 홀스래디쉬
37	1004	63	100% (16개)
37	1004	159	ㆍ
37	1004	203	리뷰 (15)
37	1078	36	스파이시 이탈리안 (15cm세트)
37	1132	36	12,200원
37	1190	36	썹픽 레시피 : 플랫브레드, 슈레드 치즈, 양상추, 토마토, 피망, 양파, 오이, 스위트 어니언, 랜치 / 페퍼로니 & 살라미가 입안 가득, 페퍼로니의 부드러운 매콤함을 만나보세요.
37	1268	63	95% (22개)
37	1268	149	ㆍ
37	1268	193	리뷰 (24)
37	1342	36	잠봉 (15cm세트)
37	1396	36	12,100원
37	1417	121	지금 와우 가입하면 배달비 0원 + 25,000원 쿠폰
37	1434	781	가입하기
37	1454	36	깊게 번지는 잠봉의 풍미를 느껴보세요.
37	1502	63	100% (2개)
37	1502	149	ㆍ
37	1502	193	리뷰 (2)
37	1516	0	준비중
37	1576	36	비엘티 (15cm세트)
38	0	0	100% (1개)
38	0	0	썹픽 레시피 : 파마산 오레가노, 아메리칸 치즈, 양상추, 토마토, 피망, 양파, 오이, 랜치, 후추 /  버섯의 건강함을 그대로 담아 신선한 야채와 함께 담백하게 즐기는 샌드위치
38	0	381	오픈 준비 중
38	59	36	써브웨이 클럽 (15cm세트)
38	66	155	써브웨이 창동역점 내 메뉴를 찾아보세요
38	132	36	12,500원
38	151	356	시그니처랩 세트
38	151	576	시그니처랩 단품
38	151	796	쿠키
38	155	114	15cm
38	155	236	30cm
38	171	36	고소한 베이컨, 담백한 치킨 슬라이스에 잠봉까지 더해 완벽해진 조화를 즐겨보세요.
38	182	51	1 / 5
38	248	335	써브웨이 창동역점
38	249	63	100% (27개)
38	249	159	ㆍ
38	249	203	리뷰 (21)
38	298	404	4.8(6,225)
38	323	36	치킨 데리야끼 (15cm세트)
38	377	36	12,300원
38	435	36	썹픽 레시피 : 화이트, 아메리칸 치즈, 양상추, 토마토, 피망, 양파, 올리브, 마요네즈, 홀스래디쉬
38	513	63	100% (16개)
38	513	159	ㆍ
38	513	203	리뷰 (15)
38	587	36	스파이시 이탈리안 (15cm세트)
38	641	36	12,200원
38	699	36	썹픽 레시피 : 플랫브레드, 슈레드 치즈, 양상추, 토마토, 피망, 양파, 오이, 스위트 어니언, 랜치 / 페퍼로니 & 살라미가 입안 가득, 페퍼로니의 부드러운 매콤함을 만나보세요.
38	777	63	95% (22개)
38	777	149	ㆍ
38	777	193	리뷰 (24)
38	851	36	잠봉 (15cm세트)
38	905	36	12,100원
38	963	36	깊게 번지는 잠봉의 풍미를 느껴보세요.
38	1011	63	100% (2개)
38	1011	149	ㆍ
38	1011	193	리뷰 (2)
38	1085	36	비엘티 (15cm세트)
38	1139	36	12,000원
38	1197	36	썹픽 레시피 : 위트, 모차렐라 치즈, 양상추, 토마토, 피망, 양파, 오이, 랜치, 사우스웨스트 치폴레
38	1275	63	100% (9개)
38	1275	149	ㆍ
38	1275	193	리뷰 (18)
38	1349	36	치킨 슬라이스 (15cm세트)
38	1403	36	11,300원
38	1417	121	지금 와우 가입하면 배달비 0원 + 25,000원 쿠폰
38	1434	781	가입하기
38	1461	36	담백한 치킨 슬라이스로 맛과 건강까지 한입에
38	1509	63	리뷰 (1)
38	1516	0	준비중
38	1583	36	머쉬룸 (15cm세트)
39	0	0	썹픽 레시피 : 위트, 모차렐라 치즈, 양상추, 토마토, 피망, 양파, 오이, 올리브, 스위트 칠리, 랜치 / 달걀의 신선함과 담백함을 그대로 담아 맛도, 영양도 사로잡은 샌드위치를 입안 가득 즐겨보세요.
39	0	0	에그 슬라이스 (15cm세트)
39	0	381	오픈 준비 중
39	66	155	써브웨이 창동역점 내 메뉴를 찾아보세요
39	96	36	스파이시 이탈리안 (15cm세트)
39	150	36	12,200원
39	151	356	시그니처랩 세트
39	151	576	시그니처랩 단품
39	151	796	쿠키
39	155	114	15cm
39	155	236	30cm
39	182	51	1 / 5
39	208	36	썹픽 레시피 : 플랫브레드, 슈레드 치즈, 양상추, 토마토, 피망, 양파, 오이, 스위트 어니언, 랜치 / 페퍼로니 & 살라미가 입안 가득, 페퍼로니의 부드러운 매콤함을 만나보세요.
39	248	335	써브웨이 창동역점
39	286	63	95% (22개)
39	286	149	ㆍ
39	286	193	리뷰 (24)
39	298	404	4.8(6,225)
39	360	36	잠봉 (15cm세트)
39	414	36	12,100원
39	472	36	깊게 번지는 잠봉의 풍미를 느껴보세요.
39	520	63	100% (2개)
39	520	149	ㆍ
39	520	193	리뷰 (2)
39	594	36	비엘티 (15cm세트)
39	648	36	12,000원
39	706	36	썹픽 레시피 : 위트, 모차렐라 치즈, 양상추, 토마토, 피망, 양파, 오이, 랜치, 사우스웨스트 치폴레
39	784	63	100% (9개)
39	784	149	ㆍ
39	784	193	리뷰 (18)
39	858	36	치킨 슬라이스 (15cm세트)
39	912	36	11,300원
39	970	36	담백한 치킨 슬라이스로 맛과 건강까지 한입에
39	1018	63	리뷰 (1)
39	1092	36	머쉬룸 (15cm세트)
39	1146	36	11,300원
39	1204	36	썹픽 레시피 : 파마산 오레가노, 아메리칸 치즈, 양상추, 토마토, 피망, 양파, 오이, 랜치, 후추 /  버섯의 건강함을 그대로 담아 신선한 야채와 함께 담백하게 즐기는 샌드위치
39	1282	63	100% (1개)
39	1356	36	참치 (15cm세트)
39	1410	36	11,100원
39	1417	121	지금 와우 가입하면 배달비 0원 + 25,000원 쿠폰
39	1434	781	가입하기
39	1468	36	썹픽 레시피 : 파마산 오레가노, 슈레드 치즈, 양상추, 토마토, 피망, 양파, 오이, 스위트 칠리, 랜치 /  남녀노소 누구나 좋아하는 담백한 참치와 고소한 마요네즈의 완벽한 조화
39	1516	0	준비중
39	1546	63	89% (19개)
39	1546	149	ㆍ
39	1546	193	리뷰 (14)
40	0	0	100% (71개)
40	0	0	ㆍ
40	0	0	리뷰 (97)
40	0	0	썹픽 레시피 : 위트, 아메리칸 치즈, 양상추, 토마토, 피망, 양파, 오이, 스위트 어니언, 랜치 /  부드럽고 풍미 넘치는 안창살과 담백하고 건강한 머쉬룸이 함께 어우러져 이루는 맛있는 조합의 샌드위치
40	0	0	안창 비프&머쉬룸 (15cm)
40	0	381	오픈 준비 중
40	66	155	써브웨이 창동역점 내 메뉴를 찾아보세요
40	105	36	비엘티 (15cm세트)
40	151	356	시그니처랩 세트
40	151	576	시그니처랩 단품
40	151	796	쿠키
40	155	114	15cm
40	155	236	30cm
40	159	36	12,000원
40	182	51	1 / 5
40	217	36	썹픽 레시피 : 위트, 모차렐라 치즈, 양상추, 토마토, 피망, 양파, 오이, 랜치, 사우스웨스트 치폴레
40	248	335	써브웨이 창동역점
40	295	63	100% (9개)
40	295	149	ㆍ
40	295	193	리뷰 (18)
40	298	404	4.8(6,225)
40	369	36	치킨 슬라이스 (15cm세트)
40	423	36	11,300원
40	481	36	담백한 치킨 슬라이스로 맛과 건강까지 한입에
40	529	63	리뷰 (1)
40	603	36	머쉬룸 (15cm세트)
40	657	36	11,300원
40	715	36	썹픽 레시피 : 파마산 오레가노, 아메리칸 치즈, 양상추, 토마토, 피망, 양파, 오이, 랜치, 후추 /  버섯의 건강함을 그대로 담아 신선한 야채와 함께 담백하게 즐기는 샌드위치
40	793	63	100% (1개)
40	867	36	참치 (15cm세트)
40	921	36	11,100원
40	979	36	썹픽 레시피 : 파마산 오레가노, 슈레드 치즈, 양상추, 토마토, 피망, 양파, 오이, 스위트 칠리, 랜치 /  남녀노소 누구나 좋아하는 담백한 참치와 고소한 마요네즈의 완벽한 조화
40	1057	63	89% (19개)
40	1057	149	ㆍ
40	1057	193	리뷰 (14)
40	1131	36	에그 슬라이스 (15cm세트)
40	1185	36	10,200원
40	1243	36	썹픽 레시피 : 위트, 모차렐라 치즈, 양상추, 토마토, 피망, 양파, 오이, 올리브, 스위트 칠리, 랜치 / 달걀의 신선함과 담백함을 그대로 담아 맛도, 영양도 사로잡은 샌드위치를 입안 가득 즐겨보세요.
40	1351	36	베지 (15cm세트)
40	1405	36	9,900원
40	1417	121	지금 와우 가입하면 배달비 0원 + 25,000원 쿠폰
40	1434	781	가입하기
40	1463	36	썹픽 레시피 : 각종 야채, 허니오트, 아메리칸 치즈, 양상추, 토마토, 피망, 양파, 오이, 올리브 오일, 레드 와인 식초
40	1516	0	준비중
40	1541	63	100% (3개)
40	1541	149	ㆍ
40	1541	193	리뷰 (5)
41	0	381	오픈 준비 중
41	66	155	써브웨이 창동역점 내 메뉴를 찾아보세요
41	118	36	머쉬룸 (15cm세트)
41	151	356	시그니처랩 세트
41	151	576	시그니처랩 단품
41	151	796	쿠키
41	155	114	15cm
41	155	236	30cm
41	172	36	11,300원
41	182	51	1 / 5
41	230	36	썹픽 레시피 : 파마산 오레가노, 아메리칸 치즈, 양상추, 토마토, 피망, 양파, 오이, 랜치, 후추 /  버섯의 건강함을 그대로 담아 신선한 야채와 함께 담백하게 즐기는 샌드위치
41	248	335	써브웨이 창동역점
41	298	404	4.8(6,225)
41	308	63	100% (1개)
41	382	36	참치 (15cm세트)
41	436	36	11,100원
41	494	36	썹픽 레시피 : 파마산 오레가노, 슈레드 치즈, 양상추, 토마토, 피망, 양파, 오이, 스위트 칠리, 랜치 /  남녀노소 누구나 좋아하는 담백한 참치와 고소한 마요네즈의 완벽한 조화
41	572	63	89% (19개)
41	572	149	ㆍ
41	572	193	리뷰 (14)
41	646	36	에그 슬라이스 (15cm세트)
41	700	36	10,200원
41	758	36	썹픽 레시피 : 위트, 모차렐라 치즈, 양상추, 토마토, 피망, 양파, 오이, 올리브, 스위트 칠리, 랜치 / 달걀의 신선함과 담백함을 그대로 담아 맛도, 영양도 사로잡은 샌드위치를 입안 가득 즐겨보세요.
41	866	36	베지 (15cm세트)
41	920	36	9,900원
41	978	36	썹픽 레시피 : 각종 야채, 허니오트, 아메리칸 치즈, 양상추, 토마토, 피망, 양파, 오이, 올리브 오일, 레드 와인 식초
41	1056	63	100% (3개)
41	1056	149	ㆍ
41	1056	193	리뷰 (5)
41	1130	36	안창 비프&머쉬룸 (15cm)
41	1184	36	10,200원
41	1242	36	썹픽 레시피 : 위트, 아메리칸 치즈, 양상추, 토마토, 피망, 양파, 오이, 스위트 어니언, 랜치 /  부드럽고 풍미 넘치는 안창살과 담백하고 건강한 머쉬룸이 함께 어우러져 이루는 맛있는 조합의 샌드위치
41	1320	63	100% (71개)
41	1320	159	ㆍ
41	1320	203	리뷰 (97)
41	1394	36	스테이크 & 치즈 (15cm)
41	1417	121	지금 와우 가입하면 배달비 0원 + 25,000원 쿠폰
41	1434	781	가입하기
41	1448	36	9,800원
41	1506	36	썹픽 레시피 : 화이트, 아메리칸 치즈, 양상추, 토마토, 피망, 양파, 오이, 올리브, 피클, 할라피뇨, 마요네즈, 사우스웨스트 치폴레 / 육즙이 쫙~풍부한 비프 스테이크의 풍미가 입안 한가득
41	1516	0	준비중
41	1584	63	99% (150개)
41	1584	159	ㆍ
41	1584	203	리뷰 (170)
42	0	0	99% (125개)
42	0	0	ㆍ
42	0	0	리뷰 (156)
42	0	381	오픈 준비 중
42	66	155	써브웨이 창동역점 내 메뉴를 찾아보세요
42	151	356	시그니처랩 세트
42	151	576	시그니처랩 단품
42	151	796	쿠키
42	155	36	에그 슬라이스 (15cm세트)
42	155	114	15cm
42	155	236	30cm
42	182	51	1 / 5
42	209	36	10,200원
42	248	335	써브웨이 창동역점
42	267	36	썹픽 레시피 : 위트, 모차렐라 치즈, 양상추, 토마토, 피망, 양파, 오이, 올리브, 스위트 칠리, 랜치 / 달걀의 신선함과 담백함을 그대로 담아 맛도, 영양도 사로잡은 샌드위치를 입안 가득 즐겨보세요.
42	298	404	4.8(6,225)
42	375	36	베지 (15cm세트)
42	429	36	9,900원
42	487	36	썹픽 레시피 : 각종 야채, 허니오트, 아메리칸 치즈, 양상추, 토마토, 피망, 양파, 오이, 올리브 오일, 레드 와인 식초
42	565	63	100% (3개)
42	565	149	ㆍ
42	565	193	리뷰 (5)
42	639	36	안창 비프&머쉬룸 (15cm)
42	693	36	10,200원
42	751	36	썹픽 레시피 : 위트, 아메리칸 치즈, 양상추, 토마토, 피망, 양파, 오이, 스위트 어니언, 랜치 /  부드럽고 풍미 넘치는 안창살과 담백하고 건강한 머쉬룸이 함께 어우러져 이루는 맛있는 조합의 샌드위치
42	829	63	100% (71개)
42	829	159	ㆍ
42	829	203	리뷰 (97)
42	903	36	스테이크 & 치즈 (15cm)
42	957	36	9,800원
42	1015	36	썹픽 레시피 : 화이트, 아메리칸 치즈, 양상추, 토마토, 피망, 양파, 오이, 올리브, 피클, 할라피뇨, 마요네즈, 사우스웨스트 치폴레 / 육즙이 쫙~풍부한 비프 스테이크의 풍미가 입안 한가득
42	1093	63	99% (150개)
42	1093	159	ㆍ
42	1093	203	리뷰 (170)
42	1168	45	주문많음
42	1168	133	리뷰최고
42	1194	36	이탈리안 비엠티 (15cm)
42	1248	36	8,500원
42	1306	36	페퍼로니, 살라미 그리고 잠봉이 만들어내는 최상의 조화 전세계가 사랑하는 써브웨이의 베스트셀러 Biggest Meatiest Tastiest, B.M.T.
42	1384	63	99% (411개)
42	1384	159	ㆍ
42	1384	203	리뷰 (481)
42	1417	121	지금 와우 가입하면 배달비 0원 + 25,000원 쿠폰
42	1434	781	가입하기
42	1458	36	로티세리 바비큐 치킨 (15cm)
42	1512	36	9,000원
42	1516	0	준비중
42	1570	36	썹픽 레시피 : 화이트, 아메리칸 치즈, 양상추, 토마토, 피망, 양파, 오이, 스위트 칠리, 랜치 / 닭 가슴살과 다리살을 써브웨이 만의 비율로 배합한 치킨을 손으로 찢어 더욱 부드럽게 즐기는 메뉴!
43	0	0	97% (31개)
43	0	0	ㆍ
43	0	0	리뷰 (35)
43	0	0	썹픽 레시피 : 화이트, 아메리칸 치즈, 양상추, 토마토, 피망, 양파, 오이, 올리브, 스위트 칠리, 랜치 / 안창살을 써브웨의만의 이국적인 특제 시즈닝을 더해 더 부드럽고, 더 풍미있게 즐기는 프리미엄 샌드위치
43	0	381	오픈 준비 중
43	66	155	써브웨이 창동역점 내 메뉴를 찾아보세요
43	148	36	안창 비프&머쉬룸 (15cm)
43	151	356	시그니처랩 세트
43	151	576	시그니처랩 단품
43	151	796	쿠키
43	155	114	15cm
43	155	236	30cm
43	182	51	1 / 5
43	202	36	10,200원
43	248	335	써브웨이 창동역점
43	260	36	썹픽 레시피 : 위트, 아메리칸 치즈, 양상추, 토마토, 피망, 양파, 오이, 스위트 어니언, 랜치 /  부드럽고 풍미 넘치는 안창살과 담백하고 건강한 머쉬룸이 함께 어우러져 이루는 맛있는 조합의 샌드위치
43	298	404	4.8(6,225)
43	338	63	100% (71개)
43	338	159	ㆍ
43	338	203	리뷰 (97)
43	412	36	스테이크 & 치즈 (15cm)
43	466	36	9,800원
43	524	36	썹픽 레시피 : 화이트, 아메리칸 치즈, 양상추, 토마토, 피망, 양파, 오이, 올리브, 피클, 할라피뇨, 마요네즈, 사우스웨스트 치폴레 / 육즙이 쫙~풍부한 비프 스테이크의 풍미가 입안 한가득
43	602	63	99% (150개)
43	602	159	ㆍ
43	602	203	리뷰 (170)
43	677	45	주문많음
43	677	133	리뷰최고
43	703	36	이탈리안 비엠티 (15cm)
43	757	36	8,500원
43	815	36	페퍼로니, 살라미 그리고 잠봉이 만들어내는 최상의 조화 전세계가 사랑하는 써브웨이의 베스트셀러 Biggest Meatiest Tastiest, B.M.T.
43	893	63	99% (411개)
43	893	159	ㆍ
43	893	203	리뷰 (481)
43	967	36	로티세리 바비큐 치킨 (15cm)
43	1021	36	9,000원
43	1079	36	썹픽 레시피 : 화이트, 아메리칸 치즈, 양상추, 토마토, 피망, 양파, 오이, 스위트 칠리, 랜치 / 닭 가슴살과 다리살을 써브웨이 만의 비율로 배합한 치킨을 손으로 찢어 더욱 부드럽게 즐기는 메뉴!
43	1157	63	99% (125개)
43	1157	159	ㆍ
43	1157	203	리뷰 (156)
43	1232	45	주문많음
43	1232	133	리뷰최고
43	1258	36	에그마요 (15cm)
43	1312	36	7,200원
43	1370	36	썹픽 레시피 : 플랫브레드, 슈레드 치즈, 양상추, 토마토, 피망, 양파, 오이, 스위트 칠리, 랜치
43	1417	121	지금 와우 가입하면 배달비 0원 + 25,000원 쿠폰
43	1434	781	가입하기
43	1448	63	99% (302개)
43	1448	159	ㆍ
43	1448	203	리뷰 (362)
43	1516	0	준비중
43	1522	36	안창 비프 (15cm)
43	1576	36	12,100원
44	0	0	75% (4개)
44	0	0	ㆍ
44	0	0	담백한 치킨 슬라이스에 고소한 베이컨과 아보카도까지 건강하고 든든하게
44	0	0	리뷰 (4)
44	0	0	스테이크 & 치즈 (15cm)
44	0	381	오픈 준비 중
44	34	36	썹픽 레시피 : 화이트, 아메리칸 치즈, 양상추, 토마토, 피망, 양파, 오이, 올리브, 피클, 할라피뇨, 마요네즈, 사우스웨스트 치폴레 / 육즙이 쫙~풍부한 비프 스테이크의 풍미가 입안 한가득
44	66	155	써브웨이 창동역점 내 메뉴를 찾아보세요
44	112	63	99% (150개)
44	112	159	ㆍ
44	112	203	리뷰 (170)
44	151	356	시그니처랩 세트
44	151	576	시그니처랩 단품
44	151	796	쿠키
44	155	114	15cm
44	155	236	30cm
44	182	51	1 / 5
44	187	45	주문많음
44	187	133	리뷰최고
44	213	36	이탈리안 비엠티 (15cm)
44	248	335	써브웨이 창동역점
44	267	36	8,500원
44	298	404	4.8(6,225)
44	325	36	페퍼로니, 살라미 그리고 잠봉이 만들어내는 최상의 조화 전세계가 사랑하는 써브웨이의 베스트셀러 Biggest Meatiest Tastiest, B.M.T.
44	403	63	99% (411개)
44	403	159	ㆍ
44	403	203	리뷰 (481)
44	477	36	로티세리 바비큐 치킨 (15cm)
44	531	36	9,000원
44	589	36	썹픽 레시피 : 화이트, 아메리칸 치즈, 양상추, 토마토, 피망, 양파, 오이, 스위트 칠리, 랜치 / 닭 가슴살과 다리살을 써브웨이 만의 비율로 배합한 치킨을 손으로 찢어 더욱 부드럽게 즐기는 메뉴!
44	667	63	99% (125개)
44	667	159	ㆍ
44	667	203	리뷰 (156)
44	742	45	주문많음
44	742	133	리뷰최고
44	768	36	에그마요 (15cm)
44	822	36	7,200원
44	880	36	썹픽 레시피 : 플랫브레드, 슈레드 치즈, 양상추, 토마토, 피망, 양파, 오이, 스위트 칠리, 랜치
44	958	63	99% (302개)
44	958	159	ㆍ
44	958	203	리뷰 (362)
44	1032	36	안창 비프 (15cm)
44	1086	36	12,100원
44	1144	36	썹픽 레시피 : 화이트, 아메리칸 치즈, 양상추, 토마토, 피망, 양파, 오이, 올리브, 스위트 칠리, 랜치 / 안창살을 써브웨의만의 이국적인 특제 시즈닝을 더해 더 부드럽고, 더 풍미있게 즐기는 프리미엄 샌드위치
44	1222	63	97% (31개)
44	1222	149	ㆍ
44	1222	193	리뷰 (35)
44	1296	36	잠봉 플러스 (15cm)
44	1350	36	9,900원
44	1408	36	깊게 번지는 잠봉의 풍미를 더욱 풍성하게 느껴보세요.
44	1417	121	지금 와우 가입하면 배달비 0원 + 25,000원 쿠폰
44	1434	781	가입하기
44	1494	36	치킨 베이컨 아보카도 (15cm)
44	1516	0	준비중
44	1548	36	9,500원
45	0	0	99% (93개)
45	0	0	ㆍ
45	0	0	리뷰 (111)
45	0	0	썹픽 레시피 : 파마산 오레가노, 슈레드 치즈, 양상추, 토마토, 피망, 양파, 올리브, 스위트 칠리, 랜치 / 탱글한 쉬림프 5마리가 그대로, 신선하고 담백한 쉬림프의 맛 그대로 즐겨보세요!
45	0	36	로티세리 바비큐 치킨 (15cm)
45	0	381	오픈 준비 중
45	66	155	써브웨이 창동역점 내 메뉴를 찾아보세요
45	98	36	썹픽 레시피 : 화이트, 아메리칸 치즈, 양상추, 토마토, 피망, 양파, 오이, 스위트 칠리, 랜치 / 닭 가슴살과 다리살을 써브웨이 만의 비율로 배합한 치킨을 손으로 찢어 더욱 부드럽게 즐기는 메뉴!
45	151	356	시그니처랩 세트
45	151	576	시그니처랩 단품
45	151	796	쿠키
45	155	114	15cm
45	155	236	30cm
45	176	63	99% (125개)
45	176	159	ㆍ
45	176	203	리뷰 (156)
45	182	51	1 / 5
45	248	335	써브웨이 창동역점
45	251	45	주문많음
45	251	133	리뷰최고
45	277	36	에그마요 (15cm)
45	298	404	4.8(6,225)
45	331	36	7,200원
45	389	36	썹픽 레시피 : 플랫브레드, 슈레드 치즈, 양상추, 토마토, 피망, 양파, 오이, 스위트 칠리, 랜치
45	467	63	99% (302개)
45	467	159	ㆍ
45	467	203	리뷰 (362)
45	541	36	안창 비프 (15cm)
45	595	36	12,100원
45	653	36	썹픽 레시피 : 화이트, 아메리칸 치즈, 양상추, 토마토, 피망, 양파, 오이, 올리브, 스위트 칠리, 랜치 / 안창살을 써브웨의만의 이국적인 특제 시즈닝을 더해 더 부드럽고, 더 풍미있게 즐기는 프리미엄 샌드위치
45	731	63	97% (31개)
45	731	149	ㆍ
45	731	193	리뷰 (35)
45	805	36	잠봉 플러스 (15cm)
45	859	36	9,900원
45	917	36	깊게 번지는 잠봉의 풍미를 더욱 풍성하게 느껴보세요.
45	1003	36	치킨 베이컨 아보카도 (15cm)
45	1057	36	9,500원
45	1115	36	담백한 치킨 슬라이스에 고소한 베이컨과 아보카도까지 건강하고 든든하게
45	1163	63	75% (4개)
45	1163	139	ㆍ
45	1163	183	리뷰 (4)
45	1237	36	스파이시 쉬림프 (15cm)
45	1291	36	9,400원
45	1349	36	썹픽 레시피 : 화이트, 아메리칸 치즈, 양상추, 토마토, 피망, 양파, 올리브, 마요네즈, 홀스래디쉬 /  탱글한 쉬림프에 이국적인 시즈닝을 더해 색다른 매콤함을 만나보세요.
45	1417	121	지금 와우 가입하면 배달비 0원 + 25,000원 쿠폰
45	1427	63	97% (37개)
45	1427	149	ㆍ
45	1427	193	리뷰 (61)
45	1434	781	가입하기
45	1501	36	쉬림프 (15cm)
45	1516	0	준비중
45	1555	36	9,200원
46	0	0	100% (84개)
46	0	0	ㆍ
46	0	0	리뷰 (97)
46	0	0	썹픽 레시피 : 풀드포크 1스쿱, 허니오트, 아메리칸 치즈, 양상추, 토마토, 피망, 양파, 오이, 랜치, 스모크 바비큐
46	0	381	오픈 준비 중
46	57	36	안창 비프 (15cm)
46	66	155	써브웨이 창동역점 내 메뉴를 찾아보세요
46	132	36	12,100원
46	151	356	시그니처랩 세트
46	151	576	시그니처랩 단품
46	151	796	쿠키
46	155	114	15cm
46	155	236	30cm
46	169	36	썹픽 레시피 : 화이트, 아메리칸 치즈, 양상추, 토마토, 피망, 양파, 오이, 올리브, 스위트 칠리, 랜치 / 안창살을 써브웨의만의 이국적인 특제 시즈닝을 더해 더 부드럽고, 더 풍미있게 즐기는 프리미엄 샌드위치
46	182	51	1 / 5
46	247	63	97% (31개)
46	247	149	ㆍ
46	247	193	리뷰 (35)
46	248	335	써브웨이 창동역점
46	298	404	4.8(6,225)
46	321	36	잠봉 플러스 (15cm)
46	375	36	9,900원
46	433	36	깊게 번지는 잠봉의 풍미를 더욱 풍성하게 느껴보세요.
46	519	36	치킨 베이컨 아보카도 (15cm)
46	573	36	9,500원
46	631	36	담백한 치킨 슬라이스에 고소한 베이컨과 아보카도까지 건강하고 든든하게
46	679	63	75% (4개)
46	679	139	ㆍ
46	679	183	리뷰 (4)
46	753	36	스파이시 쉬림프 (15cm)
46	807	36	9,400원
46	865	36	썹픽 레시피 : 화이트, 아메리칸 치즈, 양상추, 토마토, 피망, 양파, 올리브, 마요네즈, 홀스래디쉬 /  탱글한 쉬림프에 이국적인 시즈닝을 더해 색다른 매콤함을 만나보세요.
46	943	63	97% (37개)
46	943	149	ㆍ
46	943	193	리뷰 (61)
46	1017	36	쉬림프 (15cm)
46	1071	36	9,200원
46	1129	36	썹픽 레시피 : 파마산 오레가노, 슈레드 치즈, 양상추, 토마토, 피망, 양파, 올리브, 스위트 칠리, 랜치 / 탱글한 쉬림프 5마리가 그대로, 신선하고 담백한 쉬림프의 맛 그대로 즐겨보세요!
46	1207	63	99% (93개)
46	1207	149	ㆍ
46	1207	193	리뷰 (111)
46	1281	36	로스트 치킨 (15cm)
46	1335	36	9,000원
46	1393	36	썹픽 레시피 : 파마산 오레가노, 슈레드 치즈, 양상추, 토마토, 피망, 양파, 오이 / 오븐에 구워 담백한 닭 가슴살 치킨 패티로 맛과 영양 모두를 만족시키는 메뉴.
46	1417	121	지금 와우 가입하면 배달비 0원 + 25,000원 쿠폰
46	1434	781	가입하기
46	1471	63	99% (95개)
46	1471	149	ㆍ
46	1471	193	리뷰 (116)
46	1516	0	준비중
46	1545	36	풀드포크 바비큐 (15cm)
46	1599	36	8,900원
47	0	0	95% (37개)
47	0	0	ㆍ
47	0	0	리뷰 (47)
47	0	0	썹픽 레시피 : 화이트, 아메리칸 치즈, 양상추, 토마토, 피망, 양파, 올리브, 마요네즈, 홀스래디쉬
47	0	381	오픈 준비 중
47	27	36	치킨 베이컨 아보카도 (15cm)
47	66	155	써브웨이 창동역점 내 메뉴를 찾아보세요
47	139	36	담백한 치킨 슬라이스에 고소한 베이컨과 아보카도까지 건강하고 든든하게
47	151	356	시그니처랩 세트
47	151	576	시그니처랩 단품
47	151	796	쿠키
47	155	114	15cm
47	155	236	30cm
47	182	51	1 / 5
47	187	63	75% (4개)
47	187	139	ㆍ
47	187	183	리뷰 (4)
47	248	335	써브웨이 창동역점
47	261	36	스파이시 쉬림프 (15cm)
47	298	404	4.8(6,225)
47	315	36	9,400원
47	373	36	썹픽 레시피 : 화이트, 아메리칸 치즈, 양상추, 토마토, 피망, 양파, 올리브, 마요네즈, 홀스래디쉬 /  탱글한 쉬림프에 이국적인 시즈닝을 더해 색다른 매콤함을 만나보세요.
47	451	63	97% (37개)
47	451	149	ㆍ
47	451	193	리뷰 (61)
47	525	36	쉬림프 (15cm)
47	579	36	9,200원
47	637	36	썹픽 레시피 : 파마산 오레가노, 슈레드 치즈, 양상추, 토마토, 피망, 양파, 올리브, 스위트 칠리, 랜치 / 탱글한 쉬림프 5마리가 그대로, 신선하고 담백한 쉬림프의 맛 그대로 즐겨보세요!
47	715	63	99% (93개)
47	715	149	ㆍ
47	715	193	리뷰 (111)
47	789	36	로스트 치킨 (15cm)
47	843	36	9,000원
47	901	36	썹픽 레시피 : 파마산 오레가노, 슈레드 치즈, 양상추, 토마토, 피망, 양파, 오이 / 오븐에 구워 담백한 닭 가슴살 치킨 패티로 맛과 영양 모두를 만족시키는 메뉴.
47	979	63	99% (95개)
47	979	149	ㆍ
47	979	193	리뷰 (116)
47	1053	36	풀드포크 바비큐 (15cm)
47	1107	36	8,900원
47	1165	36	썹픽 레시피 : 풀드포크 1스쿱, 허니오트, 아메리칸 치즈, 양상추, 토마토, 피망, 양파, 오이, 랜치, 스모크 바비큐
47	1243	63	100% (84개)
47	1243	159	ㆍ
47	1243	203	리뷰 (97)
47	1317	36	써브웨이 클럽 (15cm)
47	1371	36	8,800원
47	1417	121	지금 와우 가입하면 배달비 0원 + 25,000원 쿠폰
47	1429	36	고소한 베이컨, 담백한 치킨 슬라이스에 잠봉까지 더해 완벽해진 조화를 즐겨보세요.
47	1434	781	가입하기
47	1507	63	100% (58개)
47	1507	159	ㆍ
47	1507	203	리뷰 (95)
47	1516	0	준비중
47	1581	36	치킨 데리야끼 (15cm)
48	0	0	100% (6개)
48	0	0	ㆍ
48	0	0	깊게 번지는 잠봉의 풍미를 느껴보세요.
48	0	0	리뷰 (9)
48	0	0	잠봉 (15cm)
48	0	381	오픈 준비 중
48	35	36	쉬림프 (15cm)
48	66	155	써브웨이 창동역점 내 메뉴를 찾아보세요
48	147	36	썹픽 레시피 : 파마산 오레가노, 슈레드 치즈, 양상추, 토마토, 피망, 양파, 올리브, 스위트 칠리, 랜치 / 탱글한 쉬림프 5마리가 그대로, 신선하고 담백한 쉬림프의 맛 그대로 즐겨보세요!
48	151	356	시그니처랩 세트
48	151	576	시그니처랩 단품
48	151	796	쿠키
48	155	114	15cm
48	155	236	30cm
48	182	51	1 / 5
48	225	63	99% (93개)
48	225	149	ㆍ
48	225	193	리뷰 (111)
48	248	335	써브웨이 창동역점
48	298	404	4.8(6,225)
48	299	36	로스트 치킨 (15cm)
48	353	36	9,000원
48	411	36	썹픽 레시피 : 파마산 오레가노, 슈레드 치즈, 양상추, 토마토, 피망, 양파, 오이 / 오븐에 구워 담백한 닭 가슴살 치킨 패티로 맛과 영양 모두를 만족시키는 메뉴.
48	489	63	99% (95개)
48	489	149	ㆍ
48	489	193	리뷰 (116)
48	563	36	풀드포크 바비큐 (15cm)
48	617	36	8,900원
48	675	36	썹픽 레시피 : 풀드포크 1스쿱, 허니오트, 아메리칸 치즈, 양상추, 토마토, 피망, 양파, 오이, 랜치, 스모크 바비큐
48	753	63	100% (84개)
48	753	159	ㆍ
48	753	203	리뷰 (97)
48	827	36	써브웨이 클럽 (15cm)
48	881	36	8,800원
48	939	36	고소한 베이컨, 담백한 치킨 슬라이스에 잠봉까지 더해 완벽해진 조화를 즐겨보세요.
48	1017	63	100% (58개)
48	1017	159	ㆍ
48	1017	203	리뷰 (95)
48	1091	36	치킨 데리야끼 (15cm)
48	1145	36	8,600원
48	1203	36	썹픽 레시피 : 화이트, 아메리칸 치즈, 양상추, 토마토, 피망, 양파, 올리브, 마요네즈, 홀스래디쉬
48	1281	63	95% (37개)
48	1281	149	ㆍ
48	1281	193	리뷰 (47)
48	1355	36	스파이시 이탈리안 (15cm)
48	1409	36	8,500원
48	1417	121	지금 와우 가입하면 배달비 0원 + 25,000원 쿠폰
48	1434	781	가입하기
48	1467	36	썹픽 레시피 : 플랫브레드, 슈레드 치즈, 양상추, 토마토, 피망, 양파, 오이, 스위트 어니언, 랜치 /  페퍼로니 & 살라미가 입안 가득, 페퍼로니의 부드러운 매콤함을 만나보세요.
48	1516	0	준비중
48	1545	63	97% (74개)
48	1545	149	ㆍ
48	1545	193	리뷰 (85)
49	0	381	오픈 준비 중
49	66	155	써브웨이 창동역점 내 메뉴를 찾아보세요
49	72	36	풀드포크 바비큐 (15cm)
49	132	36	8,900원
49	151	356	시그니처랩 세트
49	151	576	시그니처랩 단품
49	151	796	쿠키
49	155	114	15cm
49	155	236	30cm
49	182	51	1 / 5
49	184	36	썹픽 레시피 : 풀드포크 1스쿱, 허니오트, 아메리칸 치즈, 양상추, 토마토, 피망, 양파, 오이, 랜치, 스모크 바비큐
49	248	335	써브웨이 창동역점
49	262	63	100% (84개)
49	262	159	ㆍ
49	262	203	리뷰 (97)
49	298	404	4.8(6,225)
49	336	36	써브웨이 클럽 (15cm)
49	390	36	8,800원
49	448	36	고소한 베이컨, 담백한 치킨 슬라이스에 잠봉까지 더해 완벽해진 조화를 즐겨보세요.
49	526	63	100% (58개)
49	526	159	ㆍ
49	526	203	리뷰 (95)
49	600	36	치킨 데리야끼 (15cm)
49	654	36	8,600원
49	712	36	썹픽 레시피 : 화이트, 아메리칸 치즈, 양상추, 토마토, 피망, 양파, 올리브, 마요네즈, 홀스래디쉬
49	790	63	95% (37개)
49	790	149	ㆍ
49	790	193	리뷰 (47)
49	864	36	스파이시 이탈리안 (15cm)
49	918	36	8,500원
49	976	36	썹픽 레시피 : 플랫브레드, 슈레드 치즈, 양상추, 토마토, 피망, 양파, 오이, 스위트 어니언, 랜치 /  페퍼로니 & 살라미가 입안 가득, 페퍼로니의 부드러운 매콤함을 만나보세요.
49	1054	63	97% (74개)
49	1054	149	ㆍ
49	1054	193	리뷰 (85)
49	1128	36	잠봉 (15cm)
49	1182	36	8,400원
49	1240	36	깊게 번지는 잠봉의 풍미를 느껴보세요.
49	1288	63	100% (6개)
49	1288	149	ㆍ
49	1288	193	리뷰 (9)
49	1362	36	비엘티 (15cm)
49	1416	36	8,300원
49	1417	121	지금 와우 가입하면 배달비 0원 + 25,000원 쿠폰
49	1434	781	가입하기
49	1474	36	썹픽 레시피 : 위트, 모차렐라 치즈, 양상추, 토마토, 피망, 양파, 오이, 랜치, 사우스웨스트 치폴레
49	1516	0	준비중
49	1552	63	100% (42개)
49	1552	159	ㆍ
49	1552	203	리뷰 (52)
50	0	381	오픈 준비 중
50	66	155	써브웨이 창동역점 내 메뉴를 찾아보세요
50	114	36	치킨 데리야끼 (15cm)
50	151	356	시그니처랩 세트
50	151	576	시그니처랩 단품
50	151	796	쿠키
50	155	114	15cm
50	155	236	30cm
50	168	36	8,600원
50	182	51	1 / 5
50	226	36	썹픽 레시피 : 화이트, 아메리칸 치즈, 양상추, 토마토, 피망, 양파, 올리브, 마요네즈, 홀스래디쉬
50	248	335	써브웨이 창동역점
50	298	404	4.8(6,225)
50	304	63	95% (37개)
50	304	149	ㆍ
50	304	193	리뷰 (47)
50	378	36	스파이시 이탈리안 (15cm)
50	432	36	8,500원
50	490	36	썹픽 레시피 : 플랫브레드, 슈레드 치즈, 양상추, 토마토, 피망, 양파, 오이, 스위트 어니언, 랜치 /  페퍼로니 & 살라미가 입안 가득, 페퍼로니의 부드러운 매콤함을 만나보세요.
50	568	63	97% (74개)
50	568	149	ㆍ
50	568	193	리뷰 (85)
50	642	36	잠봉 (15cm)
50	696	36	8,400원
50	754	36	깊게 번지는 잠봉의 풍미를 느껴보세요.
50	802	63	100% (6개)
50	802	149	ㆍ
50	802	193	리뷰 (9)
50	876	36	비엘티 (15cm)
50	930	36	8,300원
50	988	36	썹픽 레시피 : 위트, 모차렐라 치즈, 양상추, 토마토, 피망, 양파, 오이, 랜치, 사우스웨스트 치폴레
50	1066	63	100% (42개)
50	1066	159	ㆍ
50	1066	203	리뷰 (52)
50	1140	36	치킨 슬라이스 (15cm)
50	1194	36	7,600원
50	1252	36	담백한 치킨 슬라이스로 맛과 건강까지 한입에
50	1300	63	100% (2개)
50	1300	149	ㆍ
50	1300	193	리뷰 (2)
50	1374	36	머쉬룸 (15cm)
50	1417	121	지금 와우 가입하면 배달비 0원 + 25,000원 쿠폰
50	1428	36	7,600원
50	1434	781	가입하기
50	1486	36	썹픽 레시피 : 파마산 오레가노, 아메리칸 치즈, 양상추, 토마토, 피망, 양파, 오이, 랜치, 후추 / 버섯의 건강함을 그대로 담아 신선한 야채와 함께 담백하게 즐기는 샌드위치
50	1516	0	준비중
50	1564	63	100% (17개)
50	1564	159	ㆍ
50	1564	203	리뷰 (18)
51	0	0	100% (12개)
51	0	0	ㆍ
51	0	0	리뷰 (15)
51	0	381	오픈 준비 중
51	66	155	써브웨이 창동역점 내 메뉴를 찾아보세요
51	151	356	시그니처랩 세트
51	151	576	시그니처랩 단품
51	151	796	쿠키
51	153	36	잠봉 (15cm)
51	155	114	15cm
51	155	236	30cm
51	182	51	1 / 5
51	207	36	8,400원
51	248	335	써브웨이 창동역점
51	265	36	깊게 번지는 잠봉의 풍미를 느껴보세요.
51	298	404	4.8(6,225)
51	313	63	100% (6개)
51	313	149	ㆍ
51	313	193	리뷰 (9)
51	387	36	비엘티 (15cm)
51	441	36	8,300원
51	499	36	썹픽 레시피 : 위트, 모차렐라 치즈, 양상추, 토마토, 피망, 양파, 오이, 랜치, 사우스웨스트 치폴레
51	577	63	100% (42개)
51	577	159	ㆍ
51	577	203	리뷰 (52)
51	651	36	치킨 슬라이스 (15cm)
51	705	36	7,600원
51	763	36	담백한 치킨 슬라이스로 맛과 건강까지 한입에
51	811	63	100% (2개)
51	811	149	ㆍ
51	811	193	리뷰 (2)
51	885	36	머쉬룸 (15cm)
51	939	36	7,600원
51	997	36	썹픽 레시피 : 파마산 오레가노, 아메리칸 치즈, 양상추, 토마토, 피망, 양파, 오이, 랜치, 후추 / 버섯의 건강함을 그대로 담아 신선한 야채와 함께 담백하게 즐기는 샌드위치
51	1075	63	100% (17개)
51	1075	159	ㆍ
51	1075	203	리뷰 (18)
51	1149	36	참치 (15cm)
51	1203	36	7,400원
51	1261	36	썹픽 레시피 : 파마산 오레가노, 슈레드 치즈, 양상추, 토마토, 피망, 양파, 오이, 스위트 칠리, 랜치 / 남녀노소 누구나 좋아하는 담백한 참치와 고소한 마요네즈의 완벽한 조화
51	1339	63	98% (128개)
51	1339	159	ㆍ
51	1339	203	리뷰 (134)
51	1413	36	에그 슬라이스 (15cm)
51	1417	121	지금 와우 가입하면 배달비 0원 + 25,000원 쿠폰
51	1434	781	가입하기
51	1467	36	6,500원
51	1516	0	준비중
51	1525	36	썹픽 레시피 : 위트, 모차렐라 치즈, 양상추, 토마토, 피망, 양파, 오이, 올리브, 스위트 칠리, 랜치 / 달걀의 신선함과 담백함을 그대로 담아 맛도, 영양도 사로잡은 샌드위치를 입안 가득 즐겨보세요.
52	0	0	100% (10개)
52	0	0	ㆍ
52	0	0	리뷰 (6)
52	0	0	비엘티 (15cm)
52	0	0	썹픽 레시피 : 위트, 아메리칸 치즈, 양상추, 토마토, 피망, 양파, 오이, 스위트 어니언, 랜치 / 부드럽고 풍미 넘치는 안창살과 담백하고 건강한 머쉬룸이 함께 어우러져 이루는 맛있는 조합의 샌드위치
52	0	381	오픈 준비 중
52	16	36	썹픽 레시피 : 위트, 모차렐라 치즈, 양상추, 토마토, 피망, 양파, 오이, 랜치, 사우스웨스트 치폴레
52	66	155	써브웨이 창동역점 내 메뉴를 찾아보세요
52	94	63	100% (42개)
52	94	159	ㆍ
52	94	203	리뷰 (52)
52	151	356	시그니처랩 세트
52	151	576	시그니처랩 단품
52	151	796	쿠키
52	155	114	15cm
52	155	236	30cm
52	168	36	치킨 슬라이스 (15cm)
52	182	51	1 / 5
52	222	36	7,600원
52	248	335	써브웨이 창동역점
52	280	36	담백한 치킨 슬라이스로 맛과 건강까지 한입에
52	298	404	4.8(6,225)
52	328	63	100% (2개)
52	328	149	ㆍ
52	328	193	리뷰 (2)
52	402	36	머쉬룸 (15cm)
52	456	36	7,600원
52	514	36	썹픽 레시피 : 파마산 오레가노, 아메리칸 치즈, 양상추, 토마토, 피망, 양파, 오이, 랜치, 후추 / 버섯의 건강함을 그대로 담아 신선한 야채와 함께 담백하게 즐기는 샌드위치
52	592	63	100% (17개)
52	592	159	ㆍ
52	592	203	리뷰 (18)
52	666	36	참치 (15cm)
52	720	36	7,400원
52	778	36	썹픽 레시피 : 파마산 오레가노, 슈레드 치즈, 양상추, 토마토, 피망, 양파, 오이, 스위트 칠리, 랜치 / 남녀노소 누구나 좋아하는 담백한 참치와 고소한 마요네즈의 완벽한 조화
52	856	63	98% (128개)
52	856	159	ㆍ
52	856	203	리뷰 (134)
52	930	36	에그 슬라이스 (15cm)
52	984	36	6,500원
52	1042	36	썹픽 레시피 : 위트, 모차렐라 치즈, 양상추, 토마토, 피망, 양파, 오이, 올리브, 스위트 칠리, 랜치 / 달걀의 신선함과 담백함을 그대로 담아 맛도, 영양도 사로잡은 샌드위치를 입안 가득 즐겨보세요.
52	1120	63	100% (12개)
52	1120	159	ㆍ
52	1120	203	리뷰 (15)
52	1194	36	베지 (15cm)
52	1248	36	6,200원
52	1306	36	썹픽 레시피 : 각종 야채, 허니오트, 아메리칸 치즈, 양상추, 토마토, 피망, 양파, 오이, 올리브 오일, 레드 와인 식초
52	1384	63	100% (46개)
52	1384	159	ㆍ
52	1384	203	리뷰 (52)
52	1417	121	지금 와우 가입하면 배달비 0원 + 25,000원 쿠폰
52	1434	781	가입하기
52	1488	42	30cm
52	1516	0	준비중
52	1567	36	안창 비프&머쉬룸 (30cm세트)
53	0	0	100% (114개)
53	0	0	ㆍ
53	0	0	리뷰 (110)
53	0	0	머쉬룸 (15cm)
53	0	0	이탈리안 비엠티 (30cm세트)
53	0	0	페퍼로니, 살라미 그리고 잠봉이 만들어내는 최상의 조화 전세계가 사랑하는 써브웨이의 베스트셀러 Biggest Meatiest Tastiest, B.M.T.
53	0	381	오픈 준비 중
53	31	36	썹픽 레시피 : 파마산 오레가노, 아메리칸 치즈, 양상추, 토마토, 피망, 양파, 오이, 랜치, 후추 / 버섯의 건강함을 그대로 담아 신선한 야채와 함께 담백하게 즐기는 샌드위치
53	66	155	써브웨이 창동역점 내 메뉴를 찾아보세요
53	109	63	100% (17개)
53	109	159	ㆍ
53	109	203	리뷰 (18)
53	151	356	시그니처랩 세트
53	151	576	시그니처랩 단품
53	151	796	쿠키
53	155	114	15cm
53	155	236	30cm
53	182	51	1 / 5
53	183	36	참치 (15cm)
53	237	36	7,400원
53	248	335	써브웨이 창동역점
53	295	36	썹픽 레시피 : 파마산 오레가노, 슈레드 치즈, 양상추, 토마토, 피망, 양파, 오이, 스위트 칠리, 랜치 / 남녀노소 누구나 좋아하는 담백한 참치와 고소한 마요네즈의 완벽한 조화
53	298	404	4.8(6,225)
53	373	63	98% (128개)
53	373	159	ㆍ
53	373	203	리뷰 (134)
53	447	36	에그 슬라이스 (15cm)
53	501	36	6,500원
53	559	36	썹픽 레시피 : 위트, 모차렐라 치즈, 양상추, 토마토, 피망, 양파, 오이, 올리브, 스위트 칠리, 랜치 / 달걀의 신선함과 담백함을 그대로 담아 맛도, 영양도 사로잡은 샌드위치를 입안 가득 즐겨보세요.
53	637	63	100% (12개)
53	637	159	ㆍ
53	637	203	리뷰 (15)
53	711	36	베지 (15cm)
53	765	36	6,200원
53	823	36	썹픽 레시피 : 각종 야채, 허니오트, 아메리칸 치즈, 양상추, 토마토, 피망, 양파, 오이, 올리브 오일, 레드 와인 식초
53	901	63	100% (46개)
53	901	159	ㆍ
53	901	203	리뷰 (52)
53	1005	42	30cm
53	1084	36	안창 비프&머쉬룸 (30cm세트)
53	1138	36	22,500원
53	1196	36	썹픽 레시피 : 위트, 아메리칸 치즈, 양상추, 토마토, 피망, 양파, 오이, 스위트 어니언, 랜치 / 부드럽고 풍미 넘치는 안창살과 담백하고 건강한 머쉬룸이 함께 어우러져 이루는 맛있는 조합의 샌드위치
53	1274	63	100% (10개)
53	1274	159	ㆍ
53	1274	203	리뷰 (6)
53	1348	36	스테이크 & 치즈 (30cm세트)
53	1402	36	21,700원
53	1417	121	지금 와우 가입하면 배달비 0원 + 25,000원 쿠폰
53	1434	781	가입하기
53	1460	36	썹픽 레시피 : 화이트, 아메리칸 치즈, 양상추, 토마토, 피망, 양파, 오이, 올리브, 피클, 할라피뇨, 마요네즈, 사우스웨스트 치폴레 / 육즙이 쫙~풍부한 비프 스테이크의 풍미가 입안 한가득
53	1516	0	준비중
53	1538	63	100% (17개)
53	1538	159	ㆍ
53	1538	203	리뷰 (17)
54	0	36	에그 슬라이스 (15cm)
54	0	381	오픈 준비 중
54	66	155	써브웨이 창동역점 내 메뉴를 찾아보세요
54	76	36	썹픽 레시피 : 위트, 모차렐라 치즈, 양상추, 토마토, 피망, 양파, 오이, 올리브, 스위트 칠리, 랜치 / 달걀의 신선함과 담백함을 그대로 담아 맛도, 영양도 사로잡은 샌드위치를 입안 가득 즐겨보세요.
54	151	356	시그니처랩 세트
54	151	576	시그니처랩 단품
54	151	796	쿠키
54	154	63	100% (12개)
54	154	159	ㆍ
54	154	203	리뷰 (15)
54	155	114	15cm
54	155	236	30cm
54	182	51	1 / 5
54	228	36	베지 (15cm)
54	248	335	써브웨이 창동역점
54	282	36	6,200원
54	298	404	4.8(6,225)
54	340	36	썹픽 레시피 : 각종 야채, 허니오트, 아메리칸 치즈, 양상추, 토마토, 피망, 양파, 오이, 올리브 오일, 레드 와인 식초
54	418	63	100% (46개)
54	418	159	ㆍ
54	418	203	리뷰 (52)
54	522	42	30cm
54	601	36	안창 비프&머쉬룸 (30cm세트)
54	655	36	22,500원
54	713	36	썹픽 레시피 : 위트, 아메리칸 치즈, 양상추, 토마토, 피망, 양파, 오이, 스위트 어니언, 랜치 / 부드럽고 풍미 넘치는 안창살과 담백하고 건강한 머쉬룸이 함께 어우러져 이루는 맛있는 조합의 샌드위치
54	791	63	100% (10개)
54	791	159	ㆍ
54	791	203	리뷰 (6)
54	865	36	스테이크 & 치즈 (30cm세트)
54	919	36	21,700원
54	977	36	썹픽 레시피 : 화이트, 아메리칸 치즈, 양상추, 토마토, 피망, 양파, 오이, 올리브, 피클, 할라피뇨, 마요네즈, 사우스웨스트 치폴레 / 육즙이 쫙~풍부한 비프 스테이크의 풍미가 입안 한가득
54	1055	63	100% (17개)
54	1055	159	ㆍ
54	1055	203	리뷰 (17)
54	1129	36	이탈리안 비엠티 (30cm세트)
54	1183	36	19,300원
54	1241	36	페퍼로니, 살라미 그리고 잠봉이 만들어내는 최상의 조화 전세계가 사랑하는 써브웨이의 베스트셀러 Biggest Meatiest Tastiest, B.M.T.
54	1319	63	100% (114개)
54	1319	169	ㆍ
54	1319	213	리뷰 (110)
54	1393	36	로티세리 바비큐 치킨 (30cm세트)
54	1417	121	지금 와우 가입하면 배달비 0원 + 25,000원 쿠폰
54	1434	781	가입하기
54	1447	36	20,200원
54	1505	36	썹픽 레시피 : 화이트, 아메리칸 치즈, 양상추, 토마토, 피망, 양파, 오이, 스위트 칠리, 랜치 / 닭 가슴살과 다리살을 써브웨이 만의 비율로 배합한 치킨을 손으로 찢어 더욱 부드럽게 즐기는 메뉴.
54	1516	0	준비중
54	1583	63	100% (16개)
54	1583	159	ㆍ
54	1583	203	리뷰 (10)
55	0	0	100% (6개)
55	0	0	ㆍ
55	0	0	리뷰 (6)
55	0	381	오픈 준비 중
55	66	155	써브웨이 창동역점 내 메뉴를 찾아보세요
55	111	36	안창 비프&머쉬룸 (30cm세트)
55	151	236	시그니처랩 세트
55	151	456	시그니처랩 단품
55	151	676	쿠키
55	151	780	칩
55	151	862	음료
55	155	114	30cm
55	165	36	22,500원
55	182	51	1 / 5
55	223	36	썹픽 레시피 : 위트, 아메리칸 치즈, 양상추, 토마토, 피망, 양파, 오이, 스위트 어니언, 랜치 / 부드럽고 풍미 넘치는 안창살과 담백하고 건강한 머쉬룸이 함께 어우러져 이루는 맛있는 조합의 샌드위치
55	248	335	써브웨이 창동역점
55	298	404	4.8(6,225)
55	301	63	100% (10개)
55	301	159	ㆍ
55	301	203	리뷰 (6)
55	375	36	스테이크 & 치즈 (30cm세트)
55	429	36	21,700원
55	487	36	썹픽 레시피 : 화이트, 아메리칸 치즈, 양상추, 토마토, 피망, 양파, 오이, 올리브, 피클, 할라피뇨, 마요네즈, 사우스웨스트 치폴레 / 육즙이 쫙~풍부한 비프 스테이크의 풍미가 입안 한가득
55	565	63	100% (17개)
55	565	159	ㆍ
55	565	203	리뷰 (17)
55	639	36	이탈리안 비엠티 (30cm세트)
55	693	36	19,300원
55	751	36	페퍼로니, 살라미 그리고 잠봉이 만들어내는 최상의 조화 전세계가 사랑하는 써브웨이의 베스트셀러 Biggest Meatiest Tastiest, B.M.T.
55	829	63	100% (114개)
55	829	169	ㆍ
55	829	213	리뷰 (110)
55	903	36	로티세리 바비큐 치킨 (30cm세트)
55	957	36	20,200원
55	1015	36	썹픽 레시피 : 화이트, 아메리칸 치즈, 양상추, 토마토, 피망, 양파, 오이, 스위트 칠리, 랜치 / 닭 가슴살과 다리살을 써브웨이 만의 비율로 배합한 치킨을 손으로 찢어 더욱 부드럽게 즐기는 메뉴.
55	1093	63	100% (16개)
55	1093	159	ㆍ
55	1093	203	리뷰 (10)
55	1167	36	에그마요 (30cm세트)
55	1221	36	16,900원
55	1279	36	썹픽 레시피 : 플랫브레드, 슈레드 치즈, 양상추, 토마토, 피망, 양파, 오이, 스위트 칠리, 랜치
55	1357	63	100% (34개)
55	1357	159	ㆍ
55	1357	203	리뷰 (25)
55	1417	121	지금 와우 가입하면 배달비 0원 + 25,000원 쿠폰
55	1431	36	안창 비프 (30cm세트)
55	1434	781	가입하기
55	1485	36	26,000원
55	1516	0	준비중
55	1543	36	썹픽 레시피 : 화이트, 아메리칸 치즈, 양상추, 토마토, 피망, 양파, 오이, 올리브, 스위트 칠리, 랜치 / 안창살을 써브웨의만의 이국적인 특제 시즈닝을 더해 더 부드럽고, 더 풍미있게 즐기는 프리미엄 샌드위치
56	0	0	100% (5개)
56	0	0	ㆍ
56	0	0	리뷰 (7)
56	0	0	썹픽 레시피 : 화이트, 아메리칸 치즈, 양상추, 토마토, 피망, 양파, 올리브, 마요네즈, 홀스래디쉬 /  탱글한 쉬림프에 이국적인 시즈닝을 더해 색다른 매콤함을 만나보세요.
56	0	381	오픈 준비 중
56	66	155	써브웨이 창동역점 내 메뉴를 찾아보세요
56	145	36	이탈리안 비엠티 (30cm세트)
56	151	236	시그니처랩 세트
56	151	456	시그니처랩 단품
56	151	676	쿠키
56	151	780	칩
56	151	862	음료
56	155	114	30cm
56	182	51	1 / 5
56	199	36	19,300원
56	248	335	써브웨이 창동역점
56	257	36	페퍼로니, 살라미 그리고 잠봉이 만들어내는 최상의 조화 전세계가 사랑하는 써브웨이의 베스트셀러 Biggest Meatiest Tastiest, B.M.T.
56	298	404	4.8(6,225)
56	335	63	100% (114개)
56	335	169	ㆍ
56	335	213	리뷰 (110)
56	409	36	로티세리 바비큐 치킨 (30cm세트)
56	463	36	20,200원
56	521	36	썹픽 레시피 : 화이트, 아메리칸 치즈, 양상추, 토마토, 피망, 양파, 오이, 스위트 칠리, 랜치 / 닭 가슴살과 다리살을 써브웨이 만의 비율로 배합한 치킨을 손으로 찢어 더욱 부드럽게 즐기는 메뉴.
56	599	63	100% (16개)
56	599	159	ㆍ
56	599	203	리뷰 (10)
56	673	36	에그마요 (30cm세트)
56	727	36	16,900원
56	785	36	썹픽 레시피 : 플랫브레드, 슈레드 치즈, 양상추, 토마토, 피망, 양파, 오이, 스위트 칠리, 랜치
56	863	63	100% (34개)
56	863	159	ㆍ
56	863	203	리뷰 (25)
56	937	36	안창 비프 (30cm세트)
56	991	36	26,000원
56	1049	36	썹픽 레시피 : 화이트, 아메리칸 치즈, 양상추, 토마토, 피망, 양파, 오이, 올리브, 스위트 칠리, 랜치 / 안창살을 써브웨의만의 이국적인 특제 시즈닝을 더해 더 부드럽고, 더 풍미있게 즐기는 프리미엄 샌드위치
56	1127	63	100% (6개)
56	1127	149	ㆍ
56	1127	193	리뷰 (6)
56	1201	36	잠봉 플러스 (30cm세트)
56	1255	36	21,900원
56	1313	36	깊게 번지는 잠봉의 풍미를 더욱 풍성하게 느껴보세요.
56	1399	36	치킨 베이컨 아보카도 (30cm세트)
56	1417	121	지금 와우 가입하면 배달비 0원 + 25,000원 쿠폰
56	1434	781	가입하기
56	1453	36	21,200원
56	1511	36	담백한 치킨 슬라이스에 고소한 베이컨과 아보카도까지 건강하고 든든하게
56	1516	0	준비중
56	1597	36	스파이시 쉬림프 (30cm세트)
57	0	0	로티세리 바비큐 치킨 (30cm세트)
57	0	381	오픈 준비 중
57	31	36	썹픽 레시피 : 화이트, 아메리칸 치즈, 양상추, 토마토, 피망, 양파, 오이, 스위트 칠리, 랜치 / 닭 가슴살과 다리살을 써브웨이 만의 비율로 배합한 치킨을 손으로 찢어 더욱 부드럽게 즐기는 메뉴.
57	66	155	써브웨이 창동역점 내 메뉴를 찾아보세요
57	109	63	100% (16개)
57	109	159	ㆍ
57	109	203	리뷰 (10)
57	151	236	시그니처랩 세트
57	151	456	시그니처랩 단품
57	151	676	쿠키
57	151	780	칩
57	151	862	음료
57	155	114	30cm
57	182	51	1 / 5
57	183	36	에그마요 (30cm세트)
57	237	36	16,900원
57	248	335	써브웨이 창동역점
57	295	36	썹픽 레시피 : 플랫브레드, 슈레드 치즈, 양상추, 토마토, 피망, 양파, 오이, 스위트 칠리, 랜치
57	298	404	4.8(6,225)
57	373	63	100% (34개)
57	373	159	ㆍ
57	373	203	리뷰 (25)
57	447	36	안창 비프 (30cm세트)
57	501	36	26,000원
57	559	36	썹픽 레시피 : 화이트, 아메리칸 치즈, 양상추, 토마토, 피망, 양파, 오이, 올리브, 스위트 칠리, 랜치 / 안창살을 써브웨의만의 이국적인 특제 시즈닝을 더해 더 부드럽고, 더 풍미있게 즐기는 프리미엄 샌드위치
57	637	63	100% (6개)
57	637	149	ㆍ
57	637	193	리뷰 (6)
57	711	36	잠봉 플러스 (30cm세트)
57	765	36	21,900원
57	823	36	깊게 번지는 잠봉의 풍미를 더욱 풍성하게 느껴보세요.
57	909	36	치킨 베이컨 아보카도 (30cm세트)
57	963	36	21,200원
57	1021	36	담백한 치킨 슬라이스에 고소한 베이컨과 아보카도까지 건강하고 든든하게
57	1107	36	스파이시 쉬림프 (30cm세트)
57	1161	36	21,000원
57	1219	36	썹픽 레시피 : 화이트, 아메리칸 치즈, 양상추, 토마토, 피망, 양파, 올리브, 마요네즈, 홀스래디쉬 /  탱글한 쉬림프에 이국적인 시즈닝을 더해 색다른 매콤함을 만나보세요.
57	1297	63	100% (5개)
57	1297	149	ㆍ
57	1297	193	리뷰 (7)
57	1371	36	쉬림프 (30cm세트)
57	1417	121	지금 와우 가입하면 배달비 0원 + 25,000원 쿠폰
57	1425	36	20,600원
57	1434	781	가입하기
57	1483	36	썹픽 레시피 : 파마산 오레가노, 슈레드 치즈, 양상추, 토마토, 피망, 양파, 올리브, 스위트 칠리, 랜치 / 탱글한 쉬림프 5마리가 그대로, 신선하고 담백한 쉬림프의 맛 그대로 즐겨보세요!
57	1516	0	준비중
57	1561	63	100% (22개)
57	1561	159	ㆍ
57	1561	203	리뷰 (11)
58	0	0	100% (20개)
58	0	0	ㆍ
58	0	0	리뷰 (12)
58	0	36	안창 비프 (30cm세트)
58	0	381	오픈 준비 중
58	66	155	써브웨이 창동역점 내 메뉴를 찾아보세요
58	77	36	썹픽 레시피 : 화이트, 아메리칸 치즈, 양상추, 토마토, 피망, 양파, 오이, 올리브, 스위트 칠리, 랜치 / 안창살을 써브웨의만의 이국적인 특제 시즈닝을 더해 더 부드럽고, 더 풍미있게 즐기는 프리미엄 샌드위치
58	151	236	시그니처랩 세트
58	151	456	시그니처랩 단품
58	151	676	쿠키
58	151	780	칩
58	151	862	음료
58	155	63	100% (6개)
58	155	114	30cm
58	155	149	ㆍ
58	155	193	리뷰 (6)
58	182	51	1 / 5
58	229	36	잠봉 플러스 (30cm세트)
58	248	335	써브웨이 창동역점
58	283	36	21,900원
58	298	404	4.8(6,225)
58	341	36	깊게 번지는 잠봉의 풍미를 더욱 풍성하게 느껴보세요.
58	427	36	치킨 베이컨 아보카도 (30cm세트)
58	481	36	21,200원
58	539	36	담백한 치킨 슬라이스에 고소한 베이컨과 아보카도까지 건강하고 든든하게
58	625	36	스파이시 쉬림프 (30cm세트)
58	679	36	21,000원
58	737	36	썹픽 레시피 : 화이트, 아메리칸 치즈, 양상추, 토마토, 피망, 양파, 올리브, 마요네즈, 홀스래디쉬 /  탱글한 쉬림프에 이국적인 시즈닝을 더해 색다른 매콤함을 만나보세요.
58	815	63	100% (5개)
58	815	149	ㆍ
58	815	193	리뷰 (7)
58	889	36	쉬림프 (30cm세트)
58	943	36	20,600원
58	1001	36	썹픽 레시피 : 파마산 오레가노, 슈레드 치즈, 양상추, 토마토, 피망, 양파, 올리브, 스위트 칠리, 랜치 / 탱글한 쉬림프 5마리가 그대로, 신선하고 담백한 쉬림프의 맛 그대로 즐겨보세요!
58	1079	63	100% (22개)
58	1079	159	ㆍ
58	1079	203	리뷰 (11)
58	1153	36	로스트 치킨 (30cm세트)
58	1207	36	20,200원
58	1265	36	썹픽 레시피 : 파마산 오레가노, 슈레드 치즈, 양상추, 토마토, 피망, 양파, 오이 /  오븐에 구워 담백한 닭 가슴살 치킨 패티로 맛과 영양 모두를 만족시키는 메뉴.
58	1343	63	100% (20개)
58	1343	159	ㆍ
58	1343	203	리뷰 (11)
58	1417	36	풀드포크 바비큐 (30cm세트)
58	1417	121	지금 와우 가입하면 배달비 0원 + 25,000원 쿠폰
58	1434	781	가입하기
58	1471	36	20,000원
58	1516	0	준비중
58	1529	36	썹픽 레시피 : 풀드포크 1스쿱, 허니오트, 아메리칸 치즈, 양상추, 토마토, 피망, 양파, 오이, 랜치, 스모크 바비큐
59	0	0	100% (2개)
59	0	0	ㆍ
59	0	0	리뷰 (4)
59	0	381	오픈 준비 중
59	66	155	써브웨이 창동역점 내 메뉴를 찾아보세요
59	130	36	스파이시 쉬림프 (30cm세트)
59	151	236	시그니처랩 세트
59	151	456	시그니처랩 단품
59	151	676	쿠키
59	151	780	칩
59	151	862	음료
59	155	114	30cm
59	182	51	1 / 5
59	184	36	21,000원
59	242	36	썹픽 레시피 : 화이트, 아메리칸 치즈, 양상추, 토마토, 피망, 양파, 올리브, 마요네즈, 홀스래디쉬 /  탱글한 쉬림프에 이국적인 시즈닝을 더해 색다른 매콤함을 만나보세요.
59	248	335	써브웨이 창동역점
59	298	404	4.8(6,225)
59	320	63	100% (5개)
59	320	149	ㆍ
59	320	193	리뷰 (7)
59	394	36	쉬림프 (30cm세트)
59	448	36	20,600원
59	506	36	썹픽 레시피 : 파마산 오레가노, 슈레드 치즈, 양상추, 토마토, 피망, 양파, 올리브, 스위트 칠리, 랜치 / 탱글한 쉬림프 5마리가 그대로, 신선하고 담백한 쉬림프의 맛 그대로 즐겨보세요!
59	584	63	100% (22개)
59	584	159	ㆍ
59	584	203	리뷰 (11)
59	658	36	로스트 치킨 (30cm세트)
59	712	36	20,200원
59	770	36	썹픽 레시피 : 파마산 오레가노, 슈레드 치즈, 양상추, 토마토, 피망, 양파, 오이 /  오븐에 구워 담백한 닭 가슴살 치킨 패티로 맛과 영양 모두를 만족시키는 메뉴.
59	848	63	100% (20개)
59	848	159	ㆍ
59	848	203	리뷰 (11)
59	922	36	풀드포크 바비큐 (30cm세트)
59	976	36	20,000원
59	1034	36	썹픽 레시피 : 풀드포크 1스쿱, 허니오트, 아메리칸 치즈, 양상추, 토마토, 피망, 양파, 오이, 랜치, 스모크 바비큐
59	1112	63	100% (20개)
59	1112	159	ㆍ
59	1112	203	리뷰 (12)
59	1186	36	써브웨이 클럽 (30cm세트)
59	1240	36	19,800원
59	1298	36	고소한 베이컨, 담백한 치킨 슬라이스에 잠봉까지 더해 완벽해진 조화를 즐겨보세요.
59	1376	63	100% (34개)
59	1376	159	ㆍ
59	1376	203	리뷰 (28)
59	1417	121	지금 와우 가입하면 배달비 0원 + 25,000원 쿠폰
59	1434	781	가입하기
59	1450	36	치킨 데리야끼 (30cm세트)
59	1504	36	19,500원
59	1516	0	준비중
59	1562	36	썹픽 레시피 : 화이트, 아메리칸 치즈, 양상추, 토마토, 피망, 양파, 올리브, 마요네즈, 홀스래디쉬
60	0	0	100% (1개)
60	0	0	ㆍ
60	0	0	리뷰 (1)
60	0	0	쉬림프 (30cm세트)
60	0	381	오픈 준비 중
60	11	36	썹픽 레시피 : 파마산 오레가노, 슈레드 치즈, 양상추, 토마토, 피망, 양파, 올리브, 스위트 칠리, 랜치 / 탱글한 쉬림프 5마리가 그대로, 신선하고 담백한 쉬림프의 맛 그대로 즐겨보세요!
60	66	155	써브웨이 창동역점 내 메뉴를 찾아보세요
60	89	63	100% (22개)
60	89	159	ㆍ
60	89	203	리뷰 (11)
60	151	236	시그니처랩 세트
60	151	456	시그니처랩 단품
60	151	676	쿠키
60	151	780	칩
60	151	862	음료
60	155	114	30cm
60	163	36	로스트 치킨 (30cm세트)
60	182	51	1 / 5
60	217	36	20,200원
60	248	335	써브웨이 창동역점
60	275	36	썹픽 레시피 : 파마산 오레가노, 슈레드 치즈, 양상추, 토마토, 피망, 양파, 오이 /  오븐에 구워 담백한 닭 가슴살 치킨 패티로 맛과 영양 모두를 만족시키는 메뉴.
60	298	404	4.8(6,225)
60	353	63	100% (20개)
60	353	159	ㆍ
60	353	203	리뷰 (11)
60	427	36	풀드포크 바비큐 (30cm세트)
60	481	36	20,000원
60	539	36	썹픽 레시피 : 풀드포크 1스쿱, 허니오트, 아메리칸 치즈, 양상추, 토마토, 피망, 양파, 오이, 랜치, 스모크 바비큐
60	617	63	100% (20개)
60	617	159	ㆍ
60	617	203	리뷰 (12)
60	691	36	써브웨이 클럽 (30cm세트)
60	745	36	19,800원
60	803	36	고소한 베이컨, 담백한 치킨 슬라이스에 잠봉까지 더해 완벽해진 조화를 즐겨보세요.
60	881	63	100% (34개)
60	881	159	ㆍ
60	881	203	리뷰 (28)
60	955	36	치킨 데리야끼 (30cm세트)
60	1009	36	19,500원
60	1067	36	썹픽 레시피 : 화이트, 아메리칸 치즈, 양상추, 토마토, 피망, 양파, 올리브, 마요네즈, 홀스래디쉬
60	1145	63	100% (2개)
60	1145	149	ㆍ
60	1145	193	리뷰 (4)
60	1219	36	스파이시 이탈리안 (30cm세트)
60	1273	36	19,300원
60	1331	36	썹픽 레시피 : 플랫브레드, 슈레드 치즈, 양상추, 토마토, 피망, 양파, 오이, 스위트 어니언, 랜치 /  페퍼로니 & 살라미가 입안 가득, 페퍼로니의 부드러운 매콤함을 만나보세요.
60	1409	63	100% (34개)
60	1409	159	ㆍ
60	1409	203	리뷰 (9)
60	1417	121	지금 와우 가입하면 배달비 0원 + 25,000원 쿠폰
60	1434	781	가입하기
60	1483	36	잠봉 (30cm세트)
60	1516	0	준비중
60	1537	36	19,200원
60	1595	36	깊게 번지는 잠봉의 풍미를 느껴보세요.
61	0	0	100% (1개)
61	0	0	담백한 치킨 슬라이스로 맛과 건강까지 한입에
61	0	0	풀드포크 바비큐 (30cm세트)
61	0	381	오픈 준비 중
61	51	36	썹픽 레시피 : 풀드포크 1스쿱, 허니오트, 아메리칸 치즈, 양상추, 토마토, 피망, 양파, 오이, 랜치, 스모크 바비큐
61	66	155	써브웨이 창동역점 내 메뉴를 찾아보세요
61	129	63	100% (20개)
61	129	159	ㆍ
61	129	203	리뷰 (12)
61	151	236	시그니처랩 세트
61	151	456	시그니처랩 단품
61	151	676	쿠키
61	151	780	칩
61	151	862	음료
61	155	114	30cm
61	182	51	1 / 5
61	203	36	써브웨이 클럽 (30cm세트)
61	248	335	써브웨이 창동역점
61	257	36	19,800원
61	298	404	4.8(6,225)
61	315	36	고소한 베이컨, 담백한 치킨 슬라이스에 잠봉까지 더해 완벽해진 조화를 즐겨보세요.
61	393	63	100% (34개)
61	393	159	ㆍ
61	393	203	리뷰 (28)
61	467	36	치킨 데리야끼 (30cm세트)
61	521	36	19,500원
61	579	36	썹픽 레시피 : 화이트, 아메리칸 치즈, 양상추, 토마토, 피망, 양파, 올리브, 마요네즈, 홀스래디쉬
61	657	63	100% (2개)
61	657	149	ㆍ
61	657	193	리뷰 (4)
61	731	36	스파이시 이탈리안 (30cm세트)
61	785	36	19,300원
61	843	36	썹픽 레시피 : 플랫브레드, 슈레드 치즈, 양상추, 토마토, 피망, 양파, 오이, 스위트 어니언, 랜치 /  페퍼로니 & 살라미가 입안 가득, 페퍼로니의 부드러운 매콤함을 만나보세요.
61	921	63	100% (34개)
61	921	159	ㆍ
61	921	203	리뷰 (9)
61	995	36	잠봉 (30cm세트)
61	1049	36	19,200원
61	1107	36	깊게 번지는 잠봉의 풍미를 느껴보세요.
61	1155	63	100% (1개)
61	1155	149	ㆍ
61	1155	193	리뷰 (1)
61	1229	36	비엘티 (30cm세트)
61	1283	36	18,900원
61	1341	36	썹픽 레시피 : 위트, 모차렐라 치즈, 양상추, 토마토, 피망, 양파, 오이, 랜치, 사우스웨스트 치폴레
61	1417	121	지금 와우 가입하면 배달비 0원 + 25,000원 쿠폰
61	1419	63	100% (3개)
61	1419	149	ㆍ
61	1419	193	리뷰 (3)
61	1434	781	가입하기
61	1493	36	치킨 슬라이스 (30cm세트)
61	1516	0	준비중
61	1547	36	17,600원
62	0	0	100% (13개)
62	0	0	ㆍ
62	0	0	리뷰 (15)
62	0	0	썹픽 레시피 : 파마산 오레가노, 슈레드 치즈, 양상추, 토마토, 피망, 양파, 오이, 스위트 칠리, 랜치 /  남녀노소 누구나 좋아하는 담백한 참치와 고소한 마요네즈의 완벽한 조화
62	0	36	치킨 데리야끼 (30cm세트)
62	0	381	오픈 준비 중
62	66	155	써브웨이 창동역점 내 메뉴를 찾아보세요
62	91	36	썹픽 레시피 : 화이트, 아메리칸 치즈, 양상추, 토마토, 피망, 양파, 올리브, 마요네즈, 홀스래디쉬
62	151	236	시그니처랩 세트
62	151	456	시그니처랩 단품
62	151	676	쿠키
62	151	780	칩
62	151	862	음료
62	155	114	30cm
62	169	63	100% (2개)
62	169	149	ㆍ
62	169	193	리뷰 (4)
62	182	51	1 / 5
62	243	36	스파이시 이탈리안 (30cm세트)
62	248	335	써브웨이 창동역점
62	297	36	19,300원
62	298	404	4.8(6,225)
62	355	36	썹픽 레시피 : 플랫브레드, 슈레드 치즈, 양상추, 토마토, 피망, 양파, 오이, 스위트 어니언, 랜치 /  페퍼로니 & 살라미가 입안 가득, 페퍼로니의 부드러운 매콤함을 만나보세요.
62	433	63	100% (34개)
62	433	159	ㆍ
62	433	203	리뷰 (9)
62	507	36	잠봉 (30cm세트)
62	561	36	19,200원
62	619	36	깊게 번지는 잠봉의 풍미를 느껴보세요.
62	667	63	100% (1개)
62	667	149	ㆍ
62	667	193	리뷰 (1)
62	741	36	비엘티 (30cm세트)
62	795	36	18,900원
62	853	36	썹픽 레시피 : 위트, 모차렐라 치즈, 양상추, 토마토, 피망, 양파, 오이, 랜치, 사우스웨스트 치폴레
62	931	63	100% (3개)
62	931	149	ㆍ
62	931	193	리뷰 (3)
62	1005	36	치킨 슬라이스 (30cm세트)
62	1059	36	17,600원
62	1117	36	담백한 치킨 슬라이스로 맛과 건강까지 한입에
62	1165	63	100% (1개)
62	1239	36	머쉬룸 (30cm세트)
62	1293	36	17,600원
62	1351	36	썹픽 레시피 : 파마산 오레가노, 아메리칸 치즈, 양상추, 토마토, 피망, 양파, 오이, 랜치, 후추 /  버섯의 건강함을 그대로 담아 신선한 야채와 함께 담백하게 즐기는 샌드위치
62	1417	121	지금 와우 가입하면 배달비 0원 + 25,000원 쿠폰
62	1429	63	100% (2개)
62	1429	149	ㆍ
62	1429	193	리뷰 (1)
62	1434	781	가입하기
62	1503	36	참치 (30cm세트)
62	1516	0	준비중
62	1557	36	17,200원
63	0	0	썹픽 레시피 : 각종 야채, 허니오트, 아메리칸 치즈, 양상추, 토마토, 피망, 양파, 오이, 올리브 오일, 레드 와인 식초
63	0	381	오픈 준비 중
63	20	36	잠봉 (30cm세트)
63	66	155	써브웨이 창동역점 내 메뉴를 찾아보세요
63	132	36	깊게 번지는 잠봉의 풍미를 느껴보세요.
63	151	236	시그니처랩 세트
63	151	456	시그니처랩 단품
63	151	676	쿠키
63	151	780	칩
63	151	862	음료
63	155	114	30cm
63	180	63	100% (1개)
63	180	149	ㆍ
63	180	193	리뷰 (1)
63	182	51	1 / 5
63	248	335	써브웨이 창동역점
63	254	36	비엘티 (30cm세트)
63	298	404	4.8(6,225)
63	308	36	18,900원
63	366	36	썹픽 레시피 : 위트, 모차렐라 치즈, 양상추, 토마토, 피망, 양파, 오이, 랜치, 사우스웨스트 치폴레
63	444	63	100% (3개)
63	444	149	ㆍ
63	444	193	리뷰 (3)
63	518	36	치킨 슬라이스 (30cm세트)
63	572	36	17,600원
63	630	36	담백한 치킨 슬라이스로 맛과 건강까지 한입에
63	678	63	100% (1개)
63	752	36	머쉬룸 (30cm세트)
63	806	36	17,600원
63	864	36	썹픽 레시피 : 파마산 오레가노, 아메리칸 치즈, 양상추, 토마토, 피망, 양파, 오이, 랜치, 후추 /  버섯의 건강함을 그대로 담아 신선한 야채와 함께 담백하게 즐기는 샌드위치
63	942	63	100% (2개)
63	942	149	ㆍ
63	942	193	리뷰 (1)
63	1016	36	참치 (30cm세트)
63	1070	36	17,200원
63	1128	36	썹픽 레시피 : 파마산 오레가노, 슈레드 치즈, 양상추, 토마토, 피망, 양파, 오이, 스위트 칠리, 랜치 /  남녀노소 누구나 좋아하는 담백한 참치와 고소한 마요네즈의 완벽한 조화
63	1206	63	100% (13개)
63	1206	159	ㆍ
63	1206	203	리뷰 (15)
63	1280	36	에그 슬라이스 (30cm세트)
63	1334	36	15,500원
63	1392	36	썹픽 레시피 : 위트, 모차렐라 치즈, 양상추, 토마토, 피망, 양파, 오이, 올리브, 스위트 칠리, 랜치 / 달걀의 신선함과 담백함을 그대로 담아 맛도, 영양도 사로잡은 샌드위치를 입안 가득 즐겨보세요.
63	1417	121	지금 와우 가입하면 배달비 0원 + 25,000원 쿠폰
63	1434	781	가입하기
63	1470	63	100% (2개)
63	1470	149	ㆍ
63	1470	193	리뷰 (2)
63	1516	0	준비중
63	1544	36	베지 (30cm세트)
63	1598	36	15,000원
64	0	0	100% (66개)
64	0	0	ㆍ
64	0	0	리뷰 (68)
64	0	0	썹픽 레시피 : 화이트, 아메리칸 치즈, 양상추, 토마토, 피망, 양파, 오이, 올리브, 피클, 할라피뇨, 마요네즈, 사우스웨스트 치폴레 / 육즙이 쫙~풍부한 비프 스테이크의 풍미가 입안 한가득
64	0	381	오픈 준비 중
64	30	36	치킨 슬라이스 (30cm세트)
64	66	155	써브웨이 창동역점 내 메뉴를 찾아보세요
64	142	36	담백한 치킨 슬라이스로 맛과 건강까지 한입에
64	151	236	시그니처랩 세트
64	151	456	시그니처랩 단품
64	151	676	쿠키
64	151	780	칩
64	151	862	음료
64	155	114	30cm
64	182	51	1 / 5
64	190	63	100% (1개)
64	248	335	써브웨이 창동역점
64	264	36	머쉬룸 (30cm세트)
64	298	404	4.8(6,225)
64	318	36	17,600원
64	376	36	썹픽 레시피 : 파마산 오레가노, 아메리칸 치즈, 양상추, 토마토, 피망, 양파, 오이, 랜치, 후추 /  버섯의 건강함을 그대로 담아 신선한 야채와 함께 담백하게 즐기는 샌드위치
64	454	63	100% (2개)
64	454	149	ㆍ
64	454	193	리뷰 (1)
64	528	36	참치 (30cm세트)
64	582	36	17,200원
64	640	36	썹픽 레시피 : 파마산 오레가노, 슈레드 치즈, 양상추, 토마토, 피망, 양파, 오이, 스위트 칠리, 랜치 /  남녀노소 누구나 좋아하는 담백한 참치와 고소한 마요네즈의 완벽한 조화
64	718	63	100% (13개)
64	718	159	ㆍ
64	718	203	리뷰 (15)
64	792	36	에그 슬라이스 (30cm세트)
64	846	36	15,500원
64	904	36	썹픽 레시피 : 위트, 모차렐라 치즈, 양상추, 토마토, 피망, 양파, 오이, 올리브, 스위트 칠리, 랜치 / 달걀의 신선함과 담백함을 그대로 담아 맛도, 영양도 사로잡은 샌드위치를 입안 가득 즐겨보세요.
64	982	63	100% (2개)
64	982	149	ㆍ
64	982	193	리뷰 (2)
64	1056	36	베지 (30cm세트)
64	1110	36	15,000원
64	1168	36	썹픽 레시피 : 각종 야채, 허니오트, 아메리칸 치즈, 양상추, 토마토, 피망, 양파, 오이, 올리브 오일, 레드 와인 식초
64	1276	36	안창 비프&머쉬룸 (30cm)
64	1330	36	18,800원
64	1388	36	썹픽 레시피 : 위트, 아메리칸 치즈, 양상추, 토마토, 피망, 양파, 오이, 스위트 어니언, 랜치 / 부드럽고 풍미 넘치는 안창살과 담백하고 건강한 머쉬룸이 함께 어우러져 이루는 맛있는 조합의 샌드위치
64	1417	121	지금 와우 가입하면 배달비 0원 + 25,000원 쿠폰
64	1434	781	가입하기
64	1466	63	100% (19개)
64	1466	159	ㆍ
64	1466	203	리뷰 (33)
64	1516	0	준비중
64	1540	36	스테이크 & 치즈 (30cm)
64	1594	36	18,000원
65	0	0	99% (99개)
65	0	0	ㆍ
65	0	0	리뷰 (132)
65	0	0	썹픽 레시피 : 화이트, 아메리칸 치즈, 양상추, 토마토, 피망, 양파, 오이, 스위트 칠리, 랜치 / 닭 가슴살과 다리살을 써브웨이 만의 비율로 배합한 치킨을 손으로 찢어 더욱 부드럽게 즐기는 메뉴!
65	0	381	오픈 준비 중
65	40	36	참치 (30cm세트)
65	66	155	써브웨이 창동역점 내 메뉴를 찾아보세요
65	132	36	17,200원
65	151	236	시그니처랩 세트
65	151	456	시그니처랩 단품
65	151	676	쿠키
65	151	780	칩
65	151	862	음료
65	152	36	썹픽 레시피 : 파마산 오레가노, 슈레드 치즈, 양상추, 토마토, 피망, 양파, 오이, 스위트 칠리, 랜치 /  남녀노소 누구나 좋아하는 담백한 참치와 고소한 마요네즈의 완벽한 조화
65	155	114	30cm
65	182	51	1 / 5
65	230	63	100% (13개)
65	230	159	ㆍ
65	230	203	리뷰 (15)
65	248	335	써브웨이 창동역점
65	298	404	4.8(6,225)
65	304	36	에그 슬라이스 (30cm세트)
65	358	36	15,500원
65	416	36	썹픽 레시피 : 위트, 모차렐라 치즈, 양상추, 토마토, 피망, 양파, 오이, 올리브, 스위트 칠리, 랜치 / 달걀의 신선함과 담백함을 그대로 담아 맛도, 영양도 사로잡은 샌드위치를 입안 가득 즐겨보세요.
65	494	63	100% (2개)
65	494	149	ㆍ
65	494	193	리뷰 (2)
65	568	36	베지 (30cm세트)
65	622	36	15,000원
65	680	36	썹픽 레시피 : 각종 야채, 허니오트, 아메리칸 치즈, 양상추, 토마토, 피망, 양파, 오이, 올리브 오일, 레드 와인 식초
65	788	36	안창 비프&머쉬룸 (30cm)
65	842	36	18,800원
65	900	36	썹픽 레시피 : 위트, 아메리칸 치즈, 양상추, 토마토, 피망, 양파, 오이, 스위트 어니언, 랜치 / 부드럽고 풍미 넘치는 안창살과 담백하고 건강한 머쉬룸이 함께 어우러져 이루는 맛있는 조합의 샌드위치
65	978	63	100% (19개)
65	978	159	ㆍ
65	978	203	리뷰 (33)
65	1052	36	스테이크 & 치즈 (30cm)
65	1106	36	18,000원
65	1164	36	썹픽 레시피 : 화이트, 아메리칸 치즈, 양상추, 토마토, 피망, 양파, 오이, 올리브, 피클, 할라피뇨, 마요네즈, 사우스웨스트 치폴레 / 육즙이 쫙~풍부한 비프 스테이크의 풍미가 입안 한가득
65	1242	63	100% (66개)
65	1242	159	ㆍ
65	1242	203	리뷰 (68)
65	1316	36	이탈리안 비엠티 (30cm)
65	1370	36	15,600원
65	1417	121	지금 와우 가입하면 배달비 0원 + 25,000원 쿠폰
65	1428	36	페퍼로니, 살라미 그리고 잠봉이 만들어내는 최상의 조화 전세계가 사랑하는 써브웨이의 베스트셀러 Biggest Meatiest Tastiest, B.M.T.
65	1434	781	가입하기
65	1506	63	99% (203개)
65	1506	159	ㆍ
65	1506	203	리뷰 (236)
65	1516	0	준비중
65	1580	36	로티세리 바비큐 치킨 (30cm)
66	0	0	89% (9개)
66	0	0	ㆍ
66	0	0	리뷰 (11)
66	0	0	썹픽 레시피 : 화이트, 아메리칸 치즈, 양상추, 토마토, 피망, 양파, 오이, 올리브, 스위트 칠리, 랜치 / 안창살을 써브웨의만의 이국적인 특제 시즈닝을 더해 더 부드럽고, 더 풍미있게 즐기는 프리미엄 샌드위치
66	0	0	안창 비프 (30cm)
66	0	381	오픈 준비 중
66	66	155	써브웨이 창동역점 내 메뉴를 찾아보세요
66	77	36	베지 (30cm세트)
66	132	36	15,000원
66	151	236	시그니처랩 세트
66	151	456	시그니처랩 단품
66	151	676	쿠키
66	151	780	칩
66	151	862	음료
66	155	114	30cm
66	182	51	1 / 5
66	189	36	썹픽 레시피 : 각종 야채, 허니오트, 아메리칸 치즈, 양상추, 토마토, 피망, 양파, 오이, 올리브 오일, 레드 와인 식초
66	248	335	써브웨이 창동역점
66	297	36	안창 비프&머쉬룸 (30cm)
66	298	404	4.8(6,225)
66	351	36	18,800원
66	409	36	썹픽 레시피 : 위트, 아메리칸 치즈, 양상추, 토마토, 피망, 양파, 오이, 스위트 어니언, 랜치 / 부드럽고 풍미 넘치는 안창살과 담백하고 건강한 머쉬룸이 함께 어우러져 이루는 맛있는 조합의 샌드위치
66	487	63	100% (19개)
66	487	159	ㆍ
66	487	203	리뷰 (33)
66	561	36	스테이크 & 치즈 (30cm)
66	615	36	18,000원
66	673	36	썹픽 레시피 : 화이트, 아메리칸 치즈, 양상추, 토마토, 피망, 양파, 오이, 올리브, 피클, 할라피뇨, 마요네즈, 사우스웨스트 치폴레 / 육즙이 쫙~풍부한 비프 스테이크의 풍미가 입안 한가득
66	751	63	100% (66개)
66	751	159	ㆍ
66	751	203	리뷰 (68)
66	825	36	이탈리안 비엠티 (30cm)
66	879	36	15,600원
66	937	36	페퍼로니, 살라미 그리고 잠봉이 만들어내는 최상의 조화 전세계가 사랑하는 써브웨이의 베스트셀러 Biggest Meatiest Tastiest, B.M.T.
66	1015	63	99% (203개)
66	1015	159	ㆍ
66	1015	203	리뷰 (236)
66	1089	36	로티세리 바비큐 치킨 (30cm)
66	1143	36	16,500원
66	1201	36	썹픽 레시피 : 화이트, 아메리칸 치즈, 양상추, 토마토, 피망, 양파, 오이, 스위트 칠리, 랜치 / 닭 가슴살과 다리살을 써브웨이 만의 비율로 배합한 치킨을 손으로 찢어 더욱 부드럽게 즐기는 메뉴!
66	1279	63	99% (99개)
66	1279	149	ㆍ
66	1279	193	리뷰 (132)
66	1353	36	에그마요 (30cm)
66	1407	36	13,200원
66	1417	121	지금 와우 가입하면 배달비 0원 + 25,000원 쿠폰
66	1434	781	가입하기
66	1465	36	썹픽 레시피 : 플랫브레드, 슈레드 치즈, 양상추, 토마토, 피망, 양파, 오이, 스위트 칠리, 랜치
66	1516	0	준비중
66	1543	63	100% (82개)
66	1543	159	ㆍ
66	1543	203	리뷰 (90)
67	0	0	담백한 치킨 슬라이스에 고소한 베이컨과 아보카도까지 건강하고 든든하게
67	0	0	리뷰 (4)
67	0	381	오픈 준비 중
67	65	36	스테이크 & 치즈 (30cm)
67	66	155	써브웨이 창동역점 내 메뉴를 찾아보세요
67	132	36	18,000원
67	151	236	시그니처랩 세트
67	151	456	시그니처랩 단품
67	151	676	쿠키
67	151	780	칩
67	151	862	음료
67	155	114	30cm
67	177	36	썹픽 레시피 : 화이트, 아메리칸 치즈, 양상추, 토마토, 피망, 양파, 오이, 올리브, 피클, 할라피뇨, 마요네즈, 사우스웨스트 치폴레 / 육즙이 쫙~풍부한 비프 스테이크의 풍미가 입안 한가득
67	182	51	1 / 5
67	248	335	써브웨이 창동역점
67	255	63	100% (66개)
67	255	159	ㆍ
67	255	203	리뷰 (68)
67	298	404	4.8(6,225)
67	329	36	이탈리안 비엠티 (30cm)
67	383	36	15,600원
67	441	36	페퍼로니, 살라미 그리고 잠봉이 만들어내는 최상의 조화 전세계가 사랑하는 써브웨이의 베스트셀러 Biggest Meatiest Tastiest, B.M.T.
67	519	63	99% (203개)
67	519	159	ㆍ
67	519	203	리뷰 (236)
67	593	36	로티세리 바비큐 치킨 (30cm)
67	647	36	16,500원
67	705	36	썹픽 레시피 : 화이트, 아메리칸 치즈, 양상추, 토마토, 피망, 양파, 오이, 스위트 칠리, 랜치 / 닭 가슴살과 다리살을 써브웨이 만의 비율로 배합한 치킨을 손으로 찢어 더욱 부드럽게 즐기는 메뉴!
67	783	63	99% (99개)
67	783	149	ㆍ
67	783	193	리뷰 (132)
67	857	36	에그마요 (30cm)
67	911	36	13,200원
67	969	36	썹픽 레시피 : 플랫브레드, 슈레드 치즈, 양상추, 토마토, 피망, 양파, 오이, 스위트 칠리, 랜치
67	1047	63	100% (82개)
67	1047	159	ㆍ
67	1047	203	리뷰 (90)
67	1121	36	안창 비프 (30cm)
67	1175	36	22,300원
67	1233	36	썹픽 레시피 : 화이트, 아메리칸 치즈, 양상추, 토마토, 피망, 양파, 오이, 올리브, 스위트 칠리, 랜치 / 안창살을 써브웨의만의 이국적인 특제 시즈닝을 더해 더 부드럽고, 더 풍미있게 즐기는 프리미엄 샌드위치
67	1311	63	89% (9개)
67	1311	139	ㆍ
67	1311	183	리뷰 (11)
67	1385	36	잠봉 플러스 (30cm)
67	1417	121	지금 와우 가입하면 배달비 0원 + 25,000원 쿠폰
67	1434	781	가입하기
67	1439	36	18,200원
67	1497	36	깊게 번지는 잠봉의 풍미를 더욱 풍성하게 느껴보세요.
67	1516	0	준비중
67	1583	36	치킨 베이컨 아보카도 (30cm)
68	0	0	리뷰 (22)
68	0	0	썹픽 레시피 : 파마산 오레가노, 슈레드 치즈, 양상추, 토마토, 피망, 양파, 올리브, 스위트 칠리, 랜치 / 탱글한 쉬림프 5마리가 그대로, 신선하고 담백한 쉬림프의 맛 그대로 즐겨보세요!
68	0	381	오픈 준비 중
68	66	155	써브웨이 창동역점 내 메뉴를 찾아보세요
68	103	36	로티세리 바비큐 치킨 (30cm)
68	151	236	시그니처랩 세트
68	151	456	시그니처랩 단품
68	151	676	쿠키
68	151	780	칩
68	151	862	음료
68	155	114	30cm
68	157	36	16,500원
68	182	51	1 / 5
68	215	36	썹픽 레시피 : 화이트, 아메리칸 치즈, 양상추, 토마토, 피망, 양파, 오이, 스위트 칠리, 랜치 / 닭 가슴살과 다리살을 써브웨이 만의 비율로 배합한 치킨을 손으로 찢어 더욱 부드럽게 즐기는 메뉴!
68	248	335	써브웨이 창동역점
68	293	63	99% (99개)
68	293	149	ㆍ
68	293	193	리뷰 (132)
68	298	404	4.8(6,225)
68	367	36	에그마요 (30cm)
68	421	36	13,200원
68	479	36	썹픽 레시피 : 플랫브레드, 슈레드 치즈, 양상추, 토마토, 피망, 양파, 오이, 스위트 칠리, 랜치
68	557	63	100% (82개)
68	557	159	ㆍ
68	557	203	리뷰 (90)
68	631	36	안창 비프 (30cm)
68	685	36	22,300원
68	743	36	썹픽 레시피 : 화이트, 아메리칸 치즈, 양상추, 토마토, 피망, 양파, 오이, 올리브, 스위트 칠리, 랜치 / 안창살을 써브웨의만의 이국적인 특제 시즈닝을 더해 더 부드럽고, 더 풍미있게 즐기는 프리미엄 샌드위치
68	821	63	89% (9개)
68	821	139	ㆍ
68	821	183	리뷰 (11)
68	895	36	잠봉 플러스 (30cm)
68	949	36	18,200원
68	1007	36	깊게 번지는 잠봉의 풍미를 더욱 풍성하게 느껴보세요.
68	1093	36	치킨 베이컨 아보카도 (30cm)
68	1147	36	17,500원
68	1205	36	담백한 치킨 슬라이스에 고소한 베이컨과 아보카도까지 건강하고 든든하게
68	1253	63	리뷰 (4)
68	1327	36	스파이시 쉬림프 (30cm)
68	1381	36	17,300원
68	1417	121	지금 와우 가입하면 배달비 0원 + 25,000원 쿠폰
68	1434	781	가입하기
68	1439	36	썹픽 레시피 : 화이트, 아메리칸 치즈, 양상추, 토마토, 피망, 양파, 올리브, 마요네즈, 홀스래디쉬 / 탱글한 쉬림프에 이국적인 시즈닝을 더해 색다른 매콤함을 만나보세요.
68	1516	0	준비중
68	1517	63	리뷰 (13)
68	1591	36	쉬림프 (30cm)
69	0	381	오픈 준비 중
69	66	155	써브웨이 창동역점 내 메뉴를 찾아보세요
69	143	36	안창 비프 (30cm)
69	151	236	시그니처랩 세트
69	151	456	시그니처랩 단품
69	151	676	쿠키
69	151	780	칩
69	151	862	음료
69	155	114	30cm
69	182	51	1 / 5
69	197	36	22,300원
69	248	335	써브웨이 창동역점
69	255	36	썹픽 레시피 : 화이트, 아메리칸 치즈, 양상추, 토마토, 피망, 양파, 오이, 올리브, 스위트 칠리, 랜치 / 안창살을 써브웨의만의 이국적인 특제 시즈닝을 더해 더 부드럽고, 더 풍미있게 즐기는 프리미엄 샌드위치
69	298	404	4.8(6,225)
69	333	63	89% (9개)
69	333	139	ㆍ
69	333	183	리뷰 (11)
69	407	36	잠봉 플러스 (30cm)
69	461	36	18,200원
69	519	36	깊게 번지는 잠봉의 풍미를 더욱 풍성하게 느껴보세요.
69	605	36	치킨 베이컨 아보카도 (30cm)
69	659	36	17,500원
69	717	36	담백한 치킨 슬라이스에 고소한 베이컨과 아보카도까지 건강하고 든든하게
69	765	63	리뷰 (4)
69	839	36	스파이시 쉬림프 (30cm)
69	893	36	17,300원
69	951	36	썹픽 레시피 : 화이트, 아메리칸 치즈, 양상추, 토마토, 피망, 양파, 올리브, 마요네즈, 홀스래디쉬 / 탱글한 쉬림프에 이국적인 시즈닝을 더해 색다른 매콤함을 만나보세요.
69	1029	63	리뷰 (13)
69	1103	36	쉬림프 (30cm)
69	1157	36	16,900원
69	1215	36	썹픽 레시피 : 파마산 오레가노, 슈레드 치즈, 양상추, 토마토, 피망, 양파, 올리브, 스위트 칠리, 랜치 / 탱글한 쉬림프 5마리가 그대로, 신선하고 담백한 쉬림프의 맛 그대로 즐겨보세요!
69	1293	63	리뷰 (22)
69	1367	36	로스트 치킨 (30cm)
69	1417	121	지금 와우 가입하면 배달비 0원 + 25,000원 쿠폰
69	1421	36	16,500원
69	1434	781	가입하기
69	1479	36	썹픽 레시피 : 파마산 오레가노, 슈레드 치즈, 양상추, 토마토, 피망, 양파, 오이 / 오븐에 구워 담백한 닭 가슴살 치킨 패티로 맛과 영양 모두를 만족시키는 메뉴.
69	1516	0	준비중
69	1557	63	리뷰 (86)
70	0	381	오픈 준비 중
70	66	155	써브웨이 창동역점 내 메뉴를 찾아보세요
70	114	36	치킨 베이컨 아보카도 (30cm)
70	151	236	시그니처랩 세트
70	151	456	시그니처랩 단품
70	151	676	쿠키
70	151	780	칩
70	151	862	음료
70	155	114	30cm
70	168	36	17,500원
70	182	51	1 / 5
70	226	36	담백한 치킨 슬라이스에 고소한 베이컨과 아보카도까지 건강하고 든든하게
70	248	335	써브웨이 창동역점
70	274	63	리뷰 (4)
70	298	404	4.8(6,225)
70	348	36	스파이시 쉬림프 (30cm)
70	402	36	17,300원
70	460	36	썹픽 레시피 : 화이트, 아메리칸 치즈, 양상추, 토마토, 피망, 양파, 올리브, 마요네즈, 홀스래디쉬 / 탱글한 쉬림프에 이국적인 시즈닝을 더해 색다른 매콤함을 만나보세요.
70	538	63	리뷰 (13)
70	612	36	쉬림프 (30cm)
70	666	36	16,900원
70	724	36	썹픽 레시피 : 파마산 오레가노, 슈레드 치즈, 양상추, 토마토, 피망, 양파, 올리브, 스위트 칠리, 랜치 / 탱글한 쉬림프 5마리가 그대로, 신선하고 담백한 쉬림프의 맛 그대로 즐겨보세요!
70	802	63	리뷰 (22)
70	876	36	로스트 치킨 (30cm)
70	930	36	16,500원
70	988	36	썹픽 레시피 : 파마산 오레가노, 슈레드 치즈, 양상추, 토마토, 피망, 양파, 오이 / 오븐에 구워 담백한 닭 가슴살 치킨 패티로 맛과 영양 모두를 만족시키는 메뉴.
70	1066	63	리뷰 (86)
70	1140	36	풀드포크 바비큐 (30cm)
70	1194	36	16,300원
70	1252	36	썹픽 레시피 : 풀드포크 1스쿱, 허니오트, 아메리칸 치즈, 양상추, 토마토, 피망, 양파, 오이, 랜치, 스모크 바비큐
70	1330	63	리뷰 (82)
70	1404	36	써브웨이 클럽 (30cm)
70	1417	121	지금 와우 가입하면 배달비 0원 + 25,000원 쿠폰
70	1434	781	가입하기
70	1458	36	16,100원
70	1516	0	준비중
70	1516	36	고소한 베이컨, 담백한 치킨 슬라이스에 잠봉까지 더해 완벽해진 조화를 즐겨보세요.
70	1594	63	리뷰 (102)
71	0	0	리뷰 (25)
71	0	381	오픈 준비 중
71	66	155	써브웨이 창동역점 내 메뉴를 찾아보세요
71	119	36	쉬림프 (30cm)
71	151	236	시그니처랩 세트
71	151	456	시그니처랩 단품
71	151	676	쿠키
71	151	780	칩
71	151	862	음료
71	155	114	30cm
71	173	36	16,900원
71	182	51	1 / 5
71	231	36	썹픽 레시피 : 파마산 오레가노, 슈레드 치즈, 양상추, 토마토, 피망, 양파, 올리브, 스위트 칠리, 랜치 / 탱글한 쉬림프 5마리가 그대로, 신선하고 담백한 쉬림프의 맛 그대로 즐겨보세요!
71	248	335	써브웨이 창동역점
71	298	404	4.8(6,225)
71	309	63	리뷰 (22)
71	383	36	로스트 치킨 (30cm)
71	437	36	16,500원
71	495	36	썹픽 레시피 : 파마산 오레가노, 슈레드 치즈, 양상추, 토마토, 피망, 양파, 오이 / 오븐에 구워 담백한 닭 가슴살 치킨 패티로 맛과 영양 모두를 만족시키는 메뉴.
71	573	63	리뷰 (86)
71	647	36	풀드포크 바비큐 (30cm)
71	701	36	16,300원
71	759	36	썹픽 레시피 : 풀드포크 1스쿱, 허니오트, 아메리칸 치즈, 양상추, 토마토, 피망, 양파, 오이, 랜치, 스모크 바비큐
71	837	63	리뷰 (82)
71	911	36	써브웨이 클럽 (30cm)
71	965	36	16,100원
71	1023	36	고소한 베이컨, 담백한 치킨 슬라이스에 잠봉까지 더해 완벽해진 조화를 즐겨보세요.
71	1101	63	리뷰 (102)
71	1175	36	치킨 데리야끼 (30cm)
71	1229	36	15,800원
71	1287	36	썹픽 레시피 : 화이트, 아메리칸 치즈, 양상추, 토마토, 피망, 양파, 올리브, 마요네즈, 홀스래디쉬
71	1365	63	리뷰 (20)
71	1417	121	지금 와우 가입하면 배달비 0원 + 25,000원 쿠폰
71	1434	781	가입하기
71	1439	36	스파이시 이탈리안 (30cm)
71	1493	36	15,600원
71	1516	0	준비중
71	1551	36	썹픽 레시피 : 플랫브레드, 슈레드 치즈, 양상추, 토마토, 피망, 양파, 오이, 스위트 어니언, 랜치 / 페퍼로니 & 살라미가 입안 가득, 페퍼로니의 부드러운 매콤함을 만나보세요.
72	0	0	리뷰 (20)
72	0	381	오픈 준비 중
72	66	155	써브웨이 창동역점 내 메뉴를 찾아보세요
72	150	36	풀드포크 바비큐 (30cm)
72	151	236	시그니처랩 세트
72	151	456	시그니처랩 단품
72	151	676	쿠키
72	151	780	칩
72	151	862	음료
72	155	114	30cm
72	182	51	1 / 5
72	204	36	16,300원
72	248	335	써브웨이 창동역점
72	262	36	썹픽 레시피 : 풀드포크 1스쿱, 허니오트, 아메리칸 치즈, 양상추, 토마토, 피망, 양파, 오이, 랜치, 스모크 바비큐
72	298	404	4.8(6,225)
72	340	63	리뷰 (82)
72	414	36	써브웨이 클럽 (30cm)
72	468	36	16,100원
72	526	36	고소한 베이컨, 담백한 치킨 슬라이스에 잠봉까지 더해 완벽해진 조화를 즐겨보세요.
72	604	63	리뷰 (102)
72	678	36	치킨 데리야끼 (30cm)
72	732	36	15,800원
72	790	36	썹픽 레시피 : 화이트, 아메리칸 치즈, 양상추, 토마토, 피망, 양파, 올리브, 마요네즈, 홀스래디쉬
72	868	63	리뷰 (20)
72	942	36	스파이시 이탈리안 (30cm)
72	996	36	15,600원
72	1054	36	썹픽 레시피 : 플랫브레드, 슈레드 치즈, 양상추, 토마토, 피망, 양파, 오이, 스위트 어니언, 랜치 / 페퍼로니 & 살라미가 입안 가득, 페퍼로니의 부드러운 매콤함을 만나보세요.
72	1132	63	리뷰 (25)
72	1206	36	잠봉 (30cm)
72	1260	36	15,500원
72	1318	36	깊게 번지는 잠봉의 풍미를 느껴보세요.
72	1366	63	리뷰 (12)
72	1417	121	지금 와우 가입하면 배달비 0원 + 25,000원 쿠폰
72	1434	781	가입하기
72	1440	36	비엘티 (30cm)
72	1494	36	15,200원
72	1516	0	준비중
72	1552	36	썹픽 레시피 : 위트, 모차렐라 치즈, 양상추, 토마토, 피망, 양파, 오이, 랜치, 사우스웨스트 치폴레
73	0	0	리뷰 (2)
73	0	0	써브웨이 클럽 (30cm)
73	0	381	오픈 준비 중
73	38	36	고소한 베이컨, 담백한 치킨 슬라이스에 잠봉까지 더해 완벽해진 조화를 즐겨보세요.
73	66	155	써브웨이 창동역점 내 메뉴를 찾아보세요
73	116	63	리뷰 (102)
73	151	236	시그니처랩 세트
73	151	456	시그니처랩 단품
73	151	676	쿠키
73	151	780	칩
73	151	862	음료
73	155	114	30cm
73	182	51	1 / 5
73	190	36	치킨 데리야끼 (30cm)
73	244	36	15,800원
73	248	335	써브웨이 창동역점
73	298	404	4.8(6,225)
73	302	36	썹픽 레시피 : 화이트, 아메리칸 치즈, 양상추, 토마토, 피망, 양파, 올리브, 마요네즈, 홀스래디쉬
73	380	63	리뷰 (20)
73	454	36	스파이시 이탈리안 (30cm)
73	508	36	15,600원
73	566	36	썹픽 레시피 : 플랫브레드, 슈레드 치즈, 양상추, 토마토, 피망, 양파, 오이, 스위트 어니언, 랜치 / 페퍼로니 & 살라미가 입안 가득, 페퍼로니의 부드러운 매콤함을 만나보세요.
73	644	63	리뷰 (25)
73	718	36	잠봉 (30cm)
73	772	36	15,500원
73	830	36	깊게 번지는 잠봉의 풍미를 느껴보세요.
73	878	63	리뷰 (12)
73	952	36	비엘티 (30cm)
73	1006	36	15,200원
73	1064	36	썹픽 레시피 : 위트, 모차렐라 치즈, 양상추, 토마토, 피망, 양파, 오이, 랜치, 사우스웨스트 치폴레
73	1142	63	리뷰 (20)
73	1216	36	치킨 슬라이스 (30cm)
73	1270	36	13,900원
73	1328	36	담백한 치킨 슬라이스로 맛과 건강까지 한입에
73	1414	36	머쉬룸 (30cm)
73	1417	121	지금 와우 가입하면 배달비 0원 + 25,000원 쿠폰
73	1434	781	가입하기
73	1468	36	13,900원
73	1516	0	준비중
73	1526	36	썹픽 레시피 : 파마산 오레가노, 아메리칸 치즈, 양상추, 토마토, 피망, 양파, 오이, 랜치, 후추 / 버섯의 건강함을 그대로 담아 신선한 야채와 함께 담백하게 즐기는 샌드위치
74	0	0	리뷰 (6)
74	0	36	스파이시 이탈리안 (30cm)
74	0	381	오픈 준비 중
74	66	155	써브웨이 창동역점 내 메뉴를 찾아보세요
74	80	36	썹픽 레시피 : 플랫브레드, 슈레드 치즈, 양상추, 토마토, 피망, 양파, 오이, 스위트 어니언, 랜치 / 페퍼로니 & 살라미가 입안 가득, 페퍼로니의 부드러운 매콤함을 만나보세요.
74	151	236	시그니처랩 세트
74	151	456	시그니처랩 단품
74	151	676	쿠키
74	151	780	칩
74	151	862	음료
74	155	114	30cm
74	158	63	리뷰 (25)
74	182	51	1 / 5
74	232	36	잠봉 (30cm)
74	248	335	써브웨이 창동역점
74	286	36	15,500원
74	298	404	4.8(6,225)
74	344	36	깊게 번지는 잠봉의 풍미를 느껴보세요.
74	392	63	리뷰 (12)
74	466	36	비엘티 (30cm)
74	520	36	15,200원
74	578	36	썹픽 레시피 : 위트, 모차렐라 치즈, 양상추, 토마토, 피망, 양파, 오이, 랜치, 사우스웨스트 치폴레
74	656	63	리뷰 (20)
74	730	36	치킨 슬라이스 (30cm)
74	784	36	13,900원
74	842	36	담백한 치킨 슬라이스로 맛과 건강까지 한입에
74	928	36	머쉬룸 (30cm)
74	982	36	13,900원
74	1040	36	썹픽 레시피 : 파마산 오레가노, 아메리칸 치즈, 양상추, 토마토, 피망, 양파, 오이, 랜치, 후추 / 버섯의 건강함을 그대로 담아 신선한 야채와 함께 담백하게 즐기는 샌드위치
74	1118	63	리뷰 (2)
74	1192	36	참치 (30cm)
74	1246	36	13,500원
74	1304	36	썹픽 레시피 : 파마산 오레가노, 슈레드 치즈, 양상추, 토마토, 피망, 양파, 오이, 스위트 칠리, 랜치 / 남녀노소 누구나 좋아하는 담백한 참치와 고소한 마요네즈의 완벽한 조화
74	1382	63	리뷰 (34)
74	1417	121	지금 와우 가입하면 배달비 0원 + 25,000원 쿠폰
74	1434	781	가입하기
74	1456	36	에그 슬라이스 (30cm)
74	1510	36	11,800원
74	1516	0	준비중
74	1568	36	썹픽 레시피 : 위트, 모차렐라 치즈, 양상추, 토마토, 피망, 양파, 오이, 올리브, 스위트 칠리, 랜치 / 달걀의 신선함과 담백함을 그대로 담아 맛도, 영양도 사로잡은 샌드위치를 입안 가득 즐겨보세요.
75	0	0	고소한 에그마요와 탱글한 통새우의 만남, 부드럽고 담백한 조화를 즐겨보세요!
75	0	0	리뷰 (7)
75	0	0	쉬림프 에그마요 랩 세트
75	0	36	비엘티 (30cm)
75	0	381	오픈 준비 중
75	66	155	써브웨이 창동역점 내 메뉴를 찾아보세요
75	95	36	썹픽 레시피 : 위트, 모차렐라 치즈, 양상추, 토마토, 피망, 양파, 오이, 랜치, 사우스웨스트 치폴레
75	151	236	시그니처랩 세트
75	151	456	시그니처랩 단품
75	151	676	쿠키
75	151	780	칩
75	151	862	음료
75	155	114	30cm
75	173	63	리뷰 (20)
75	182	51	1 / 5
75	247	36	치킨 슬라이스 (30cm)
75	248	335	써브웨이 창동역점
75	298	404	4.8(6,225)
75	301	36	13,900원
75	359	36	담백한 치킨 슬라이스로 맛과 건강까지 한입에
75	445	36	머쉬룸 (30cm)
75	499	36	13,900원
75	557	36	썹픽 레시피 : 파마산 오레가노, 아메리칸 치즈, 양상추, 토마토, 피망, 양파, 오이, 랜치, 후추 / 버섯의 건강함을 그대로 담아 신선한 야채와 함께 담백하게 즐기는 샌드위치
75	635	63	리뷰 (2)
75	709	36	참치 (30cm)
75	763	36	13,500원
75	821	36	썹픽 레시피 : 파마산 오레가노, 슈레드 치즈, 양상추, 토마토, 피망, 양파, 오이, 스위트 칠리, 랜치 / 남녀노소 누구나 좋아하는 담백한 참치와 고소한 마요네즈의 완벽한 조화
75	899	63	리뷰 (34)
75	973	36	에그 슬라이스 (30cm)
75	1027	36	11,800원
75	1085	36	썹픽 레시피 : 위트, 모차렐라 치즈, 양상추, 토마토, 피망, 양파, 오이, 올리브, 스위트 칠리, 랜치 / 달걀의 신선함과 담백함을 그대로 담아 맛도, 영양도 사로잡은 샌드위치를 입안 가득 즐겨보세요.
75	1163	63	리뷰 (6)
75	1237	36	베지 (30cm)
75	1291	36	11,300원
75	1349	36	썹픽 레시피 : 각종 야채, 허니오트, 아메리칸 치즈, 양상추, 토마토, 피망, 양파, 오이, 올리브 오일, 레드 와인 식초
75	1417	121	지금 와우 가입하면 배달비 0원 + 25,000원 쿠폰
75	1427	63	리뷰 (16)
75	1434	781	가입하기
75	1516	0	준비중
75	1531	42	시그니처랩 세트
76	0	0	리뷰 (5)
76	0	0	머쉬룸 (30cm)
76	0	381	오픈 준비 중
76	62	36	썹픽 레시피 : 파마산 오레가노, 아메리칸 치즈, 양상추, 토마토, 피망, 양파, 오이, 랜치, 후추 / 버섯의 건강함을 그대로 담아 신선한 야채와 함께 담백하게 즐기는 샌드위치
76	66	155	써브웨이 창동역점 내 메뉴를 찾아보세요
76	140	63	리뷰 (2)
76	151	236	시그니처랩 세트
76	151	456	시그니처랩 단품
76	151	676	쿠키
76	151	780	칩
76	151	862	음료
76	155	114	30cm
76	182	51	1 / 5
76	214	36	참치 (30cm)
76	248	335	써브웨이 창동역점
76	268	36	13,500원
76	298	404	4.8(6,225)
76	326	36	썹픽 레시피 : 파마산 오레가노, 슈레드 치즈, 양상추, 토마토, 피망, 양파, 오이, 스위트 칠리, 랜치 / 남녀노소 누구나 좋아하는 담백한 참치와 고소한 마요네즈의 완벽한 조화
76	404	63	리뷰 (34)
76	478	36	에그 슬라이스 (30cm)
76	532	36	11,800원
76	590	36	썹픽 레시피 : 위트, 모차렐라 치즈, 양상추, 토마토, 피망, 양파, 오이, 올리브, 스위트 칠리, 랜치 / 달걀의 신선함과 담백함을 그대로 담아 맛도, 영양도 사로잡은 샌드위치를 입안 가득 즐겨보세요.
76	668	63	리뷰 (6)
76	742	36	베지 (30cm)
76	796	36	11,300원
76	854	36	썹픽 레시피 : 각종 야채, 허니오트, 아메리칸 치즈, 양상추, 토마토, 피망, 양파, 오이, 올리브 오일, 레드 와인 식초
76	932	63	리뷰 (16)
76	1036	42	시그니처랩 세트
76	1118	36	쉬림프 에그마요 랩 세트
76	1172	36	11,400원
76	1230	36	고소한 에그마요와 탱글한 통새우의 만남, 부드럽고 담백한 조화를 즐겨보세요!
76	1308	63	리뷰 (7)
76	1382	36	치킨 베이컨 미니랩 세트
76	1417	121	지금 와우 가입하면 배달비 0원 + 25,000원 쿠폰
76	1434	781	가입하기
76	1436	36	8,600원
76	1494	63	리뷰 (4)
76	1516	0	준비중
76	1580	36	스테이크앤치즈 아보카도 랩 세트
77	0	0	고소한 에그마요와 탱글한 통새우의 만남, 부드럽고 담백한 조화를 즐겨보세요!
77	0	0	리뷰 (52)
77	0	0	쉬림프 에그마요 랩
77	0	36	에그 슬라이스 (30cm)
77	0	381	오픈 준비 중
77	66	155	써브웨이 창동역점 내 메뉴를 찾아보세요
77	105	36	썹픽 레시피 : 위트, 모차렐라 치즈, 양상추, 토마토, 피망, 양파, 오이, 올리브, 스위트 칠리, 랜치 / 달걀의 신선함과 담백함을 그대로 담아 맛도, 영양도 사로잡은 샌드위치를 입안 가득 즐겨보세요.
77	151	236	시그니처랩 세트
77	151	456	시그니처랩 단품
77	151	676	쿠키
77	151	780	칩
77	151	862	음료
77	155	114	30cm
77	182	51	1 / 5
77	183	63	리뷰 (6)
77	248	335	써브웨이 창동역점
77	257	36	베지 (30cm)
77	298	404	4.8(6,225)
77	311	36	11,300원
77	369	36	썹픽 레시피 : 각종 야채, 허니오트, 아메리칸 치즈, 양상추, 토마토, 피망, 양파, 오이, 올리브 오일, 레드 와인 식초
77	447	63	리뷰 (16)
77	551	42	시그니처랩 세트
77	633	36	쉬림프 에그마요 랩 세트
77	687	36	11,400원
77	745	36	고소한 에그마요와 탱글한 통새우의 만남, 부드럽고 담백한 조화를 즐겨보세요!
77	823	63	리뷰 (7)
77	897	36	치킨 베이컨 미니랩 세트
77	951	36	8,600원
77	1009	63	리뷰 (4)
77	1095	36	스테이크앤치즈 아보카도 랩 세트
77	1149	36	11,800원
77	1207	63	리뷰 (5)
77	1323	42	시그니처랩 단품
77	1405	36	스테이크앤치즈 아보카도 랩
77	1417	121	지금 와우 가입하면 배달비 0원 + 25,000원 쿠폰
77	1434	781	가입하기
77	1459	36	8,100원
77	1516	0	준비중
77	1517	63	리뷰 (51)
78	0	381	오픈 준비 중
78	66	155	써브웨이 창동역점 내 메뉴를 찾아보세요
78	142	36	쉬림프 에그마요 랩 세트
78	151	194	시그니처랩 세트
78	151	414	시그니처랩 단품
78	151	634	쿠키
78	151	738	칩
78	151	820	음료
78	155	78	30cm
78	182	51	1 / 5
78	196	36	11,400원
78	248	335	써브웨이 창동역점
78	254	36	고소한 에그마요와 탱글한 통새우의 만남, 부드럽고 담백한 조화를 즐겨보세요!
78	298	404	4.8(6,225)
78	332	63	리뷰 (7)
78	406	36	치킨 베이컨 미니랩 세트
78	460	36	8,600원
78	518	63	리뷰 (4)
78	604	36	스테이크앤치즈 아보카도 랩 세트
78	658	36	11,800원
78	716	63	리뷰 (5)
78	832	42	시그니처랩 단품
78	914	36	스테이크앤치즈 아보카도 랩
78	968	36	8,100원
78	1026	63	리뷰 (51)
78	1112	36	쉬림프 에그마요 랩
78	1166	36	7,700원
78	1224	36	고소한 에그마요와 탱글한 통새우의 만남, 부드럽고 담백한 조화를 즐겨보세요!
78	1302	63	리뷰 (52)
78	1376	36	치킨 베이컨 미니랩
78	1417	121	지금 와우 가입하면 배달비 0원 + 25,000원 쿠폰
78	1430	36	4,900원
78	1434	781	가입하기
78	1488	63	리뷰 (122)
78	1516	0	준비중
79	0	0	리뷰 (16)
79	0	381	오픈 준비 중
79	66	155	써브웨이 창동역점 내 메뉴를 찾아보세요
79	109	36	스테이크앤치즈 아보카도 랩 세트
79	151	194	시그니처랩 세트
79	151	414	시그니처랩 단품
79	151	634	쿠키
79	151	738	칩
79	151	820	음료
79	155	78	30cm
79	163	36	11,800원
79	182	51	1 / 5
79	221	63	리뷰 (5)
79	248	335	써브웨이 창동역점
79	298	404	4.8(6,225)
79	337	42	시그니처랩 단품
79	419	36	스테이크앤치즈 아보카도 랩
79	473	36	8,100원
79	531	63	리뷰 (51)
79	617	36	쉬림프 에그마요 랩
79	671	36	7,700원
79	729	36	고소한 에그마요와 탱글한 통새우의 만남, 부드럽고 담백한 조화를 즐겨보세요!
79	807	63	리뷰 (52)
79	881	36	치킨 베이컨 미니랩
79	935	36	4,900원
79	993	63	리뷰 (122)
79	1109	42	쿠키
79	1191	36	초코칩 쿠키
79	1245	36	2,100원
79	1303	63	리뷰 (101)
79	1389	36	더블 초코칩 쿠키
79	1417	121	지금 와우 가입하면 배달비 0원 + 25,000원 쿠폰
79	1434	781	가입하기
79	1443	36	2,100원
79	1501	63	리뷰 (52)
79	1516	0	준비중
79	1587	36	오트밀 레이즌 쿠키
80	0	0	리뷰 (77)
80	0	381	오픈 준비 중
80	66	155	써브웨이 창동역점 내 메뉴를 찾아보세요
80	132	36	쉬림프 에그마요 랩
80	151	194	시그니처랩 세트
80	151	414	시그니처랩 단품
80	151	634	쿠키
80	151	738	칩
80	151	820	음료
80	155	78	30cm
80	182	51	1 / 5
80	186	36	7,700원
80	244	36	고소한 에그마요와 탱글한 통새우의 만남, 부드럽고 담백한 조화를 즐겨보세요!
80	248	335	써브웨이 창동역점
80	298	404	4.8(6,225)
80	322	63	리뷰 (52)
80	396	36	치킨 베이컨 미니랩
80	450	36	4,900원
80	508	63	리뷰 (122)
80	624	42	쿠키
80	706	36	초코칩 쿠키
80	760	36	2,100원
80	818	63	리뷰 (101)
80	904	36	더블 초코칩 쿠키
80	958	36	2,100원
80	1016	63	리뷰 (52)
80	1102	36	오트밀 레이즌 쿠키
80	1156	36	2,100원
80	1214	63	리뷰 (16)
80	1300	36	라즈베리 치즈케익 쿠키
80	1354	36	2,100원
80	1412	63	리뷰 (96)
80	1417	121	지금 와우 가입하면 배달비 0원 + 25,000원 쿠폰
80	1434	781	가입하기
80	1498	36	화이트 초코 마카다미아 쿠키
80	1516	0	준비중
80	1552	36	2,100원
81	0	0	리뷰 (15)
81	0	381	오픈 준비 중
81	66	155	써브웨이 창동역점 내 메뉴를 찾아보세요
81	133	42	쿠키
81	151	194	시그니처랩 세트
81	151	414	시그니처랩 단품
81	151	634	쿠키
81	151	738	칩
81	151	820	음료
81	155	78	30cm
81	182	51	1 / 5
81	215	36	초코칩 쿠키
81	248	335	써브웨이 창동역점
81	269	36	2,100원
81	298	404	4.8(6,225)
81	327	63	리뷰 (101)
81	413	36	더블 초코칩 쿠키
81	467	36	2,100원
81	525	63	리뷰 (52)
81	611	36	오트밀 레이즌 쿠키
81	665	36	2,100원
81	723	63	리뷰 (16)
81	809	36	라즈베리 치즈케익 쿠키
81	863	36	2,100원
81	921	63	리뷰 (96)
81	1007	36	화이트 초코 마카다미아 쿠키
81	1061	36	2,100원
81	1119	63	리뷰 (77)
81	1205	36	쿠키 (3개입)
81	1259	36	5,900원
81	1317	36	쿠키 3개입은 종류별로 다양하게 제공 됩니다.선호 하시는 쿠키가 있으시다면 요청사항에 기입 해주세요.
81	1395	63	리뷰 (51)
81	1417	121	지금 와우 가입하면 배달비 0원 + 25,000원 쿠폰
81	1434	781	가입하기
81	1469	36	쿠키팩 (6개입)
81	1516	0	준비중
81	1523	36	11,400원
81	1581	36	쿠키 6개입은 종류별로 다양하게 제공 됩니다.선호 하시는 쿠키가 있으시다면 요청사항에 기입 해주세요.
82	0	0	리뷰 (43)
82	0	0	바삭한 칩과 함께 써브웨이를 즐겨보세요. (오리온 칩으로 랜덤 발송됩니다.)
82	0	0	칩 (랜덤발송)
82	0	381	오픈 준비 중
82	66	155	써브웨이 창동역점 내 메뉴를 찾아보세요
82	115	36	오트밀 레이즌 쿠키
82	151	194	시그니처랩 세트
82	151	414	시그니처랩 단품
82	151	634	쿠키
82	151	738	칩
82	151	820	음료
82	155	78	30cm
82	169	36	2,100원
82	182	51	1 / 5
82	227	63	리뷰 (16)
82	248	335	써브웨이 창동역점
82	298	404	4.8(6,225)
82	313	36	라즈베리 치즈케익 쿠키
82	367	36	2,100원
82	425	63	리뷰 (96)
82	511	36	화이트 초코 마카다미아 쿠키
82	565	36	2,100원
82	623	63	리뷰 (77)
82	709	36	쿠키 (3개입)
82	763	36	5,900원
82	821	36	쿠키 3개입은 종류별로 다양하게 제공 됩니다.선호 하시는 쿠키가 있으시다면 요청사항에 기입 해주세요.
82	899	63	리뷰 (51)
82	973	36	쿠키팩 (6개입)
82	1027	36	11,400원
82	1085	36	쿠키 6개입은 종류별로 다양하게 제공 됩니다.선호 하시는 쿠키가 있으시다면 요청사항에 기입 해주세요.
82	1163	63	리뷰 (15)
82	1237	36	쿠키박스 (12개입)
82	1291	36	22,600원
82	1349	36	쿠키 12개입은 종류별로 다양하게 제공 됩니다.선호 하시는 쿠키가 있으시다면 요청사항에 기입 해주세요.
82	1417	121	지금 와우 가입하면 배달비 0원 + 25,000원 쿠폰
82	1427	63	리뷰 (2)
82	1434	781	가입하기
82	1516	0	준비중
82	1531	42	칩
83	0	0	리뷰 (4)
83	0	381	오픈 준비 중
83	19	36	화이트 초코 마카다미아 쿠키
83	66	155	써브웨이 창동역점 내 메뉴를 찾아보세요
83	131	63	리뷰 (77)
83	151	194	시그니처랩 세트
83	151	414	시그니처랩 단품
83	151	634	쿠키
83	151	738	칩
83	151	820	음료
83	155	78	30cm
83	182	51	1 / 5
83	217	36	쿠키 (3개입)
83	248	335	써브웨이 창동역점
83	271	36	5,900원
83	298	404	4.8(6,225)
83	329	36	쿠키 3개입은 종류별로 다양하게 제공 됩니다.선호 하시는 쿠키가 있으시다면 요청사항에 기입 해주세요.
83	407	63	리뷰 (51)
83	481	36	쿠키팩 (6개입)
83	535	36	11,400원
83	593	36	쿠키 6개입은 종류별로 다양하게 제공 됩니다.선호 하시는 쿠키가 있으시다면 요청사항에 기입 해주세요.
83	671	63	리뷰 (15)
83	745	36	쿠키박스 (12개입)
83	799	36	22,600원
83	857	36	쿠키 12개입은 종류별로 다양하게 제공 됩니다.선호 하시는 쿠키가 있으시다면 요청사항에 기입 해주세요.
83	935	63	리뷰 (2)
83	1039	42	칩
83	1121	36	칩 (랜덤발송)
83	1175	36	2,100원
83	1233	36	바삭한 칩과 함께 써브웨이를 즐겨보세요. (오리온 칩으로 랜덤 발송됩니다.)
83	1281	63	리뷰 (43)
83	1385	42	음료
83	1417	121	지금 와우 가입하면 배달비 0원 + 25,000원 쿠폰
83	1434	781	가입하기
83	1467	36	바리스타룰스 아메리카노(350ml)
83	1516	0	준비중
83	1521	36	3,300원
83	1579	36	마일드한 콜롬비아 커피와 신선한 샌드위치 & 샐러드를 함께 즐겨보세요.
84	0	0	리뷰 (1)
84	0	36	쿠키팩 (6개입)
84	0	381	오픈 준비 중
84	66	155	써브웨이 창동역점 내 메뉴를 찾아보세요
84	104	36	쿠키 6개입은 종류별로 다양하게 제공 됩니다.선호 하시는 쿠키가 있으시다면 요청사항에 기입 해주세요.
84	151	194	시그니처랩 세트
84	151	414	시그니처랩 단품
84	151	634	쿠키
84	151	738	칩
84	151	820	음료
84	155	78	30cm
84	182	51	1 / 5
84	182	63	리뷰 (15)
84	248	335	써브웨이 창동역점
84	256	36	쿠키박스 (12개입)
84	298	404	4.8(6,225)
84	310	36	22,600원
84	368	36	쿠키 12개입은 종류별로 다양하게 제공 됩니다.선호 하시는 쿠키가 있으시다면 요청사항에 기입 해주세요.
84	446	63	리뷰 (2)
84	550	42	칩
84	632	36	칩 (랜덤발송)
84	686	36	2,100원
84	744	36	바삭한 칩과 함께 써브웨이를 즐겨보세요. (오리온 칩으로 랜덤 발송됩니다.)
84	792	63	리뷰 (43)
84	896	42	음료
84	978	36	바리스타룰스 아메리카노(350ml)
84	1032	36	3,300원
84	1090	36	마일드한 콜롬비아 커피와 신선한 샌드위치 & 샐러드를 함께 즐겨보세요.
84	1138	63	리뷰 (4)
84	1212	36	바리스타룰스 저당 라떼(350ml)
84	1266	36	4,100원
84	1324	36	저당 설계로 건강하게 완성한 저칼로리의 고소한 라떼와 신선한 샌드위치 & 샐러드를 함께 즐겨보세요.
84	1402	63	리뷰 (4)
84	1417	121	지금 와우 가입하면 배달비 0원 + 25,000원 쿠폰
84	1434	781	가입하기
84	1476	36	셀렉스 프로핏 초콜릿(330ml)
84	1516	0	준비중
84	1530	36	4,300원
84	1588	36	써브웨이 메뉴를 셀렉스 프로핏과 함께 건강도 맛도 챙겨보세요.
85	0	381	오픈 준비 중
85	66	155	써브웨이 창동역점 내 메뉴를 찾아보세요
85	141	36	칩 (랜덤발송)
85	151	194	시그니처랩 세트
85	151	414	시그니처랩 단품
85	151	634	쿠키
85	151	738	칩
85	151	820	음료
85	155	78	30cm
85	182	51	1 / 5
85	195	36	2,100원
85	248	335	써브웨이 창동역점
85	253	36	바삭한 칩과 함께 써브웨이를 즐겨보세요. (오리온 칩으로 랜덤 발송됩니다.)
85	298	404	4.8(6,225)
85	301	63	리뷰 (43)
85	405	42	음료
85	487	36	바리스타룰스 아메리카노(350ml)
85	541	36	3,300원
85	599	36	마일드한 콜롬비아 커피와 신선한 샌드위치 & 샐러드를 함께 즐겨보세요.
85	647	63	리뷰 (4)
85	721	36	바리스타룰스 저당 라떼(350ml)
85	775	36	4,100원
85	833	36	저당 설계로 건강하게 완성한 저칼로리의 고소한 라떼와 신선한 샌드위치 & 샐러드를 함께 즐겨보세요.
85	911	63	리뷰 (4)
85	985	36	셀렉스 프로핏 초콜릿(330ml)
85	1039	36	4,300원
85	1097	36	써브웨이 메뉴를 셀렉스 프로핏과 함께 건강도 맛도 챙겨보세요.
85	1145	63	리뷰 (1)
85	1219	36	스프라이트 제로 with TEA(350ml)
85	1273	36	3,000원
85	1331	36	톡 쏘는 Sprite 뒤로 따라오는 블랙티의 향긋함을 샌드위치 & 샐러드를 함께 즐겨보세요.
85	1417	121	지금 와우 가입하면 배달비 0원 + 25,000원 쿠폰
85	1434	781	가입하기
85	1439	36	코카콜라(355ml)
85	1493	36	3,000원
85	1516	0	준비중
85	1551	63	리뷰 (26)
86	0	0	리뷰 (19)
86	0	36	바리스타룰스 아메리카노(350ml)
86	0	381	오픈 준비 중
86	66	155	써브웨이 창동역점 내 메뉴를 찾아보세요
86	110	36	마일드한 콜롬비아 커피와 신선한 샌드위치 & 샐러드를 함께 즐겨보세요.
86	151	194	시그니처랩 세트
86	151	414	시그니처랩 단품
86	151	634	쿠키
86	151	738	칩
86	151	820	음료
86	155	78	30cm
86	158	63	리뷰 (4)
86	182	51	1 / 5
86	232	36	바리스타룰스 저당 라떼(350ml)
86	248	335	써브웨이 창동역점
86	286	36	4,100원
86	298	404	4.8(6,225)
86	344	36	저당 설계로 건강하게 완성한 저칼로리의 고소한 라떼와 신선한 샌드위치 & 샐러드를 함께 즐겨보세요.
86	422	63	리뷰 (4)
86	496	36	셀렉스 프로핏 초콜릿(330ml)
86	550	36	4,300원
86	608	36	써브웨이 메뉴를 셀렉스 프로핏과 함께 건강도 맛도 챙겨보세요.
86	656	63	리뷰 (1)
86	730	36	스프라이트 제로 with TEA(350ml)
86	784	36	3,000원
86	842	36	톡 쏘는 Sprite 뒤로 따라오는 블랙티의 향긋함을 샌드위치 & 샐러드를 함께 즐겨보세요.
86	950	36	코카콜라(355ml)
86	1004	36	3,000원
86	1062	63	리뷰 (26)
86	1148	36	스프라이트(355ml)
86	1202	36	3,000원
86	1260	63	리뷰 (3)
86	1346	36	코카콜라 제로(355ml)
86	1400	36	3,000원
86	1417	121	지금 와우 가입하면 배달비 0원 + 25,000원 쿠폰
86	1434	781	가입하기
86	1458	63	리뷰 (46)
86	1516	0	준비중
86	1544	36	스프라이트 제로(355ml)
86	1598	36	3,000원
87	0	381	오픈 준비 중
87	12	36	셀렉스 프로핏 초콜릿(330ml)
87	66	155	써브웨이 창동역점 내 메뉴를 찾아보세요
87	124	36	써브웨이 메뉴를 셀렉스 프로핏과 함께 건강도 맛도 챙겨보세요.
87	151	194	시그니처랩 세트
87	151	414	시그니처랩 단품
87	151	634	쿠키
87	151	738	칩
87	151	820	음료
87	155	78	30cm
87	172	63	리뷰 (1)
87	182	51	1 / 5
87	246	36	스프라이트 제로 with TEA(350ml)
87	248	335	써브웨이 창동역점
87	298	404	4.8(6,225)
87	300	36	3,000원
87	358	36	톡 쏘는 Sprite 뒤로 따라오는 블랙티의 향긋함을 샌드위치 & 샐러드를 함께 즐겨보세요.
87	466	36	코카콜라(355ml)
87	520	36	3,000원
87	578	63	리뷰 (26)
87	664	36	스프라이트(355ml)
87	718	36	3,000원
87	776	63	리뷰 (3)
87	862	36	코카콜라 제로(355ml)
87	916	36	3,000원
87	974	63	리뷰 (46)
87	1060	36	스프라이트 제로(355ml)
87	1114	36	3,000원
87	1172	63	리뷰 (19)
87	1258	36	닥터페퍼(350ml)
87	1312	36	3,000원
87	1370	63	리뷰 (5)
87	1417	121	지금 와우 가입하면 배달비 0원 + 25,000원 쿠폰
87	1434	781	가입하기
87	1456	36	씨그램 레몬(350ml)
87	1510	36	3,000원
87	1516	0	준비중
87	1568	63	리뷰 (4)
88	0	0	리뷰 (5)
88	0	36	코카콜라(355ml)
88	0	381	오픈 준비 중
88	66	155	써브웨이 창동역점 내 메뉴를 찾아보세요
88	92	63	리뷰 (26)
88	151	194	시그니처랩 세트
88	151	414	시그니처랩 단품
88	151	634	쿠키
88	151	738	칩
88	151	820	음료
88	155	78	30cm
88	178	36	스프라이트(355ml)
88	182	51	1 / 5
88	232	36	3,000원
88	248	335	써브웨이 창동역점
88	290	63	리뷰 (3)
88	298	404	4.8(6,225)
88	376	36	코카콜라 제로(355ml)
88	430	36	3,000원
88	488	63	리뷰 (46)
88	574	36	스프라이트 제로(355ml)
88	628	36	3,000원
88	686	63	리뷰 (19)
88	772	36	닥터페퍼(350ml)
88	826	36	3,000원
88	884	63	리뷰 (5)
88	970	36	씨그램 레몬(350ml)
88	1024	36	3,000원
88	1082	63	리뷰 (4)
88	1168	36	미닛메이드 오렌지(350ml)
88	1222	36	3,900원
88	1280	63	리뷰 (12)
88	1366	36	토레타(500ml)
88	1417	121	지금 와우 가입하면 배달비 0원 + 25,000원 쿠폰
88	1420	36	3,200원
88	1434	781	가입하기
88	1478	63	리뷰 (1)
88	1516	0	준비중
88	1564	36	생수(500ml)
89	0	381	오픈 준비 중
89	66	155	써브웨이 창동역점 내 메뉴를 찾아보세요
89	120	36	스프라이트 제로(355ml)
89	151	194	시그니처랩 세트
89	151	414	시그니처랩 단품
89	151	634	쿠키
89	151	738	칩
89	151	820	음료
89	155	78	30cm
89	174	36	3,000원
89	182	51	1 / 5
89	232	63	리뷰 (19)
89	248	335	써브웨이 창동역점
89	298	404	4.8(6,225)
89	318	36	닥터페퍼(350ml)
89	372	36	3,000원
89	430	63	리뷰 (5)
89	516	36	씨그램 레몬(350ml)
89	570	36	3,000원
89	628	63	리뷰 (4)
89	714	36	미닛메이드 오렌지(350ml)
89	768	36	3,900원
89	826	63	리뷰 (12)
89	912	36	토레타(500ml)
89	966	36	3,200원
89	1024	63	리뷰 (1)
89	1110	36	생수(500ml)
89	1164	36	1,900원
89	1222	63	리뷰 (5)
89	1320	36	비슷한 샌드위치 맛집 추천해요
89	1326	810	광고
89	1384	171	버거킹 쌍문점
89	1397	560	텍스멕스 타코&파히타 노원점
89	1417	121	지금 와우 가입하면 배달비 0원 + 25,000원 쿠폰
89	1419	220	(7,722)ㆍ
89	1420	195	4.9
89	1420	293	1.0km
89	1430	609	(4,306)ㆍ
89	1431	584	5.0
89	1431	682	2.4km
89	1434	781	가입하기
89	1456	198	2,000원 쿠폰
89	1463	560	배달비 0원
89	1485	171	배달비 0원
89	1516	0	준비중
