0	256	381	오픈 준비 중
0	446	51	1 / 5
0	512	349	더벤티 수유역점
0	562	404	4.9(2,202)
0	679	674	매장∙원산지정보
0	690	69	준비중
0	751	36	최소주문
0	751	153	11,000원
0	806	36	일반회원
0	807	153	0-2,900원 0원
0	808	294	자세히
0	848	36	와우회원
0	848	153	와우회원은 매 주문 배달비 0원
0	920	127	지금 와우 가입하면 배달비 0원 + 25,000원 쿠폰
0	937	766	가입하기
0	1040	168	기사님도 친절하시구 커피도맛있고 가게요청사항도 넘나 완벽
0	1040	606	컵입구를 잘 막아주셔서 너무 좋아요.
0	1209	114	검색한 메뉴
0	1209	290	&#128293; 인기메뉴
0	1209	474	젠레스 존 제로
0	1209	678	더벤티네키친
0	1209	870	시즌
0	1310	42	검색한 메뉴
0	1356	36	더벤티 검색 결과
0	1430	36	더벤티 보냉백
0	1484	36	700원
0	1516	0	준비중
1	0	381	오픈 준비 중
1	66	155	더벤티 수유역점 내 메뉴를 찾아보세요
1	150	674	매장∙원산지정보
1	161	69	준비중
1	182	51	1 / 5
1	222	36	최소주문
1	222	153	11,000원
1	248	349	더벤티 수유역점
1	277	36	일반회원
1	278	153	0-2,900원 0원
1	279	294	자세히
1	298	404	4.9(2,202)
1	319	36	와우회원
1	319	153	와우회원은 매 주문 배달비 0원
1	391	127	지금 와우 가입하면 배달비 0원 + 25,000원 쿠폰
1	408	766	가입하기
1	511	168	기사님도 친절하시구 커피도맛있고 가게요청사항도 넘나 완벽
1	511	606	컵입구를 잘 막아주셔서 너무 좋아요.
1	680	114	검색한 메뉴
1	680	290	&#128293; 인기메뉴
1	680	474	젠레스 존 제로
1	680	678	더벤티네키친
1	680	870	시즌
1	781	42	검색한 메뉴
1	827	36	더벤티 검색 결과
1	901	36	더벤티 보냉백
1	955	36	700원
1	1129	42	인기메뉴
1	1207	88	1위
1	1207	304	2위
1	1207	520	3위
1	1207	708	4위
1	1406	36	(아이스)아메리카노
1	1406	252	디카페인 (아이스)아메리카노
1	1406	468	(아이스)바닐라딥라떼
1	1406	684	(아이스)카페라떼
1	1447	36	3,000원
1	1447	684	4,000원
1	1482	252	4,000원
1	1482	468	4,700원
1	1516	0	준비중
2	0	381	오픈 준비 중
2	66	155	더벤티 수유역점 내 메뉴를 찾아보세요
2	182	51	1 / 5
2	196	114	검색한 메뉴
2	196	290	&#128293; 인기메뉴
2	196	474	젠레스 존 제로
2	196	678	더벤티네키친
2	196	870	시즌
2	248	349	더벤티 수유역점
2	297	42	검색한 메뉴
2	298	404	4.9(2,202)
2	343	36	더벤티 검색 결과
2	417	36	더벤티 보냉백
2	471	36	700원
2	645	42	인기메뉴
2	723	88	1위
2	723	304	2위
2	723	520	3위
2	723	708	4위
2	922	36	(아이스)아메리카노
2	922	252	디카페인 (아이스)아메리카노
2	922	468	(아이스)바닐라딥라떼
2	922	684	(아이스)카페라떼
2	963	36	3,000원
2	963	684	4,000원
2	998	252	4,000원
2	998	468	4,700원
2	1116	42	젠레스 존 제로
2	1198	36	퍼플뱅쇼스파클링
2	1252	36	4,700원
2	1310	36	달콤한 청포도 풍미의 뱅쇼와 상큼한 과일들이 어우러진 퍼플 뱅쇼 스파클링(무알콜 에이드 음료)
2	1417	121	지금 와우 가입하면 배달비 0원 + 25,000원 쿠폰
2	1418	36	(아이스)우베흑임자폼라떼
2	1434	781	가입하기
2	1472	36	4,700원
2	1516	0	준비중
2	1530	36	선명한 보랏빛 컬러에 부드러운 단맛, 바닐라 풍미와 고소한 흑임자폼이 어우러진 우베 흑임자폼 라떼
3	0	381	오픈 준비 중
3	66	155	더벤티 수유역점 내 메뉴를 찾아보세요
3	151	114	&#128293; 인기메뉴
3	151	298	젠레스 존 제로
3	151	502	더벤티네키친
3	151	694	시즌
3	151	798	커피
3	154	42	인기메뉴
3	182	51	1 / 5
3	232	88	1위
3	232	304	2위
3	232	520	3위
3	232	708	4위
3	248	349	더벤티 수유역점
3	298	404	4.9(2,202)
3	431	36	(아이스)아메리카노
3	431	252	디카페인 (아이스)아메리카노
3	431	468	(아이스)바닐라딥라떼
3	431	684	(아이스)카페라떼
3	472	36	3,000원
3	472	684	4,000원
3	507	252	4,000원
3	507	468	4,700원
3	625	42	젠레스 존 제로
3	707	36	퍼플뱅쇼스파클링
3	761	36	4,700원
3	819	36	달콤한 청포도 풍미의 뱅쇼와 상큼한 과일들이 어우러진 퍼플 뱅쇼 스파클링(무알콜 에이드 음료)
3	927	36	(아이스)우베흑임자폼라떼
3	981	36	4,700원
3	1039	36	선명한 보랏빛 컬러에 부드러운 단맛, 바닐라 풍미와 고소한 흑임자폼이 어우러진 우베 흑임자폼 라떼
3	1147	36	(핫)우베흑임자폼라떼
3	1201	36	4,700원
3	1259	36	선명한 보랏빛 컬러에 부드러운 단맛, 바닐라 풍미와 고소한 흑임자폼이 어우러진 우베 흑임자폼 라떼
3	1367	36	우베크림슈
3	1417	121	지금 와우 가입하면 배달비 0원 + 25,000원 쿠폰
3	1421	36	3,800원
3	1434	781	가입하기
3	1479	36	달콤한 우베 크림을 담아 아이스크림처럼 시원하게 즐기는 우베 아이스 슈
3	1516	0	준비중
3	1595	42	더벤티네키친
4	0	381	오픈 준비 중
4	66	155	더벤티 수유역점 내 메뉴를 찾아보세요
4	132	42	젠레스 존 제로
4	151	114	젠레스 존 제로
4	151	318	더벤티네키친
4	151	510	시즌
4	151	614	커피
4	151	718	디카페인
4	151	866	저당 메뉴
4	182	51	1 / 5
4	214	36	퍼플뱅쇼스파클링
4	248	349	더벤티 수유역점
4	268	36	4,700원
4	298	404	4.9(2,202)
4	326	36	달콤한 청포도 풍미의 뱅쇼와 상큼한 과일들이 어우러진 퍼플 뱅쇼 스파클링(무알콜 에이드 음료)
4	434	36	(아이스)우베흑임자폼라떼
4	488	36	4,700원
4	546	36	선명한 보랏빛 컬러에 부드러운 단맛, 바닐라 풍미와 고소한 흑임자폼이 어우러진 우베 흑임자폼 라떼
4	654	36	(핫)우베흑임자폼라떼
4	708	36	4,700원
4	766	36	선명한 보랏빛 컬러에 부드러운 단맛, 바닐라 풍미와 고소한 흑임자폼이 어우러진 우베 흑임자폼 라떼
4	874	36	우베크림슈
4	928	36	3,800원
4	986	36	달콤한 우베 크림을 담아 아이스크림처럼 시원하게 즐기는 우베 아이스 슈
4	1102	42	더벤티네키친
4	1184	36	로제떡볶이
4	1238	36	6,900원
4	1296	36	부드럽고 크리미한 로제 소스에 매콤달콤한 맛이 더해진 누구나 즐기기 좋은 떡볶이
4	1374	63	리뷰 (1)
4	1417	121	지금 와우 가입하면 배달비 0원 + 25,000원 쿠폰
4	1434	781	가입하기
4	1448	36	마라떡볶이
4	1502	36	6,900원
4	1516	0	준비중
4	1560	36	얼얼한 마라 향과 중독적인 매운맛이 살아있는 자극적이고 강렬한 떡볶이
5	0	0	(아이스)우베흑임자폼라떼
5	0	381	오픈 준비 중
5	63	36	선명한 보랏빛 컬러에 부드러운 단맛, 바닐라 풍미와 고소한 흑임자폼이 어우러진 우베 흑임자폼 라떼
5	66	155	더벤티 수유역점 내 메뉴를 찾아보세요
5	151	114	젠레스 존 제로
5	151	318	더벤티네키친
5	151	510	시즌
5	151	614	커피
5	151	718	디카페인
5	151	866	저당 메뉴
5	171	36	(핫)우베흑임자폼라떼
5	182	51	1 / 5
5	225	36	4,700원
5	248	349	더벤티 수유역점
5	283	36	선명한 보랏빛 컬러에 부드러운 단맛, 바닐라 풍미와 고소한 흑임자폼이 어우러진 우베 흑임자폼 라떼
5	298	404	4.9(2,202)
5	391	36	우베크림슈
5	445	36	3,800원
5	503	36	달콤한 우베 크림을 담아 아이스크림처럼 시원하게 즐기는 우베 아이스 슈
5	619	42	더벤티네키친
5	701	36	로제떡볶이
5	755	36	6,900원
5	813	36	부드럽고 크리미한 로제 소스에 매콤달콤한 맛이 더해진 누구나 즐기기 좋은 떡볶이
5	891	63	리뷰 (1)
5	965	36	마라떡볶이
5	1019	36	6,900원
5	1077	36	얼얼한 마라 향과 중독적인 매운맛이 살아있는 자극적이고 강렬한 떡볶이
5	1163	36	매콤소보로밥
5	1217	36	4,500원
5	1275	36	소고기 소보로의 풍미와 매콤한 고추장 양념의 감칠맛, 겉은 바삭하고 속은 촉촉한 식감을 담은 든든한 간편식
5	1383	36	간장소보로밥
5	1417	121	지금 와우 가입하면 배달비 0원 + 25,000원 쿠폰
5	1434	781	가입하기
5	1437	36	4,500원
5	1495	36	소고기 소보로의 풍미와 간장 양념의 감칠맛, 겉은 바삭하고 속은 촉촉한 식감을 담은 든든한 간편식
5	1516	0	준비중
6	0	0	레인보우 과일의 상큼함에 레드불의 에너지를 더한, 활력 충전 스무디
6	0	0	레인보우레드불스무디
6	0	381	오픈 준비 중
6	66	155	더벤티 수유역점 내 메뉴를 찾아보세요
6	132	42	더벤티네키친
6	151	114	더벤티네키친
6	151	306	시즌
6	151	410	커피
6	151	514	디카페인
6	151	662	저당 메뉴
6	151	816	라떼&버블티
6	182	51	1 / 5
6	206	36	로제떡볶이
6	248	349	더벤티 수유역점
6	260	36	6,900원
6	298	404	4.9(2,202)
6	318	36	부드럽고 크리미한 로제 소스에 매콤달콤한 맛이 더해진 누구나 즐기기 좋은 떡볶이
6	396	63	리뷰 (1)
6	470	36	마라떡볶이
6	524	36	6,900원
6	582	36	얼얼한 마라 향과 중독적인 매운맛이 살아있는 자극적이고 강렬한 떡볶이
6	668	36	매콤소보로밥
6	722	36	4,500원
6	780	36	소고기 소보로의 풍미와 매콤한 고추장 양념의 감칠맛, 겉은 바삭하고 속은 촉촉한 식감을 담은 든든한 간편식
6	888	36	간장소보로밥
6	942	36	4,500원
6	1000	36	소고기 소보로의 풍미와 간장 양념의 감칠맛, 겉은 바삭하고 속은 촉촉한 식감을 담은 든든한 간편식
6	1138	42	시즌
6	1220	36	체리레드불부스트
6	1274	36	5,300원
6	1332	36	체리의 새콤달콤함과 레드불의 강렬한 탄산감이 어우러진 에너지 드링크
6	1417	121	지금 와우 가입하면 배달비 0원 + 25,000원 쿠폰
6	1418	36	청포도레드불부스트
6	1434	781	가입하기
6	1472	36	5,300원
6	1516	0	준비중
6	1530	36	청포도의 달콤함과 레드불의 강렬한 탄산감이 어우러진 에너지 드링크
7	0	0	달콤한 추억의 우유 컵빙수
7	0	36	마라떡볶이
7	0	381	오픈 준비 중
7	66	155	더벤티 수유역점 내 메뉴를 찾아보세요
7	89	36	얼얼한 마라 향과 중독적인 매운맛이 살아있는 자극적이고 강렬한 떡볶이
7	151	114	더벤티네키친
7	151	306	시즌
7	151	410	커피
7	151	514	디카페인
7	151	662	저당 메뉴
7	151	816	라떼&버블티
7	175	36	매콤소보로밥
7	182	51	1 / 5
7	229	36	4,500원
7	248	349	더벤티 수유역점
7	287	36	소고기 소보로의 풍미와 매콤한 고추장 양념의 감칠맛, 겉은 바삭하고 속은 촉촉한 식감을 담은 든든한 간편식
7	298	404	4.9(2,202)
7	395	36	간장소보로밥
7	449	36	4,500원
7	507	36	소고기 소보로의 풍미와 간장 양념의 감칠맛, 겉은 바삭하고 속은 촉촉한 식감을 담은 든든한 간편식
7	645	42	시즌
7	727	36	체리레드불부스트
7	781	36	5,300원
7	839	36	체리의 새콤달콤함과 레드불의 강렬한 탄산감이 어우러진 에너지 드링크
7	925	36	청포도레드불부스트
7	979	36	5,300원
7	1037	36	청포도의 달콤함과 레드불의 강렬한 탄산감이 어우러진 에너지 드링크
7	1123	36	레인보우레드불스무디
7	1177	36	5,500원
7	1235	36	레인보우 과일의 상큼함에 레드불의 에너지를 더한, 활력 충전 스무디
7	1321	36	옛날 단팥딸기 마빙(미디엄)
7	1375	36	4,500원
7	1417	121	지금 와우 가입하면 배달비 0원 + 25,000원 쿠폰
7	1433	36	달콤한 추억의 우유 컵빙수
7	1434	781	가입하기
7	1516	0	준비중
7	1519	36	옛날 단팥딸기 마빙(라지)
7	1573	36	5,400원
8	0	0	100% (1개)
8	0	0	달콤하고 밀키한 수박 맛 화채 컵빙수
8	0	0	추억의 수박화채 마빙(미디엄)
8	0	381	오픈 준비 중
8	66	155	더벤티 수유역점 내 메뉴를 찾아보세요
8	151	114	시즌
8	151	218	커피
8	151	322	디카페인
8	151	470	저당 메뉴
8	151	624	라떼&버블티
8	151	809	에이드&주스
8	155	42	시즌
8	182	51	1 / 5
8	237	36	체리레드불부스트
8	248	349	더벤티 수유역점
8	291	36	5,300원
8	298	404	4.9(2,202)
8	349	36	체리의 새콤달콤함과 레드불의 강렬한 탄산감이 어우러진 에너지 드링크
8	435	36	청포도레드불부스트
8	489	36	5,300원
8	547	36	청포도의 달콤함과 레드불의 강렬한 탄산감이 어우러진 에너지 드링크
8	633	36	레인보우레드불스무디
8	687	36	5,500원
8	745	36	레인보우 과일의 상큼함에 레드불의 에너지를 더한, 활력 충전 스무디
8	831	36	옛날 단팥딸기 마빙(미디엄)
8	885	36	4,500원
8	943	36	달콤한 추억의 우유 컵빙수
8	1029	36	옛날 단팥딸기 마빙(라지)
8	1083	36	5,400원
8	1141	36	달콤한 추억의 우유 컵빙수
8	1227	36	이천쌀 비빔 마빙(미디엄)
8	1281	36	4,700원
8	1339	36	이천쌀의 고소함을 담은 비빔 컵빙수
8	1417	121	지금 와우 가입하면 배달비 0원 + 25,000원 쿠폰
8	1425	36	이천쌀 비빔 마빙(라지)
8	1434	781	가입하기
8	1479	36	5,600원
8	1516	0	준비중
8	1537	36	이천쌀의 고소함을 담은 비빔 컵빙수
9	0	0	달콤하고 진한 풍미의 수박을 시원하게 즐길 수 있는 수박주스
9	0	381	오픈 준비 중
9	66	155	더벤티 수유역점 내 메뉴를 찾아보세요
9	144	36	레인보우레드불스무디
9	151	114	시즌
9	151	218	커피
9	151	322	디카페인
9	151	470	저당 메뉴
9	151	624	라떼&버블티
9	151	809	에이드&주스
9	182	51	1 / 5
9	198	36	5,500원
9	248	349	더벤티 수유역점
9	256	36	레인보우 과일의 상큼함에 레드불의 에너지를 더한, 활력 충전 스무디
9	298	404	4.9(2,202)
9	342	36	옛날 단팥딸기 마빙(미디엄)
9	396	36	4,500원
9	454	36	달콤한 추억의 우유 컵빙수
9	540	36	옛날 단팥딸기 마빙(라지)
9	594	36	5,400원
9	652	36	달콤한 추억의 우유 컵빙수
9	738	36	이천쌀 비빔 마빙(미디엄)
9	792	36	4,700원
9	850	36	이천쌀의 고소함을 담은 비빔 컵빙수
9	936	36	이천쌀 비빔 마빙(라지)
9	990	36	5,600원
9	1048	36	이천쌀의 고소함을 담은 비빔 컵빙수
9	1134	36	추억의 수박화채 마빙(미디엄)
9	1188	36	4,500원
9	1246	36	달콤하고 밀키한 수박 맛 화채 컵빙수
9	1294	63	100% (1개)
9	1368	36	추억의 수박화채 마빙(라지)
9	1417	121	지금 와우 가입하면 배달비 0원 + 25,000원 쿠폰
9	1422	36	5,400원
9	1434	781	가입하기
9	1480	36	달콤하고 밀키한 수박 맛 화채 컵빙수
9	1516	0	준비중
9	1566	36	수박주스라지
10	0	0	100% (1개)
10	0	0	수박의 시원함과 파인애플의 상큼하고 달콤한 맛이 어우러진 스무디
10	0	381	오픈 준비 중
10	54	36	옛날 단팥딸기 마빙(라지)
10	66	155	더벤티 수유역점 내 메뉴를 찾아보세요
10	132	36	5,400원
10	151	114	시즌
10	151	218	커피
10	151	322	디카페인
10	151	470	저당 메뉴
10	151	624	라떼&버블티
10	151	809	에이드&주스
10	166	36	달콤한 추억의 우유 컵빙수
10	182	51	1 / 5
10	248	349	더벤티 수유역점
10	252	36	이천쌀 비빔 마빙(미디엄)
10	298	404	4.9(2,202)
10	306	36	4,700원
10	364	36	이천쌀의 고소함을 담은 비빔 컵빙수
10	450	36	이천쌀 비빔 마빙(라지)
10	504	36	5,600원
10	562	36	이천쌀의 고소함을 담은 비빔 컵빙수
10	648	36	추억의 수박화채 마빙(미디엄)
10	702	36	4,500원
10	760	36	달콤하고 밀키한 수박 맛 화채 컵빙수
10	808	63	100% (1개)
10	882	36	추억의 수박화채 마빙(라지)
10	936	36	5,400원
10	994	36	달콤하고 밀키한 수박 맛 화채 컵빙수
10	1080	36	수박주스라지
10	1134	36	4,500원
10	1192	36	달콤하고 진한 풍미의 수박을 시원하게 즐길 수 있는 수박주스
10	1278	36	수박주스점보
10	1332	36	6,700원
10	1390	36	달콤하고 진한 풍미의 수박을 시원하게 즐길 수 있는 수박주스
10	1417	121	지금 와우 가입하면 배달비 0원 + 25,000원 쿠폰
10	1434	781	가입하기
10	1438	63	100% (3개)
10	1438	149	ㆍ
10	1438	193	리뷰 (1)
10	1512	36	수박파인스무디미디엄
10	1516	0	준비중
10	1566	36	3,800원
11	0	0	100% (2개)
11	0	0	ㆍ
11	0	0	리뷰 (1)
11	0	0	진한 망고의 달콤함과 상큼함을 담은 망고주스
11	0	36	이천쌀 비빔 마빙(라지)
11	0	381	오픈 준비 중
11	66	155	더벤티 수유역점 내 메뉴를 찾아보세요
11	78	36	이천쌀의 고소함을 담은 비빔 컵빙수
11	151	114	시즌
11	151	218	커피
11	151	322	디카페인
11	151	470	저당 메뉴
11	151	624	라떼&버블티
11	151	809	에이드&주스
11	164	36	추억의 수박화채 마빙(미디엄)
11	182	51	1 / 5
11	218	36	4,500원
11	248	349	더벤티 수유역점
11	276	36	달콤하고 밀키한 수박 맛 화채 컵빙수
11	298	404	4.9(2,202)
11	324	63	100% (1개)
11	398	36	추억의 수박화채 마빙(라지)
11	452	36	5,400원
11	510	36	달콤하고 밀키한 수박 맛 화채 컵빙수
11	596	36	수박주스라지
11	650	36	4,500원
11	708	36	달콤하고 진한 풍미의 수박을 시원하게 즐길 수 있는 수박주스
11	794	36	수박주스점보
11	848	36	6,700원
11	906	36	달콤하고 진한 풍미의 수박을 시원하게 즐길 수 있는 수박주스
11	954	63	100% (3개)
11	954	149	ㆍ
11	954	193	리뷰 (1)
11	1028	36	수박파인스무디미디엄
11	1082	36	3,800원
11	1140	36	수박의 시원함과 파인애플의 상큼하고 달콤한 맛이 어우러진 스무디
11	1188	63	100% (1개)
11	1262	36	수박파인스무디라지
11	1316	36	4,900원
11	1374	36	수박의 시원함과 파인애플의 상큼하고 달콤한 맛이 어우러진 스무디
11	1417	121	지금 와우 가입하면 배달비 0원 + 25,000원 쿠폰
11	1422	63	100% (2개)
11	1434	781	가입하기
11	1496	36	망고주스
11	1516	0	준비중
11	1550	36	4,700원
12	0	0	100% (2개)
12	0	381	오픈 준비 중
12	66	155	더벤티 수유역점 내 메뉴를 찾아보세요
12	106	36	수박주스라지
12	151	114	시즌
12	151	218	커피
12	151	322	디카페인
12	151	470	저당 메뉴
12	151	624	라떼&버블티
12	151	809	에이드&주스
12	160	36	4,500원
12	182	51	1 / 5
12	218	36	달콤하고 진한 풍미의 수박을 시원하게 즐길 수 있는 수박주스
12	248	349	더벤티 수유역점
12	298	404	4.9(2,202)
12	304	36	수박주스점보
12	358	36	6,700원
12	416	36	달콤하고 진한 풍미의 수박을 시원하게 즐길 수 있는 수박주스
12	464	63	100% (3개)
12	464	149	ㆍ
12	464	193	리뷰 (1)
12	538	36	수박파인스무디미디엄
12	592	36	3,800원
12	650	36	수박의 시원함과 파인애플의 상큼하고 달콤한 맛이 어우러진 스무디
12	698	63	100% (1개)
12	772	36	수박파인스무디라지
12	826	36	4,900원
12	884	36	수박의 시원함과 파인애플의 상큼하고 달콤한 맛이 어우러진 스무디
12	932	63	100% (2개)
12	1006	36	망고주스
12	1060	36	4,700원
12	1118	36	진한 망고의 달콤함과 상큼함을 담은 망고주스
12	1166	63	100% (2개)
12	1166	149	ㆍ
12	1166	193	리뷰 (1)
12	1240	36	망고요거라떼미디엄
12	1294	36	3,900원
12	1352	36	달콤한 망고 라떼에 상큼한 요거트 아이스크림과 망고 다이스 토핑을 더한 망고요거라떼
12	1417	121	지금 와우 가입하면 배달비 0원 + 25,000원 쿠폰
12	1434	781	가입하기
12	1460	36	망고요거라떼라지
12	1514	36	5,100원
12	1516	0	준비중
12	1572	36	달콤한 망고 라떼에 상큼한 요거트 아이스크림과 망고 다이스 토핑을 더한 망고요거라떼
13	0	381	오픈 준비 중
13	48	36	수박파인스무디미디엄
13	66	155	더벤티 수유역점 내 메뉴를 찾아보세요
13	132	36	3,800원
13	151	114	시즌
13	151	218	커피
13	151	322	디카페인
13	151	470	저당 메뉴
13	151	624	라떼&버블티
13	151	809	에이드&주스
13	160	36	수박의 시원함과 파인애플의 상큼하고 달콤한 맛이 어우러진 스무디
13	182	51	1 / 5
13	208	63	100% (1개)
13	248	349	더벤티 수유역점
13	282	36	수박파인스무디라지
13	298	404	4.9(2,202)
13	336	36	4,900원
13	394	36	수박의 시원함과 파인애플의 상큼하고 달콤한 맛이 어우러진 스무디
13	442	63	100% (2개)
13	516	36	망고주스
13	570	36	4,700원
13	628	36	진한 망고의 달콤함과 상큼함을 담은 망고주스
13	676	63	100% (2개)
13	676	149	ㆍ
13	676	193	리뷰 (1)
13	750	36	망고요거라떼미디엄
13	804	36	3,900원
13	862	36	달콤한 망고 라떼에 상큼한 요거트 아이스크림과 망고 다이스 토핑을 더한 망고요거라떼
13	970	36	망고요거라떼라지
13	1024	36	5,100원
13	1082	36	달콤한 망고 라떼에 상큼한 요거트 아이스크림과 망고 다이스 토핑을 더한 망고요거라떼
13	1160	63	100% (2개)
13	1264	42	커피
13	1310	36	사이즈업 샷추가 시 선택한 원두로 제공됩니다. 시그니처 원두:은은한 시트러스의 맛과 향 다크 원두:진한 다크초콜릿의 맛과 향
13	1413	45	주문많음
13	1413	133	리뷰최고
13	1417	121	지금 와우 가입하면 배달비 0원 + 25,000원 쿠폰
13	1434	781	가입하기
13	1439	36	(아이스)아메리카노
13	1493	36	3,000원
13	1516	0	준비중
13	1551	36	더벤티의 깊고 진한 커피풍미를 느낄 수 있는 아이스 아메리카노
13	1599	63	98% (156개)
13	1599	159	ㆍ
13	1599	203	리뷰 (104)
14	0	381	오픈 준비 중
14	23	36	망고주스
14	66	155	더벤티 수유역점 내 메뉴를 찾아보세요
14	135	36	진한 망고의 달콤함과 상큼함을 담은 망고주스
14	151	114	시즌
14	151	218	커피
14	151	322	디카페인
14	151	470	저당 메뉴
14	151	624	라떼&버블티
14	151	809	에이드&주스
14	182	51	1 / 5
14	183	63	100% (2개)
14	183	149	ㆍ
14	183	193	리뷰 (1)
14	248	349	더벤티 수유역점
14	257	36	망고요거라떼미디엄
14	298	404	4.9(2,202)
14	311	36	3,900원
14	369	36	달콤한 망고 라떼에 상큼한 요거트 아이스크림과 망고 다이스 토핑을 더한 망고요거라떼
14	477	36	망고요거라떼라지
14	531	36	5,100원
14	589	36	달콤한 망고 라떼에 상큼한 요거트 아이스크림과 망고 다이스 토핑을 더한 망고요거라떼
14	667	63	100% (2개)
14	771	42	커피
14	817	36	사이즈업 샷추가 시 선택한 원두로 제공됩니다. 시그니처 원두:은은한 시트러스의 맛과 향 다크 원두:진한 다크초콜릿의 맛과 향
14	920	45	주문많음
14	920	133	리뷰최고
14	946	36	(아이스)아메리카노
14	1000	36	3,000원
14	1058	36	더벤티의 깊고 진한 커피풍미를 느낄 수 있는 아이스 아메리카노
14	1106	63	98% (156개)
14	1106	159	ㆍ
14	1106	203	리뷰 (104)
14	1180	36	(핫)아메리카노
14	1234	36	2,500원
14	1292	36	더벤티의 깊고 진한 커피풍미를 느낄 수 있는 핫 아메리카노
14	1340	63	97% (32개)
14	1340	149	ㆍ
14	1340	193	리뷰 (17)
14	1414	36	(아이스)카페라떼
14	1417	121	지금 와우 가입하면 배달비 0원 + 25,000원 쿠폰
14	1434	781	가입하기
14	1468	36	4,000원
14	1516	0	준비중
14	1526	36	더벤티의 진한 에스프레소에 부드러운 우유가 어우러진 고소한 카페라떼
14	1574	63	98% (50개)
14	1574	149	ㆍ
14	1574	193	리뷰 (20)
15	0	0	깊고 더 고소한 더벤티만의 시그니처 베이스로 완성한 카페 라떼
15	0	36	망고요거라떼라지
15	0	381	오픈 준비 중
15	66	155	더벤티 수유역점 내 메뉴를 찾아보세요
15	95	36	달콤한 망고 라떼에 상큼한 요거트 아이스크림과 망고 다이스 토핑을 더한 망고요거라떼
15	151	114	시즌
15	151	218	커피
15	151	322	디카페인
15	151	470	저당 메뉴
15	151	624	라떼&버블티
15	151	809	에이드&주스
15	173	63	100% (2개)
15	182	51	1 / 5
15	248	349	더벤티 수유역점
15	277	42	커피
15	298	404	4.9(2,202)
15	323	36	사이즈업 샷추가 시 선택한 원두로 제공됩니다. 시그니처 원두:은은한 시트러스의 맛과 향 다크 원두:진한 다크초콜릿의 맛과 향
15	426	45	주문많음
15	426	133	리뷰최고
15	452	36	(아이스)아메리카노
15	506	36	3,000원
15	564	36	더벤티의 깊고 진한 커피풍미를 느낄 수 있는 아이스 아메리카노
15	612	63	98% (156개)
15	612	159	ㆍ
15	612	203	리뷰 (104)
15	686	36	(핫)아메리카노
15	740	36	2,500원
15	798	36	더벤티의 깊고 진한 커피풍미를 느낄 수 있는 핫 아메리카노
15	846	63	97% (32개)
15	846	149	ㆍ
15	846	193	리뷰 (17)
15	920	36	(아이스)카페라떼
15	974	36	4,000원
15	1032	36	더벤티의 진한 에스프레소에 부드러운 우유가 어우러진 고소한 카페라떼
15	1080	63	98% (50개)
15	1080	149	ㆍ
15	1080	193	리뷰 (20)
15	1154	36	(핫)카페라떼
15	1208	36	4,000원
15	1266	36	더벤티의 진한 에스프레소에 부드러운 우유가 어우러진 고소한 카페라떼
15	1314	63	100% (55개)
15	1314	159	ㆍ
15	1314	203	리뷰 (22)
15	1388	36	(아이스)시그니처딥라떼
15	1417	121	지금 와우 가입하면 배달비 0원 + 25,000원 쿠폰
15	1434	781	가입하기
15	1442	36	4,800원
15	1500	36	깊고 더 고소한 더벤티만의 시그니처 베이스로 완성한 카페 라떼
15	1516	0	준비중
15	1586	36	(핫)시그니처딥라떼
16	0	0	100% (1개)
16	0	0	ㆍ
16	0	0	리뷰 (1)
16	0	0	리뷰최고
16	0	0	리치한 풍미의 귀리음료에 다크로스트 원두의 풍미가 어우러지는 오트카페라떼
16	0	0	주문많음
16	0	36	(아이스)아메리카노
16	0	381	오픈 준비 중
16	66	155	더벤티 수유역점 내 메뉴를 찾아보세요
16	79	36	더벤티의 깊고 진한 커피풍미를 느낄 수 있는 아이스 아메리카노
16	127	63	98% (156개)
16	127	159	ㆍ
16	127	203	리뷰 (104)
16	151	114	커피
16	151	218	디카페인
16	151	366	저당 메뉴
16	151	520	라떼&버블티
16	151	705	에이드&주스
16	182	51	1 / 5
16	201	36	(핫)아메리카노
16	248	349	더벤티 수유역점
16	255	36	2,500원
16	298	404	4.9(2,202)
16	313	36	더벤티의 깊고 진한 커피풍미를 느낄 수 있는 핫 아메리카노
16	361	63	97% (32개)
16	361	149	ㆍ
16	361	193	리뷰 (17)
16	435	36	(아이스)카페라떼
16	489	36	4,000원
16	547	36	더벤티의 진한 에스프레소에 부드러운 우유가 어우러진 고소한 카페라떼
16	595	63	98% (50개)
16	595	149	ㆍ
16	595	193	리뷰 (20)
16	669	36	(핫)카페라떼
16	723	36	4,000원
16	781	36	더벤티의 진한 에스프레소에 부드러운 우유가 어우러진 고소한 카페라떼
16	829	63	100% (55개)
16	829	159	ㆍ
16	829	203	리뷰 (22)
16	903	36	(아이스)시그니처딥라떼
16	957	36	4,800원
16	1015	36	깊고 더 고소한 더벤티만의 시그니처 베이스로 완성한 카페 라떼
16	1101	36	(핫)시그니처딥라떼
16	1155	36	4,800원
16	1213	36	깊고 더 고소한 더벤티만의 시그니처 베이스로 완성한 카페 라떼
16	1299	36	(아이스)오트카페라떼
16	1353	36	4,800원
16	1411	36	리치한 풍미의 귀리음료에 다크로스트 원두의 풍미가 어우러지는 오트카페라떼
16	1417	121	지금 와우 가입하면 배달비 0원 + 25,000원 쿠폰
16	1434	781	가입하기
16	1489	63	100% (1개)
16	1489	149	ㆍ
16	1489	193	리뷰 (3)
16	1516	0	준비중
16	1563	36	(핫)오트카페라떼
17	0	0	(아이스)카페라떼
17	0	0	원조 인스턴트 커피의 맛을 부드럽게 느낄 수 있는 더벤티만의 믹스커피
17	0	381	오픈 준비 중
17	56	36	더벤티의 진한 에스프레소에 부드러운 우유가 어우러진 고소한 카페라떼
17	66	155	더벤티 수유역점 내 메뉴를 찾아보세요
17	104	63	98% (50개)
17	104	149	ㆍ
17	104	193	리뷰 (20)
17	151	114	커피
17	151	218	디카페인
17	151	366	저당 메뉴
17	151	520	라떼&버블티
17	151	705	에이드&주스
17	178	36	(핫)카페라떼
17	182	51	1 / 5
17	232	36	4,000원
17	248	349	더벤티 수유역점
17	290	36	더벤티의 진한 에스프레소에 부드러운 우유가 어우러진 고소한 카페라떼
17	298	404	4.9(2,202)
17	338	63	100% (55개)
17	338	159	ㆍ
17	338	203	리뷰 (22)
17	412	36	(아이스)시그니처딥라떼
17	466	36	4,800원
17	524	36	깊고 더 고소한 더벤티만의 시그니처 베이스로 완성한 카페 라떼
17	610	36	(핫)시그니처딥라떼
17	664	36	4,800원
17	722	36	깊고 더 고소한 더벤티만의 시그니처 베이스로 완성한 카페 라떼
17	808	36	(아이스)오트카페라떼
17	862	36	4,800원
17	920	36	리치한 풍미의 귀리음료에 다크로스트 원두의 풍미가 어우러지는 오트카페라떼
17	998	63	100% (1개)
17	998	149	ㆍ
17	998	193	리뷰 (3)
17	1072	36	(핫)오트카페라떼
17	1126	36	4,800원
17	1184	36	리치한 풍미의 귀리음료에 다크로스트 원두의 풍미가 어우러지는 오트카페라떼
17	1262	63	100% (1개)
17	1262	149	ㆍ
17	1262	193	리뷰 (1)
17	1336	36	(아이스)믹스커피
17	1390	36	3,500원
17	1417	121	지금 와우 가입하면 배달비 0원 + 25,000원 쿠폰
17	1434	781	가입하기
17	1448	36	원조 인스턴트 커피의 맛을 부드럽게 느낄 수 있는 더벤티만의 믹스커피
17	1496	63	100% (6개)
17	1496	149	ㆍ
17	1496	193	리뷰 (5)
17	1516	0	준비중
17	1570	36	(핫)믹스커피
18	0	0	100% (12개)
18	0	0	ㆍ
18	0	0	더벤티의 진한 에스프레소에 고급스러운 바닐라 풍미가 부드럽게 어우러진 바닐라딥라떼
18	0	0	리뷰 (2)
18	0	381	오픈 준비 중
18	66	155	더벤티 수유역점 내 메뉴를 찾아보세요
18	113	36	(핫)시그니처딥라떼
18	151	114	커피
18	151	218	디카페인
18	151	366	저당 메뉴
18	151	520	라떼&버블티
18	151	705	에이드&주스
18	167	36	4,800원
18	182	51	1 / 5
18	225	36	깊고 더 고소한 더벤티만의 시그니처 베이스로 완성한 카페 라떼
18	248	349	더벤티 수유역점
18	298	404	4.9(2,202)
18	311	36	(아이스)오트카페라떼
18	365	36	4,800원
18	423	36	리치한 풍미의 귀리음료에 다크로스트 원두의 풍미가 어우러지는 오트카페라떼
18	501	63	100% (1개)
18	501	149	ㆍ
18	501	193	리뷰 (3)
18	575	36	(핫)오트카페라떼
18	629	36	4,800원
18	687	36	리치한 풍미의 귀리음료에 다크로스트 원두의 풍미가 어우러지는 오트카페라떼
18	765	63	100% (1개)
18	765	149	ㆍ
18	765	193	리뷰 (1)
18	839	36	(아이스)믹스커피
18	893	36	3,500원
18	951	36	원조 인스턴트 커피의 맛을 부드럽게 느낄 수 있는 더벤티만의 믹스커피
18	999	63	100% (6개)
18	999	149	ㆍ
18	999	193	리뷰 (5)
18	1073	36	(핫)믹스커피
18	1127	36	3,500원
18	1185	36	원조 인스턴트 커피의 맛을 부드럽게 느낄 수 있는 더벤티만의 믹스커피
18	1271	36	(아이스)바닐라딥라떼
18	1325	36	4,700원
18	1383	36	더벤티의 진한 에스프레소에 고급스러운 바닐라 풍미가 부드럽게 어우러진 바닐라딥라떼
18	1417	121	지금 와우 가입하면 배달비 0원 + 25,000원 쿠폰
18	1434	781	가입하기
18	1461	63	93% (15개)
18	1461	149	ㆍ
18	1461	193	리뷰 (10)
18	1516	0	준비중
18	1535	36	(핫)바닐라딥라떼
18	1589	36	4,700원
19	0	0	100% (11개)
19	0	0	ㆍ
19	0	0	더벤티의 진한 에스프레소에 고소한 헤이즐넛 풍미가 감미롭게 어우러진 헤이즐넛딥라떼
19	0	0	리뷰 (2)
19	0	381	오픈 준비 중
19	66	155	더벤티 수유역점 내 메뉴를 찾아보세요
19	82	36	(핫)오트카페라떼
19	136	36	4,800원
19	151	114	커피
19	151	218	디카페인
19	151	366	저당 메뉴
19	151	520	라떼&버블티
19	151	705	에이드&주스
19	182	51	1 / 5
19	194	36	리치한 풍미의 귀리음료에 다크로스트 원두의 풍미가 어우러지는 오트카페라떼
19	248	349	더벤티 수유역점
19	272	63	100% (1개)
19	272	149	ㆍ
19	272	193	리뷰 (1)
19	298	404	4.9(2,202)
19	346	36	(아이스)믹스커피
19	400	36	3,500원
19	458	36	원조 인스턴트 커피의 맛을 부드럽게 느낄 수 있는 더벤티만의 믹스커피
19	506	63	100% (6개)
19	506	149	ㆍ
19	506	193	리뷰 (5)
19	580	36	(핫)믹스커피
19	634	36	3,500원
19	692	36	원조 인스턴트 커피의 맛을 부드럽게 느낄 수 있는 더벤티만의 믹스커피
19	778	36	(아이스)바닐라딥라떼
19	832	36	4,700원
19	890	36	더벤티의 진한 에스프레소에 고급스러운 바닐라 풍미가 부드럽게 어우러진 바닐라딥라떼
19	968	63	93% (15개)
19	968	149	ㆍ
19	968	193	리뷰 (10)
19	1042	36	(핫)바닐라딥라떼
19	1096	36	4,700원
19	1154	36	더벤티의 진한 에스프레소에 고급스러운 바닐라 풍미가 부드럽게 어우러진 바닐라딥라떼
19	1232	63	100% (12개)
19	1232	159	ㆍ
19	1232	203	리뷰 (2)
19	1306	36	(아이스)헤이즐넛딥라떼
19	1360	36	4,700원
19	1417	121	지금 와우 가입하면 배달비 0원 + 25,000원 쿠폰
19	1418	36	더벤티의 진한 에스프레소에 고소한 헤이즐넛 풍미가 감미롭게 어우러진 헤이즐넛딥라떼
19	1434	781	가입하기
19	1496	63	88% (8개)
19	1496	139	ㆍ
19	1496	183	리뷰 (7)
19	1516	0	준비중
19	1570	36	(핫)헤이즐넛딥라떼
20	0	0	(핫)코코넛라떼
20	0	0	더벤티의 진한 에스프레소에 고소한 코코넛 풍미가 부드럽게 어우러진 코코넛라떼
20	0	381	오픈 준비 중
20	66	155	더벤티 수유역점 내 메뉴를 찾아보세요
20	85	36	(핫)믹스커피
20	139	36	3,500원
20	151	114	커피
20	151	218	디카페인
20	151	366	저당 메뉴
20	151	520	라떼&버블티
20	151	705	에이드&주스
20	182	51	1 / 5
20	197	36	원조 인스턴트 커피의 맛을 부드럽게 느낄 수 있는 더벤티만의 믹스커피
20	248	349	더벤티 수유역점
20	283	36	(아이스)바닐라딥라떼
20	298	404	4.9(2,202)
20	337	36	4,700원
20	395	36	더벤티의 진한 에스프레소에 고급스러운 바닐라 풍미가 부드럽게 어우러진 바닐라딥라떼
20	473	63	93% (15개)
20	473	149	ㆍ
20	473	193	리뷰 (10)
20	547	36	(핫)바닐라딥라떼
20	601	36	4,700원
20	659	36	더벤티의 진한 에스프레소에 고급스러운 바닐라 풍미가 부드럽게 어우러진 바닐라딥라떼
20	737	63	100% (12개)
20	737	159	ㆍ
20	737	203	리뷰 (2)
20	811	36	(아이스)헤이즐넛딥라떼
20	865	36	4,700원
20	923	36	더벤티의 진한 에스프레소에 고소한 헤이즐넛 풍미가 감미롭게 어우러진 헤이즐넛딥라떼
20	1001	63	88% (8개)
20	1001	139	ㆍ
20	1001	183	리뷰 (7)
20	1075	36	(핫)헤이즐넛딥라떼
20	1129	36	4,700원
20	1187	36	더벤티의 진한 에스프레소에 고소한 헤이즐넛 풍미가 감미롭게 어우러진 헤이즐넛딥라떼
20	1265	63	100% (11개)
20	1265	159	ㆍ
20	1265	203	리뷰 (2)
20	1339	36	(아이스)코코넛라떼
20	1393	36	4,500원
20	1417	121	지금 와우 가입하면 배달비 0원 + 25,000원 쿠폰
20	1434	781	가입하기
20	1451	36	더벤티의 진한 에스프레소에 고소한 코코넛 풍미가 부드럽게 어우러진 코코넛라떼
20	1516	0	준비중
20	1529	63	리뷰 (1)
21	0	0	100% (6개)
21	0	0	ㆍ
21	0	0	더벤티의 진한 에스프레소에 달콤한 연유가 어우러진 부드러운 연유라떼
21	0	0	리뷰 (6)
21	0	381	오픈 준비 중
21	57	36	(핫)바닐라딥라떼
21	66	155	더벤티 수유역점 내 메뉴를 찾아보세요
21	132	36	4,700원
21	151	114	커피
21	151	218	디카페인
21	151	366	저당 메뉴
21	151	520	라떼&버블티
21	151	705	에이드&주스
21	169	36	더벤티의 진한 에스프레소에 고급스러운 바닐라 풍미가 부드럽게 어우러진 바닐라딥라떼
21	182	51	1 / 5
21	247	63	100% (12개)
21	247	159	ㆍ
21	247	203	리뷰 (2)
21	248	349	더벤티 수유역점
21	298	404	4.9(2,202)
21	321	36	(아이스)헤이즐넛딥라떼
21	375	36	4,700원
21	433	36	더벤티의 진한 에스프레소에 고소한 헤이즐넛 풍미가 감미롭게 어우러진 헤이즐넛딥라떼
21	511	63	88% (8개)
21	511	139	ㆍ
21	511	183	리뷰 (7)
21	585	36	(핫)헤이즐넛딥라떼
21	639	36	4,700원
21	697	36	더벤티의 진한 에스프레소에 고소한 헤이즐넛 풍미가 감미롭게 어우러진 헤이즐넛딥라떼
21	775	63	100% (11개)
21	775	159	ㆍ
21	775	203	리뷰 (2)
21	849	36	(아이스)코코넛라떼
21	903	36	4,500원
21	961	36	더벤티의 진한 에스프레소에 고소한 코코넛 풍미가 부드럽게 어우러진 코코넛라떼
21	1039	63	리뷰 (1)
21	1113	36	(핫)코코넛라떼
21	1167	36	4,500원
21	1225	36	더벤티의 진한 에스프레소에 고소한 코코넛 풍미가 부드럽게 어우러진 코코넛라떼
21	1333	36	(아이스)아인슈페너
21	1387	36	4,500원
21	1417	121	지금 와우 가입하면 배달비 0원 + 25,000원 쿠폰
21	1434	781	가입하기
21	1445	36	[음료 특성상 빨대는 제공되지 않습니다] 더벤티만의 특별한 레시피로 만든 크림을 얹어 부드럽고 달콤하게 마실 수 있는 아인슈페너 (하프벤티 사이즈)
21	1516	0	준비중
21	1523	63	100% (6개)
21	1523	149	ㆍ
21	1523	193	리뷰 (3)
21	1597	36	(아이스)연유라떼
22	0	0	100% (8개)
22	0	0	ㆍ
22	0	0	더벤티의 진한 에스프레소에 카라멜의 풍미가 어우러진 달콤한 카라멜 마끼야또
22	0	0	리뷰 (3)
22	0	381	오픈 준비 중
22	66	155	더벤티 수유역점 내 메뉴를 찾아보세요
22	94	36	(핫)헤이즐넛딥라떼
22	148	36	4,700원
22	151	114	커피
22	151	218	디카페인
22	151	366	저당 메뉴
22	151	520	라떼&버블티
22	151	705	에이드&주스
22	182	51	1 / 5
22	206	36	더벤티의 진한 에스프레소에 고소한 헤이즐넛 풍미가 감미롭게 어우러진 헤이즐넛딥라떼
22	248	349	더벤티 수유역점
22	284	63	100% (11개)
22	284	159	ㆍ
22	284	203	리뷰 (2)
22	298	404	4.9(2,202)
22	358	36	(아이스)코코넛라떼
22	412	36	4,500원
22	470	36	더벤티의 진한 에스프레소에 고소한 코코넛 풍미가 부드럽게 어우러진 코코넛라떼
22	548	63	리뷰 (1)
22	622	36	(핫)코코넛라떼
22	676	36	4,500원
22	734	36	더벤티의 진한 에스프레소에 고소한 코코넛 풍미가 부드럽게 어우러진 코코넛라떼
22	842	36	(아이스)아인슈페너
22	896	36	4,500원
22	954	36	[음료 특성상 빨대는 제공되지 않습니다] 더벤티만의 특별한 레시피로 만든 크림을 얹어 부드럽고 달콤하게 마실 수 있는 아인슈페너 (하프벤티 사이즈)
22	1032	63	100% (6개)
22	1032	149	ㆍ
22	1032	193	리뷰 (3)
22	1106	36	(아이스)연유라떼
22	1160	36	4,500원
22	1218	36	더벤티의 진한 에스프레소에 달콤한 연유가 어우러진 부드러운 연유라떼
22	1266	63	100% (6개)
22	1266	149	ㆍ
22	1266	193	리뷰 (6)
22	1340	36	(핫)연유라떼
22	1394	36	4,500원
22	1417	121	지금 와우 가입하면 배달비 0원 + 25,000원 쿠폰
22	1434	781	가입하기
22	1452	36	더벤티의 진한 에스프레소에 달콤한 연유가 어우러진 부드러운 연유라떼
22	1500	63	리뷰 (1)
22	1516	0	준비중
22	1574	36	(아이스)카라멜마끼야또
23	0	0	100% (4개)
23	0	0	ㆍ
23	0	0	더벤티의 진한 에스프레소에 달콤 쌉싸름한 초콜릿이 더해진 부드럽고 달콤한 카페모카
23	0	0	리뷰 (2)
23	0	381	오픈 준비 중
23	66	155	더벤티 수유역점 내 메뉴를 찾아보세요
23	126	36	(핫)코코넛라떼
23	151	114	커피
23	151	218	디카페인
23	151	366	저당 메뉴
23	151	520	라떼&버블티
23	151	705	에이드&주스
23	180	36	4,500원
23	182	51	1 / 5
23	238	36	더벤티의 진한 에스프레소에 고소한 코코넛 풍미가 부드럽게 어우러진 코코넛라떼
23	248	349	더벤티 수유역점
23	298	404	4.9(2,202)
23	346	36	(아이스)아인슈페너
23	400	36	4,500원
23	458	36	[음료 특성상 빨대는 제공되지 않습니다] 더벤티만의 특별한 레시피로 만든 크림을 얹어 부드럽고 달콤하게 마실 수 있는 아인슈페너 (하프벤티 사이즈)
23	536	63	100% (6개)
23	536	149	ㆍ
23	536	193	리뷰 (3)
23	610	36	(아이스)연유라떼
23	664	36	4,500원
23	722	36	더벤티의 진한 에스프레소에 달콤한 연유가 어우러진 부드러운 연유라떼
23	770	63	100% (6개)
23	770	149	ㆍ
23	770	193	리뷰 (6)
23	844	36	(핫)연유라떼
23	898	36	4,500원
23	956	36	더벤티의 진한 에스프레소에 달콤한 연유가 어우러진 부드러운 연유라떼
23	1004	63	리뷰 (1)
23	1078	36	(아이스)카라멜마끼야또
23	1132	36	4,500원
23	1190	36	더벤티의 진한 에스프레소에 카라멜의 풍미가 어우러진 달콤한 카라멜 마끼야또
23	1268	63	100% (8개)
23	1268	149	ㆍ
23	1268	193	리뷰 (3)
23	1342	36	(핫)카라멜마끼야또
23	1396	36	4,500원
23	1417	121	지금 와우 가입하면 배달비 0원 + 25,000원 쿠폰
23	1434	781	가입하기
23	1454	36	더벤티의 진한 에스프레소에 카라멜의 풍미가 어우러진 달콤한 카라멜 마끼야또
23	1516	0	준비중
23	1562	36	(아이스)카페모카
24	0	0	100% (3개)
24	0	0	ㆍ
24	0	0	리뷰 (1)
24	0	0	토피와 고소한 견과류의 풍미가 가득한 토피넛라떼
24	0	381	오픈 준비 중
24	66	155	더벤티 수유역점 내 메뉴를 찾아보세요
24	117	36	(아이스)연유라떼
24	151	114	커피
24	151	218	디카페인
24	151	366	저당 메뉴
24	151	520	라떼&버블티
24	151	705	에이드&주스
24	171	36	4,500원
24	182	51	1 / 5
24	229	36	더벤티의 진한 에스프레소에 달콤한 연유가 어우러진 부드러운 연유라떼
24	248	349	더벤티 수유역점
24	277	63	100% (6개)
24	277	149	ㆍ
24	277	193	리뷰 (6)
24	298	404	4.9(2,202)
24	351	36	(핫)연유라떼
24	405	36	4,500원
24	463	36	더벤티의 진한 에스프레소에 달콤한 연유가 어우러진 부드러운 연유라떼
24	511	63	리뷰 (1)
24	585	36	(아이스)카라멜마끼야또
24	639	36	4,500원
24	697	36	더벤티의 진한 에스프레소에 카라멜의 풍미가 어우러진 달콤한 카라멜 마끼야또
24	775	63	100% (8개)
24	775	149	ㆍ
24	775	193	리뷰 (3)
24	849	36	(핫)카라멜마끼야또
24	903	36	4,500원
24	961	36	더벤티의 진한 에스프레소에 카라멜의 풍미가 어우러진 달콤한 카라멜 마끼야또
24	1069	36	(아이스)카페모카
24	1123	36	4,500원
24	1181	36	더벤티의 진한 에스프레소에 달콤 쌉싸름한 초콜릿이 더해진 부드럽고 달콤한 카페모카
24	1259	63	100% (4개)
24	1259	149	ㆍ
24	1259	193	리뷰 (2)
24	1333	36	(핫)카페모카
24	1387	36	4,500원
24	1417	121	지금 와우 가입하면 배달비 0원 + 25,000원 쿠폰
24	1434	781	가입하기
24	1445	36	더벤티의 진한 에스프레소에 달콤 쌉싸름한 초콜릿이 더해진 부드럽고 달콤한 카페모카
24	1516	0	준비중
24	1553	36	(핫)토피넛라떼
25	0	0	리뷰 (1)
25	0	0	오트 베이스에 단백질 초코와 에스프레소를 더해 밸런스 있게 즐길 수 있는 카페라떼
25	0	381	오픈 준비 중
25	66	155	더벤티 수유역점 내 메뉴를 찾아보세요
25	95	36	(아이스)카라멜마끼야또
25	149	36	4,500원
25	151	114	커피
25	151	218	디카페인
25	151	366	저당 메뉴
25	151	520	라떼&버블티
25	151	705	에이드&주스
25	182	51	1 / 5
25	207	36	더벤티의 진한 에스프레소에 카라멜의 풍미가 어우러진 달콤한 카라멜 마끼야또
25	248	349	더벤티 수유역점
25	285	63	100% (8개)
25	285	149	ㆍ
25	285	193	리뷰 (3)
25	298	404	4.9(2,202)
25	359	36	(핫)카라멜마끼야또
25	413	36	4,500원
25	471	36	더벤티의 진한 에스프레소에 카라멜의 풍미가 어우러진 달콤한 카라멜 마끼야또
25	579	36	(아이스)카페모카
25	633	36	4,500원
25	691	36	더벤티의 진한 에스프레소에 달콤 쌉싸름한 초콜릿이 더해진 부드럽고 달콤한 카페모카
25	769	63	100% (4개)
25	769	149	ㆍ
25	769	193	리뷰 (2)
25	843	36	(핫)카페모카
25	897	36	4,500원
25	955	36	더벤티의 진한 에스프레소에 달콤 쌉싸름한 초콜릿이 더해진 부드럽고 달콤한 카페모카
25	1063	36	(핫)토피넛라떼
25	1117	36	4,700원
25	1175	36	토피와 고소한 견과류의 풍미가 가득한 토피넛라떼
25	1223	63	100% (3개)
25	1223	149	ㆍ
25	1223	193	리뷰 (1)
25	1297	36	(아이스)토피넛라떼
25	1351	36	4,700원
25	1409	36	토피와 고소한 견과류의 풍미가 가득한 토피넛라떼
25	1417	121	지금 와우 가입하면 배달비 0원 + 25,000원 쿠폰
25	1434	781	가입하기
25	1457	63	100% (8개)
25	1516	0	준비중
25	1531	36	(아이스)오트초코카페라떼
25	1585	36	5,100원
26	0	0	100% (3개)
26	0	0	ㆍ
26	0	0	리뷰 (2)
26	0	0	진한 홍차와 달콤한 복숭아에 더벤티의 진한 에스프레소가 어우러진 아샷추
26	0	381	오픈 준비 중
26	66	155	더벤티 수유역점 내 메뉴를 찾아보세요
26	88	36	(아이스)카페모카
26	142	36	4,500원
26	151	114	커피
26	151	218	디카페인
26	151	366	저당 메뉴
26	151	520	라떼&버블티
26	151	705	에이드&주스
26	182	51	1 / 5
26	200	36	더벤티의 진한 에스프레소에 달콤 쌉싸름한 초콜릿이 더해진 부드럽고 달콤한 카페모카
26	248	349	더벤티 수유역점
26	278	63	100% (4개)
26	278	149	ㆍ
26	278	193	리뷰 (2)
26	298	404	4.9(2,202)
26	352	36	(핫)카페모카
26	406	36	4,500원
26	464	36	더벤티의 진한 에스프레소에 달콤 쌉싸름한 초콜릿이 더해진 부드럽고 달콤한 카페모카
26	572	36	(핫)토피넛라떼
26	626	36	4,700원
26	684	36	토피와 고소한 견과류의 풍미가 가득한 토피넛라떼
26	732	63	100% (3개)
26	732	149	ㆍ
26	732	193	리뷰 (1)
26	806	36	(아이스)토피넛라떼
26	860	36	4,700원
26	918	36	토피와 고소한 견과류의 풍미가 가득한 토피넛라떼
26	966	63	100% (8개)
26	1040	36	(아이스)오트초코카페라떼
26	1094	36	5,100원
26	1152	36	오트 베이스에 단백질 초코와 에스프레소를 더해 밸런스 있게 즐길 수 있는 카페라떼
26	1230	63	리뷰 (1)
26	1304	36	(핫)오트초코카페라떼
26	1358	36	5,100원
26	1416	36	오트 베이스에 단백질 초코와 에스프레소를 더해 밸런스 있게 즐길 수 있는 카페라떼
26	1417	121	지금 와우 가입하면 배달비 0원 + 25,000원 쿠폰
26	1434	781	가입하기
26	1494	63	100% (1개)
26	1516	0	준비중
26	1568	36	아샷추
27	0	0	100% (5개)
27	0	0	ㆍ
27	0	0	더벤티만의 저온 고농도 추출로 깔끔한 맛과 부드러운 풍미가 특징인 더벤티만의 콜드브루
27	0	0	리뷰 (4)
27	0	381	오픈 준비 중
27	66	155	더벤티 수유역점 내 메뉴를 찾아보세요
27	84	36	(핫)토피넛라떼
27	138	36	4,700원
27	151	114	커피
27	151	218	디카페인
27	151	366	저당 메뉴
27	151	520	라떼&버블티
27	151	705	에이드&주스
27	182	51	1 / 5
27	196	36	토피와 고소한 견과류의 풍미가 가득한 토피넛라떼
27	244	63	100% (3개)
27	244	149	ㆍ
27	244	193	리뷰 (1)
27	248	349	더벤티 수유역점
27	298	404	4.9(2,202)
27	318	36	(아이스)토피넛라떼
27	372	36	4,700원
27	430	36	토피와 고소한 견과류의 풍미가 가득한 토피넛라떼
27	478	63	100% (8개)
27	552	36	(아이스)오트초코카페라떼
27	606	36	5,100원
27	664	36	오트 베이스에 단백질 초코와 에스프레소를 더해 밸런스 있게 즐길 수 있는 카페라떼
27	742	63	리뷰 (1)
27	816	36	(핫)오트초코카페라떼
27	870	36	5,100원
27	928	36	오트 베이스에 단백질 초코와 에스프레소를 더해 밸런스 있게 즐길 수 있는 카페라떼
27	1006	63	100% (1개)
27	1080	36	아샷추
27	1134	36	4,500원
27	1192	36	진한 홍차와 달콤한 복숭아에 더벤티의 진한 에스프레소가 어우러진 아샷추
27	1240	63	100% (3개)
27	1240	149	ㆍ
27	1240	193	리뷰 (2)
27	1314	36	레샷추
27	1368	36	5,000원
27	1417	121	지금 와우 가입하면 배달비 0원 + 25,000원 쿠폰
27	1426	36	달콤한 꿀과 상큼한 레몬에 더벤티의 진한 에스프레소가 어우러진 레샷추
27	1434	781	가입하기
27	1512	36	콜드브루
27	1516	0	준비중
27	1566	36	4,700원
28	0	0	100% (3개)
28	0	0	ㆍ
28	0	0	리뷰 (1)
28	0	0	바닐라 크림의 달콤함과 부드러움이 더해져 깔끔하게 즐기는 콜드브루 [크림은 완전히 섞어서 제공되므로 이미지와 다를 수 있습니다]
28	0	381	오픈 준비 중
28	65	36	(아이스)오트초코카페라떼
28	66	155	더벤티 수유역점 내 메뉴를 찾아보세요
28	132	36	5,100원
28	151	114	커피
28	151	218	디카페인
28	151	366	저당 메뉴
28	151	520	라떼&버블티
28	151	705	에이드&주스
28	177	36	오트 베이스에 단백질 초코와 에스프레소를 더해 밸런스 있게 즐길 수 있는 카페라떼
28	182	51	1 / 5
28	248	349	더벤티 수유역점
28	255	63	리뷰 (1)
28	298	404	4.9(2,202)
28	329	36	(핫)오트초코카페라떼
28	383	36	5,100원
28	441	36	오트 베이스에 단백질 초코와 에스프레소를 더해 밸런스 있게 즐길 수 있는 카페라떼
28	519	63	100% (1개)
28	593	36	아샷추
28	647	36	4,500원
28	705	36	진한 홍차와 달콤한 복숭아에 더벤티의 진한 에스프레소가 어우러진 아샷추
28	753	63	100% (3개)
28	753	149	ㆍ
28	753	193	리뷰 (2)
28	827	36	레샷추
28	881	36	5,000원
28	939	36	달콤한 꿀과 상큼한 레몬에 더벤티의 진한 에스프레소가 어우러진 레샷추
28	1025	36	콜드브루
28	1079	36	4,700원
28	1137	36	더벤티만의 저온 고농도 추출로 깔끔한 맛과 부드러운 풍미가 특징인 더벤티만의 콜드브루
28	1215	63	100% (5개)
28	1215	149	ㆍ
28	1215	193	리뷰 (4)
28	1289	36	콜드브루라떼
28	1343	36	5,200원
28	1401	36	더벤티만의 저온 고농도 추출로 깔끔한 맛과 부드러운 우유가 어우러진 고소한 더벤티만의 콜드브루 라떼
28	1417	121	지금 와우 가입하면 배달비 0원 + 25,000원 쿠폰
28	1434	781	가입하기
28	1479	63	100% (1개)
28	1516	0	준비중
28	1553	36	바닐라크림콜드브루
29	0	381	오픈 준비 중
29	66	155	더벤티 수유역점 내 메뉴를 찾아보세요
29	102	36	아샷추
29	151	114	커피
29	151	218	디카페인
29	151	366	저당 메뉴
29	151	520	라떼&버블티
29	151	705	에이드&주스
29	156	36	4,500원
29	182	51	1 / 5
29	214	36	진한 홍차와 달콤한 복숭아에 더벤티의 진한 에스프레소가 어우러진 아샷추
29	248	349	더벤티 수유역점
29	262	63	100% (3개)
29	262	149	ㆍ
29	262	193	리뷰 (2)
29	298	404	4.9(2,202)
29	336	36	레샷추
29	390	36	5,000원
29	448	36	달콤한 꿀과 상큼한 레몬에 더벤티의 진한 에스프레소가 어우러진 레샷추
29	534	36	콜드브루
29	588	36	4,700원
29	646	36	더벤티만의 저온 고농도 추출로 깔끔한 맛과 부드러운 풍미가 특징인 더벤티만의 콜드브루
29	724	63	100% (5개)
29	724	149	ㆍ
29	724	193	리뷰 (4)
29	798	36	콜드브루라떼
29	852	36	5,200원
29	910	36	더벤티만의 저온 고농도 추출로 깔끔한 맛과 부드러운 우유가 어우러진 고소한 더벤티만의 콜드브루 라떼
29	988	63	100% (1개)
29	1062	36	바닐라크림콜드브루
29	1116	36	5,400원
29	1174	36	바닐라 크림의 달콤함과 부드러움이 더해져 깔끔하게 즐기는 콜드브루 [크림은 완전히 섞어서 제공되므로 이미지와 다를 수 있습니다]
29	1252	63	100% (3개)
29	1252	149	ㆍ
29	1252	193	리뷰 (1)
29	1326	36	헤이즐넛크림콜드브루
29	1380	36	5,400원
29	1417	121	지금 와우 가입하면 배달비 0원 + 25,000원 쿠폰
29	1434	781	가입하기
29	1438	36	헤이즐넛 크림의 고소함과 부드러움이 더해져 깔끔하게 즐기는 콜드브루 [크림은 완전히 섞어서 제공되므로 이미지와 다를 수 있습니다]
29	1516	0	준비중
29	1576	42	디카페인
30	0	0	100% (3개)
30	0	381	오픈 준비 중
30	52	36	콜드브루
30	66	155	더벤티 수유역점 내 메뉴를 찾아보세요
30	132	36	4,700원
30	151	114	커피
30	151	218	디카페인
30	151	366	저당 메뉴
30	151	520	라떼&버블티
30	151	705	에이드&주스
30	164	36	더벤티만의 저온 고농도 추출로 깔끔한 맛과 부드러운 풍미가 특징인 더벤티만의 콜드브루
30	182	51	1 / 5
30	242	63	100% (5개)
30	242	149	ㆍ
30	242	193	리뷰 (4)
30	248	349	더벤티 수유역점
30	298	404	4.9(2,202)
30	316	36	콜드브루라떼
30	370	36	5,200원
30	428	36	더벤티만의 저온 고농도 추출로 깔끔한 맛과 부드러운 우유가 어우러진 고소한 더벤티만의 콜드브루 라떼
30	506	63	100% (1개)
30	580	36	바닐라크림콜드브루
30	634	36	5,400원
30	692	36	바닐라 크림의 달콤함과 부드러움이 더해져 깔끔하게 즐기는 콜드브루 [크림은 완전히 섞어서 제공되므로 이미지와 다를 수 있습니다]
30	770	63	100% (3개)
30	770	149	ㆍ
30	770	193	리뷰 (1)
30	844	36	헤이즐넛크림콜드브루
30	898	36	5,400원
30	956	36	헤이즐넛 크림의 고소함과 부드러움이 더해져 깔끔하게 즐기는 콜드브루 [크림은 완전히 섞어서 제공되므로 이미지와 다를 수 있습니다]
30	1094	42	디카페인
30	1140	36	디카페인 원두 : 카페인을 낮춘 깔끔한 맛과 향
30	1215	45	주문많음
30	1241	36	디카페인 (아이스)아메리카노
30	1295	36	4,000원
30	1353	36	더벤티의 깊고 진한 커피풍미를 느낄 수 있는 아메리카노
30	1401	63	95% (22개)
30	1401	149	ㆍ
30	1401	193	리뷰 (16)
30	1417	121	지금 와우 가입하면 배달비 0원 + 25,000원 쿠폰
30	1434	781	가입하기
30	1475	36	디카페인 (핫)아메리카노
30	1516	0	준비중
30	1529	36	3,500원
30	1587	36	더벤티의 깊고 진한 커피풍미를 느낄 수 있는 아메리카노
31	0	0	100% (1개)
31	0	0	ㆍ
31	0	0	리뷰 (1)
31	0	381	오픈 준비 중
31	66	155	더벤티 수유역점 내 메뉴를 찾아보세요
31	84	36	바닐라크림콜드브루
31	138	36	5,400원
31	151	114	커피
31	151	218	디카페인
31	151	366	저당 메뉴
31	151	520	라떼&버블티
31	151	705	에이드&주스
31	182	51	1 / 5
31	196	36	바닐라 크림의 달콤함과 부드러움이 더해져 깔끔하게 즐기는 콜드브루 [크림은 완전히 섞어서 제공되므로 이미지와 다를 수 있습니다]
31	248	349	더벤티 수유역점
31	274	63	100% (3개)
31	274	149	ㆍ
31	274	193	리뷰 (1)
31	298	404	4.9(2,202)
31	348	36	헤이즐넛크림콜드브루
31	402	36	5,400원
31	460	36	헤이즐넛 크림의 고소함과 부드러움이 더해져 깔끔하게 즐기는 콜드브루 [크림은 완전히 섞어서 제공되므로 이미지와 다를 수 있습니다]
31	598	42	디카페인
31	644	36	디카페인 원두 : 카페인을 낮춘 깔끔한 맛과 향
31	719	45	주문많음
31	745	36	디카페인 (아이스)아메리카노
31	799	36	4,000원
31	857	36	더벤티의 깊고 진한 커피풍미를 느낄 수 있는 아메리카노
31	905	63	95% (22개)
31	905	149	ㆍ
31	905	193	리뷰 (16)
31	979	36	디카페인 (핫)아메리카노
31	1033	36	3,500원
31	1091	36	더벤티의 깊고 진한 커피풍미를 느낄 수 있는 아메리카노
31	1139	63	100% (3개)
31	1213	36	디카페인 (아이스)카페라떼
31	1267	36	5,000원
31	1325	36	더벤티의 진한 에스프레소에 부드러운 우유가 어우러진 고소한 카페라떼
31	1373	63	100% (2개)
31	1373	149	ㆍ
31	1373	193	리뷰 (1)
31	1417	121	지금 와우 가입하면 배달비 0원 + 25,000원 쿠폰
31	1434	781	가입하기
31	1447	36	디카페인 (핫)카페라떼
31	1501	36	5,000원
31	1516	0	준비중
31	1559	36	더벤티의 진한 에스프레소에 부드러운 우유가 어우러진 고소한 카페라떼
32	0	0	100% (4개)
32	0	0	ㆍ
32	0	0	더벤티의 진한 에스프레소에 고급스러운 바닐라 풍미가 부드럽게 어우러진 바닐라딥라떼
32	0	0	디카페인 (아이스)바닐라딥라떼
32	0	0	리뷰 (3)
32	0	381	오픈 준비 중
32	66	155	더벤티 수유역점 내 메뉴를 찾아보세요
32	132	42	디카페인
32	151	36	디카페인 원두 : 카페인을 낮춘 깔끔한 맛과 향
32	151	114	디카페인
32	151	262	저당 메뉴
32	151	416	라떼&버블티
32	151	601	에이드&주스
32	151	786	로컬 에디션
32	182	51	1 / 5
32	226	45	주문많음
32	248	349	더벤티 수유역점
32	252	36	디카페인 (아이스)아메리카노
32	298	404	4.9(2,202)
32	306	36	4,000원
32	364	36	더벤티의 깊고 진한 커피풍미를 느낄 수 있는 아메리카노
32	412	63	95% (22개)
32	412	149	ㆍ
32	412	193	리뷰 (16)
32	486	36	디카페인 (핫)아메리카노
32	540	36	3,500원
32	598	36	더벤티의 깊고 진한 커피풍미를 느낄 수 있는 아메리카노
32	646	63	100% (3개)
32	720	36	디카페인 (아이스)카페라떼
32	774	36	5,000원
32	832	36	더벤티의 진한 에스프레소에 부드러운 우유가 어우러진 고소한 카페라떼
32	880	63	100% (2개)
32	880	149	ㆍ
32	880	193	리뷰 (1)
32	954	36	디카페인 (핫)카페라떼
32	1008	36	5,000원
32	1066	36	더벤티의 진한 에스프레소에 부드러운 우유가 어우러진 고소한 카페라떼
32	1114	63	100% (1개)
32	1114	149	ㆍ
32	1114	193	리뷰 (1)
32	1188	36	디카페인 (아이스)오트카페라떼
32	1242	36	5,800원
32	1300	36	리치한 풍미의 귀리음료에 디카페인 원두의 풍미가 어우러지는 오트카페라떼
32	1348	63	100% (1개)
32	1417	121	지금 와우 가입하면 배달비 0원 + 25,000원 쿠폰
32	1422	36	디카페인 (핫)오트카페라떼
32	1434	781	가입하기
32	1476	36	5,800원
32	1516	0	준비중
32	1534	36	리치한 풍미의 귀리음료에 디카페인 원두의 풍미가 어우러지는 오트카페라떼
33	0	36	디카페인 (핫)아메리카노
33	0	381	오픈 준비 중
33	66	155	더벤티 수유역점 내 메뉴를 찾아보세요
33	108	36	더벤티의 깊고 진한 커피풍미를 느낄 수 있는 아메리카노
33	151	114	디카페인
33	151	262	저당 메뉴
33	151	416	라떼&버블티
33	151	601	에이드&주스
33	151	786	로컬 에디션
33	156	63	100% (3개)
33	182	51	1 / 5
33	230	36	디카페인 (아이스)카페라떼
33	248	349	더벤티 수유역점
33	284	36	5,000원
33	298	404	4.9(2,202)
33	342	36	더벤티의 진한 에스프레소에 부드러운 우유가 어우러진 고소한 카페라떼
33	390	63	100% (2개)
33	390	149	ㆍ
33	390	193	리뷰 (1)
33	464	36	디카페인 (핫)카페라떼
33	518	36	5,000원
33	576	36	더벤티의 진한 에스프레소에 부드러운 우유가 어우러진 고소한 카페라떼
33	624	63	100% (1개)
33	624	149	ㆍ
33	624	193	리뷰 (1)
33	698	36	디카페인 (아이스)오트카페라떼
33	752	36	5,800원
33	810	36	리치한 풍미의 귀리음료에 디카페인 원두의 풍미가 어우러지는 오트카페라떼
33	858	63	100% (1개)
33	932	36	디카페인 (핫)오트카페라떼
33	986	36	5,800원
33	1044	36	리치한 풍미의 귀리음료에 디카페인 원두의 풍미가 어우러지는 오트카페라떼
33	1130	36	디카페인 (아이스)바닐라딥라떼
33	1184	36	5,700원
33	1242	36	더벤티의 진한 에스프레소에 고급스러운 바닐라 풍미가 부드럽게 어우러진 바닐라딥라떼
33	1320	63	100% (4개)
33	1320	149	ㆍ
33	1320	193	리뷰 (3)
33	1394	36	디카페인 (핫)바닐라딥라떼
33	1417	121	지금 와우 가입하면 배달비 0원 + 25,000원 쿠폰
33	1434	781	가입하기
33	1448	36	5,700원
33	1506	36	더벤티의 진한 에스프레소에 고급스러운 바닐라 풍미가 부드럽게 어우러진 바닐라딥라떼
33	1516	0	준비중
33	1584	63	리뷰 (1)
34	0	0	100% (1개)
34	0	0	ㆍ
34	0	0	리뷰 (1)
34	0	36	디카페인 (핫)카페라떼
34	0	381	오픈 준비 중
34	66	155	더벤티 수유역점 내 메뉴를 찾아보세요
34	87	36	더벤티의 진한 에스프레소에 부드러운 우유가 어우러진 고소한 카페라떼
34	135	63	100% (1개)
34	135	149	ㆍ
34	135	193	리뷰 (1)
34	151	114	디카페인
34	151	262	저당 메뉴
34	151	416	라떼&버블티
34	151	601	에이드&주스
34	151	786	로컬 에디션
34	182	51	1 / 5
34	209	36	디카페인 (아이스)오트카페라떼
34	248	349	더벤티 수유역점
34	263	36	5,800원
34	298	404	4.9(2,202)
34	321	36	리치한 풍미의 귀리음료에 디카페인 원두의 풍미가 어우러지는 오트카페라떼
34	369	63	100% (1개)
34	443	36	디카페인 (핫)오트카페라떼
34	497	36	5,800원
34	555	36	리치한 풍미의 귀리음료에 디카페인 원두의 풍미가 어우러지는 오트카페라떼
34	641	36	디카페인 (아이스)바닐라딥라떼
34	695	36	5,700원
34	753	36	더벤티의 진한 에스프레소에 고급스러운 바닐라 풍미가 부드럽게 어우러진 바닐라딥라떼
34	831	63	100% (4개)
34	831	149	ㆍ
34	831	193	리뷰 (3)
34	905	36	디카페인 (핫)바닐라딥라떼
34	959	36	5,700원
34	1017	36	더벤티의 진한 에스프레소에 고급스러운 바닐라 풍미가 부드럽게 어우러진 바닐라딥라떼
34	1095	63	리뷰 (1)
34	1169	36	디카페인 (아이스)헤이즐넛딥라떼
34	1223	36	5,700원
34	1281	36	더벤티의 진한 에스프레소에 고소한 헤이즐넛 풍미가 감미롭게 어우러진 헤이즐넛딥라떼
34	1359	63	100% (1개)
34	1417	121	지금 와우 가입하면 배달비 0원 + 25,000원 쿠폰
34	1433	36	디카페인 (핫)헤이즐넛딥라떼
34	1434	781	가입하기
34	1487	36	5,700원
34	1516	0	준비중
34	1545	36	더벤티의 진한 에스프레소에 고소한 헤이즐넛 풍미가 감미롭게 어우러진 헤이즐넛딥라떼
35	0	381	오픈 준비 중
35	66	155	더벤티 수유역점 내 메뉴를 찾아보세요
35	151	114	디카페인
35	151	262	저당 메뉴
35	151	416	라떼&버블티
35	151	601	에이드&주스
35	151	786	로컬 에디션
35	153	36	디카페인 (아이스)바닐라딥라떼
35	182	51	1 / 5
35	207	36	5,700원
35	248	349	더벤티 수유역점
35	265	36	더벤티의 진한 에스프레소에 고급스러운 바닐라 풍미가 부드럽게 어우러진 바닐라딥라떼
35	298	404	4.9(2,202)
35	343	63	100% (4개)
35	343	149	ㆍ
35	343	193	리뷰 (3)
35	417	36	디카페인 (핫)바닐라딥라떼
35	471	36	5,700원
35	529	36	더벤티의 진한 에스프레소에 고급스러운 바닐라 풍미가 부드럽게 어우러진 바닐라딥라떼
35	607	63	리뷰 (1)
35	681	36	디카페인 (아이스)헤이즐넛딥라떼
35	735	36	5,700원
35	793	36	더벤티의 진한 에스프레소에 고소한 헤이즐넛 풍미가 감미롭게 어우러진 헤이즐넛딥라떼
35	871	63	100% (1개)
35	945	36	디카페인 (핫)헤이즐넛딥라떼
35	999	36	5,700원
35	1057	36	더벤티의 진한 에스프레소에 고소한 헤이즐넛 풍미가 감미롭게 어우러진 헤이즐넛딥라떼
35	1135	63	100% (1개)
35	1135	149	ㆍ
35	1135	193	리뷰 (1)
35	1209	36	디카페인 (아이스)코코넛라떼
35	1263	36	5,500원
35	1321	36	더벤티의 진한 에스프레소에 고소한 코코넛 풍미가 부드럽게 어우러진 코코넛라떼
35	1417	121	지금 와우 가입하면 배달비 0원 + 25,000원 쿠폰
35	1429	36	디카페인 (핫)코코넛라떼
35	1434	781	가입하기
35	1483	36	5,500원
35	1516	0	준비중
35	1541	36	더벤티의 진한 에스프레소에 고소한 코코넛 풍미가 부드럽게 어우러진 코코넛라떼
36	0	0	깊고 더 고소한 더벤티만의 시그니처 베이스로 완성한 카페 라떼
36	0	0	디카페인 (핫)바닐라딥라떼
36	0	381	오픈 준비 중
36	48	36	더벤티의 진한 에스프레소에 고급스러운 바닐라 풍미가 부드럽게 어우러진 바닐라딥라떼
36	66	155	더벤티 수유역점 내 메뉴를 찾아보세요
36	126	63	리뷰 (1)
36	151	114	디카페인
36	151	262	저당 메뉴
36	151	416	라떼&버블티
36	151	601	에이드&주스
36	151	786	로컬 에디션
36	182	51	1 / 5
36	200	36	디카페인 (아이스)헤이즐넛딥라떼
36	248	349	더벤티 수유역점
36	254	36	5,700원
36	298	404	4.9(2,202)
36	312	36	더벤티의 진한 에스프레소에 고소한 헤이즐넛 풍미가 감미롭게 어우러진 헤이즐넛딥라떼
36	390	63	100% (1개)
36	464	36	디카페인 (핫)헤이즐넛딥라떼
36	518	36	5,700원
36	576	36	더벤티의 진한 에스프레소에 고소한 헤이즐넛 풍미가 감미롭게 어우러진 헤이즐넛딥라떼
36	654	63	100% (1개)
36	654	149	ㆍ
36	654	193	리뷰 (1)
36	728	36	디카페인 (아이스)코코넛라떼
36	782	36	5,500원
36	840	36	더벤티의 진한 에스프레소에 고소한 코코넛 풍미가 부드럽게 어우러진 코코넛라떼
36	948	36	디카페인 (핫)코코넛라떼
36	1002	36	5,500원
36	1060	36	더벤티의 진한 에스프레소에 고소한 코코넛 풍미가 부드럽게 어우러진 코코넛라떼
36	1168	36	디카페인 (아이스)연유라떼
36	1222	36	5,500원
36	1280	36	더벤티의 진한 에스프레소에 달콤한 연유가 어우러진 부드러운 연유라떼
36	1366	36	디카페인 (핫)연유라떼
36	1417	121	지금 와우 가입하면 배달비 0원 + 25,000원 쿠폰
36	1420	36	5,500원
36	1434	781	가입하기
36	1478	36	더벤티의 진한 에스프레소에 달콤한 연유가 어우러진 부드러운 연유라떼
36	1516	0	준비중
36	1564	36	디카페인 (아이스)시그니처딥라떼
37	0	0	100% (1개)
37	0	36	디카페인 (핫)헤이즐넛딥라떼
37	0	381	오픈 준비 중
37	66	155	더벤티 수유역점 내 메뉴를 찾아보세요
37	91	36	더벤티의 진한 에스프레소에 고소한 헤이즐넛 풍미가 감미롭게 어우러진 헤이즐넛딥라떼
37	151	114	디카페인
37	151	262	저당 메뉴
37	151	416	라떼&버블티
37	151	601	에이드&주스
37	151	786	로컬 에디션
37	169	63	100% (1개)
37	169	149	ㆍ
37	169	193	리뷰 (1)
37	182	51	1 / 5
37	243	36	디카페인 (아이스)코코넛라떼
37	248	349	더벤티 수유역점
37	297	36	5,500원
37	298	404	4.9(2,202)
37	355	36	더벤티의 진한 에스프레소에 고소한 코코넛 풍미가 부드럽게 어우러진 코코넛라떼
37	463	36	디카페인 (핫)코코넛라떼
37	517	36	5,500원
37	575	36	더벤티의 진한 에스프레소에 고소한 코코넛 풍미가 부드럽게 어우러진 코코넛라떼
37	683	36	디카페인 (아이스)연유라떼
37	737	36	5,500원
37	795	36	더벤티의 진한 에스프레소에 달콤한 연유가 어우러진 부드러운 연유라떼
37	881	36	디카페인 (핫)연유라떼
37	935	36	5,500원
37	993	36	더벤티의 진한 에스프레소에 달콤한 연유가 어우러진 부드러운 연유라떼
37	1079	36	디카페인 (아이스)시그니처딥라떼
37	1133	36	5,800원
37	1191	36	깊고 더 고소한 더벤티만의 시그니처 베이스로 완성한 카페 라떼
37	1277	36	디카페인 (핫)시그니처딥라떼
37	1331	36	5,800원
37	1389	36	깊고 더 고소한 더벤티만의 시그니처 베이스로 완성한 카페 라떼
37	1417	121	지금 와우 가입하면 배달비 0원 + 25,000원 쿠폰
37	1434	781	가입하기
37	1475	36	디카페인 (아이스)카라멜마끼아또
37	1516	0	준비중
37	1529	36	5,500원
37	1587	36	더벤티의 진한 에스프레소에 카라멜의 풍미가 어우러진 달콤한 카라멜 마끼야또
38	0	0	더벤티의 진한 에스프레소에 달콤 쌉싸름한 초콜릿이 더해진 부드럽고 달콤한 카페모카
38	0	36	디카페인 (핫)코코넛라떼
38	0	381	오픈 준비 중
38	66	155	더벤티 수유역점 내 메뉴를 찾아보세요
38	81	36	더벤티의 진한 에스프레소에 고소한 코코넛 풍미가 부드럽게 어우러진 코코넛라떼
38	151	114	디카페인
38	151	262	저당 메뉴
38	151	416	라떼&버블티
38	151	601	에이드&주스
38	151	786	로컬 에디션
38	182	51	1 / 5
38	189	36	디카페인 (아이스)연유라떼
38	243	36	5,500원
38	248	349	더벤티 수유역점
38	298	404	4.9(2,202)
38	301	36	더벤티의 진한 에스프레소에 달콤한 연유가 어우러진 부드러운 연유라떼
38	387	36	디카페인 (핫)연유라떼
38	441	36	5,500원
38	499	36	더벤티의 진한 에스프레소에 달콤한 연유가 어우러진 부드러운 연유라떼
38	585	36	디카페인 (아이스)시그니처딥라떼
38	639	36	5,800원
38	697	36	깊고 더 고소한 더벤티만의 시그니처 베이스로 완성한 카페 라떼
38	783	36	디카페인 (핫)시그니처딥라떼
38	837	36	5,800원
38	895	36	깊고 더 고소한 더벤티만의 시그니처 베이스로 완성한 카페 라떼
38	981	36	디카페인 (아이스)카라멜마끼아또
38	1035	36	5,500원
38	1093	36	더벤티의 진한 에스프레소에 카라멜의 풍미가 어우러진 달콤한 카라멜 마끼야또
38	1171	63	100% (1개)
38	1245	36	디카페인 (핫)카라멜마끼아또
38	1299	36	5,500원
38	1357	36	더벤티의 진한 에스프레소에 카라멜의 풍미가 어우러진 달콤한 카라멜 마끼야또
38	1417	121	지금 와우 가입하면 배달비 0원 + 25,000원 쿠폰
38	1434	781	가입하기
38	1435	63	100% (1개)
38	1435	149	ㆍ
38	1435	193	리뷰 (1)
38	1509	36	디카페인 (아이스)카페모카
38	1516	0	준비중
38	1563	36	5,500원
39	0	0	[음료 특성상 빨대는 제공되지 않습니다] 더벤티만의 특별한 레시피로 만든 크림을 얹어 부드럽고 달콤하게 마실 수 있는 아인슈페너 (하프벤티 사이즈)
39	0	0	리뷰 (2)
39	0	381	오픈 준비 중
39	66	155	더벤티 수유역점 내 메뉴를 찾아보세요
39	92	36	디카페인 (아이스)시그니처딥라떼
39	146	36	5,800원
39	151	114	디카페인
39	151	262	저당 메뉴
39	151	416	라떼&버블티
39	151	601	에이드&주스
39	151	786	로컬 에디션
39	182	51	1 / 5
39	204	36	깊고 더 고소한 더벤티만의 시그니처 베이스로 완성한 카페 라떼
39	248	349	더벤티 수유역점
39	290	36	디카페인 (핫)시그니처딥라떼
39	298	404	4.9(2,202)
39	344	36	5,800원
39	402	36	깊고 더 고소한 더벤티만의 시그니처 베이스로 완성한 카페 라떼
39	488	36	디카페인 (아이스)카라멜마끼아또
39	542	36	5,500원
39	600	36	더벤티의 진한 에스프레소에 카라멜의 풍미가 어우러진 달콤한 카라멜 마끼야또
39	678	63	100% (1개)
39	752	36	디카페인 (핫)카라멜마끼아또
39	806	36	5,500원
39	864	36	더벤티의 진한 에스프레소에 카라멜의 풍미가 어우러진 달콤한 카라멜 마끼야또
39	942	63	100% (1개)
39	942	149	ㆍ
39	942	193	리뷰 (1)
39	1016	36	디카페인 (아이스)카페모카
39	1070	36	5,500원
39	1128	36	더벤티의 진한 에스프레소에 달콤 쌉싸름한 초콜릿이 더해진 부드럽고 달콤한 카페모카
39	1236	36	디카페인(핫)카페모카
39	1290	36	5,500원
39	1348	36	더벤티의 진한 에스프레소에 달콤 쌉싸름한 초콜릿이 더해진 부드럽고 달콤한 카페모카
39	1417	121	지금 와우 가입하면 배달비 0원 + 25,000원 쿠폰
39	1426	63	리뷰 (1)
39	1434	781	가입하기
39	1500	36	디카페인(아이스)아인슈페너
39	1516	0	준비중
39	1554	36	5,500원
40	0	36	디카페인 (아이스)카라멜마끼아또
40	0	381	오픈 준비 중
40	66	155	더벤티 수유역점 내 메뉴를 찾아보세요
40	106	36	더벤티의 진한 에스프레소에 카라멜의 풍미가 어우러진 달콤한 카라멜 마끼야또
40	151	114	디카페인
40	151	262	저당 메뉴
40	151	416	라떼&버블티
40	151	601	에이드&주스
40	151	786	로컬 에디션
40	182	51	1 / 5
40	184	63	100% (1개)
40	248	349	더벤티 수유역점
40	258	36	디카페인 (핫)카라멜마끼아또
40	298	404	4.9(2,202)
40	312	36	5,500원
40	370	36	더벤티의 진한 에스프레소에 카라멜의 풍미가 어우러진 달콤한 카라멜 마끼야또
40	448	63	100% (1개)
40	448	149	ㆍ
40	448	193	리뷰 (1)
40	522	36	디카페인 (아이스)카페모카
40	576	36	5,500원
40	634	36	더벤티의 진한 에스프레소에 달콤 쌉싸름한 초콜릿이 더해진 부드럽고 달콤한 카페모카
40	742	36	디카페인(핫)카페모카
40	796	36	5,500원
40	854	36	더벤티의 진한 에스프레소에 달콤 쌉싸름한 초콜릿이 더해진 부드럽고 달콤한 카페모카
40	932	63	리뷰 (1)
40	1006	36	디카페인(아이스)아인슈페너
40	1060	36	5,500원
40	1118	36	[음료 특성상 빨대는 제공되지 않습니다] 더벤티만의 특별한 레시피로 만든 크림을 얹어 부드럽고 달콤하게 마실 수 있는 아인슈페너 (하프벤티 사이즈)
40	1196	63	리뷰 (2)
40	1270	36	디카페인 아샷추
40	1324	36	5,000원
40	1382	36	진한 홍차와 달콤한 복숭아에 더벤티의 진한 에스프레소가 어우러진 아샷추
40	1417	121	지금 와우 가입하면 배달비 0원 + 25,000원 쿠폰
40	1434	781	가입하기
40	1468	36	디카페인 레샷추
40	1516	0	준비중
40	1522	36	5,500원
40	1580	36	달콤한 꿀과 상큼한 레몬에 더벤티의 진한 에스프레소가 어우러진 레샷추
41	0	381	오픈 준비 중
41	35	36	디카페인 (아이스)카페모카
41	66	155	더벤티 수유역점 내 메뉴를 찾아보세요
41	147	36	더벤티의 진한 에스프레소에 달콤 쌉싸름한 초콜릿이 더해진 부드럽고 달콤한 카페모카
41	151	114	디카페인
41	151	262	저당 메뉴
41	151	416	라떼&버블티
41	151	601	에이드&주스
41	151	786	로컬 에디션
41	182	51	1 / 5
41	248	349	더벤티 수유역점
41	255	36	디카페인(핫)카페모카
41	298	404	4.9(2,202)
41	309	36	5,500원
41	367	36	더벤티의 진한 에스프레소에 달콤 쌉싸름한 초콜릿이 더해진 부드럽고 달콤한 카페모카
41	445	63	리뷰 (1)
41	519	36	디카페인(아이스)아인슈페너
41	573	36	5,500원
41	631	36	[음료 특성상 빨대는 제공되지 않습니다] 더벤티만의 특별한 레시피로 만든 크림을 얹어 부드럽고 달콤하게 마실 수 있는 아인슈페너 (하프벤티 사이즈)
41	709	63	리뷰 (2)
41	783	36	디카페인 아샷추
41	837	36	5,000원
41	895	36	진한 홍차와 달콤한 복숭아에 더벤티의 진한 에스프레소가 어우러진 아샷추
41	981	36	디카페인 레샷추
41	1035	36	5,500원
41	1093	36	달콤한 꿀과 상큼한 레몬에 더벤티의 진한 에스프레소가 어우러진 레샷추
41	1179	36	디카페인 콜드브루
41	1233	36	4,700원
41	1291	36	더벤티만의 저온 고농도 추출로 깔끔한 맛과 부드러운 풍미가 특징인 더벤티만의 디카페인 콜드브루
41	1399	36	디카페인 콜드브루라떼
41	1417	121	지금 와우 가입하면 배달비 0원 + 25,000원 쿠폰
41	1434	781	가입하기
41	1453	36	5,200원
41	1511	36	더벤티만의 저온 고농도 추출로 깔끔한 맛과 부드러운 우유가 어우러진 고소한 더벤티만의 디카페인 콜드브루 라떼
41	1516	0	준비중
41	1589	63	100% (7개)
42	0	381	오픈 준비 중
42	43	36	디카페인(아이스)아인슈페너
42	66	155	더벤티 수유역점 내 메뉴를 찾아보세요
42	132	36	5,500원
42	151	114	디카페인
42	151	262	저당 메뉴
42	151	416	라떼&버블티
42	151	601	에이드&주스
42	151	786	로컬 에디션
42	155	36	[음료 특성상 빨대는 제공되지 않습니다] 더벤티만의 특별한 레시피로 만든 크림을 얹어 부드럽고 달콤하게 마실 수 있는 아인슈페너 (하프벤티 사이즈)
42	182	51	1 / 5
42	233	63	리뷰 (2)
42	248	349	더벤티 수유역점
42	298	404	4.9(2,202)
42	307	36	디카페인 아샷추
42	361	36	5,000원
42	419	36	진한 홍차와 달콤한 복숭아에 더벤티의 진한 에스프레소가 어우러진 아샷추
42	505	36	디카페인 레샷추
42	559	36	5,500원
42	617	36	달콤한 꿀과 상큼한 레몬에 더벤티의 진한 에스프레소가 어우러진 레샷추
42	703	36	디카페인 콜드브루
42	757	36	4,700원
42	815	36	더벤티만의 저온 고농도 추출로 깔끔한 맛과 부드러운 풍미가 특징인 더벤티만의 디카페인 콜드브루
42	923	36	디카페인 콜드브루라떼
42	977	36	5,200원
42	1035	36	더벤티만의 저온 고농도 추출로 깔끔한 맛과 부드러운 우유가 어우러진 고소한 더벤티만의 디카페인 콜드브루 라떼
42	1113	63	100% (7개)
42	1187	36	디카페인 바닐라크림콜드브루
42	1241	36	5,400원
42	1299	36	바닐라 크림의 달콤함과 부드러움이 더해져 깔끔하게 즐기는 디카페인 콜드브루 [크림은 완전히 섞어서 제공되므로 이미지와 다를 수 있습니다]
42	1407	36	디카페인 헤이즐넛크림콜드브루
42	1417	121	지금 와우 가입하면 배달비 0원 + 25,000원 쿠폰
42	1434	781	가입하기
42	1461	36	5,400원
42	1516	0	준비중
42	1519	36	헤이즐넛 크림의 고소함과 부드러움이 더해져 깔끔하게 즐기는 디카페인 콜드브루 [크림은 완전히 섞어서 제공되므로 이미지와 다를 수 있습니다]
43	0	0	100% (6개)
43	0	0	ㆍ
43	0	0	더벤티의 진한 에스프레소에 고급스러운 바닐라 풍미가 부드럽게 어우러진 바닐라딥라떼(저당) (당알코올(에리스리톨) 함유 제품으로 과량 섭취 시 개인에 따라 복통 및 설사를 일으킬 수 있으니 민감하신 분은 주의해 주시기 바랍니다. * 저당 음료에 사용되는 감미료 종류는 홈페이지 공지사항에서 확인 가능합니다.)
43	0	0	리뷰 (10)
43	0	381	오픈 준비 중
43	16	36	디카페인 레샷추
43	66	155	더벤티 수유역점 내 메뉴를 찾아보세요
43	128	36	달콤한 꿀과 상큼한 레몬에 더벤티의 진한 에스프레소가 어우러진 레샷추
43	151	114	디카페인
43	151	262	저당 메뉴
43	151	416	라떼&버블티
43	151	601	에이드&주스
43	151	786	로컬 에디션
43	182	51	1 / 5
43	214	36	디카페인 콜드브루
43	248	349	더벤티 수유역점
43	268	36	4,700원
43	298	404	4.9(2,202)
43	326	36	더벤티만의 저온 고농도 추출로 깔끔한 맛과 부드러운 풍미가 특징인 더벤티만의 디카페인 콜드브루
43	434	36	디카페인 콜드브루라떼
43	488	36	5,200원
43	546	36	더벤티만의 저온 고농도 추출로 깔끔한 맛과 부드러운 우유가 어우러진 고소한 더벤티만의 디카페인 콜드브루 라떼
43	624	63	100% (7개)
43	698	36	디카페인 바닐라크림콜드브루
43	752	36	5,400원
43	810	36	바닐라 크림의 달콤함과 부드러움이 더해져 깔끔하게 즐기는 디카페인 콜드브루 [크림은 완전히 섞어서 제공되므로 이미지와 다를 수 있습니다]
43	918	36	디카페인 헤이즐넛크림콜드브루
43	972	36	5,400원
43	1030	36	헤이즐넛 크림의 고소함과 부드러움이 더해져 깔끔하게 즐기는 디카페인 콜드브루 [크림은 완전히 섞어서 제공되므로 이미지와 다를 수 있습니다]
43	1138	36	디카페인 에스프레소쉐이크
43	1192	36	5,900원
43	1250	36	부드러운 밀크쉐이크와 진한 에스프레소가 만나 더욱 풍성하게 즐길 수 있는 디카페인 에스프레소쉐이크
43	1328	63	100% (1개)
43	1417	121	지금 와우 가입하면 배달비 0원 + 25,000원 쿠폰
43	1432	42	저당 메뉴
43	1434	781	가입하기
43	1478	36	저당음료에 사용되는 감미료 종류는 홈페이지를 통해 확인 가능합니다. [영양성분 표시기준]당류(저) : 식품 100g당 5g미만
43	1516	0	준비중
43	1580	36	(아이스)저당 바닐라딥라떼
44	0	0	(아이스)저당 믹스커피
44	0	0	100% (4개)
44	0	0	ㆍ
44	0	0	디카페인 콜드브루라떼
44	0	0	리뷰 (1)
44	0	0	원조 인스턴트 커피의 맛을 부드럽게 느낄 수 있는 더벤티의 믹스커피(저당) (당알코올(에리스리톨) 함유 제품으로 과량 섭취 시 개인에 따라 복통 및 설사를 일으킬 수 있으니 민감하신 분은 주의해 주시기 바랍니다. * 저당 음료에 사용되는 감미료 종류는 홈페이지 공지사항에서 확인 가능합니다.)
44	0	381	오픈 준비 중
44	59	36	더벤티만의 저온 고농도 추출로 깔끔한 맛과 부드러운 우유가 어우러진 고소한 더벤티만의 디카페인 콜드브루 라떼
44	66	155	더벤티 수유역점 내 메뉴를 찾아보세요
44	137	63	100% (7개)
44	151	114	디카페인
44	151	262	저당 메뉴
44	151	416	라떼&버블티
44	151	601	에이드&주스
44	151	786	로컬 에디션
44	182	51	1 / 5
44	211	36	디카페인 바닐라크림콜드브루
44	248	349	더벤티 수유역점
44	265	36	5,400원
44	298	404	4.9(2,202)
44	323	36	바닐라 크림의 달콤함과 부드러움이 더해져 깔끔하게 즐기는 디카페인 콜드브루 [크림은 완전히 섞어서 제공되므로 이미지와 다를 수 있습니다]
44	431	36	디카페인 헤이즐넛크림콜드브루
44	485	36	5,400원
44	543	36	헤이즐넛 크림의 고소함과 부드러움이 더해져 깔끔하게 즐기는 디카페인 콜드브루 [크림은 완전히 섞어서 제공되므로 이미지와 다를 수 있습니다]
44	651	36	디카페인 에스프레소쉐이크
44	705	36	5,900원
44	763	36	부드러운 밀크쉐이크와 진한 에스프레소가 만나 더욱 풍성하게 즐길 수 있는 디카페인 에스프레소쉐이크
44	841	63	100% (1개)
44	945	42	저당 메뉴
44	991	36	저당음료에 사용되는 감미료 종류는 홈페이지를 통해 확인 가능합니다. [영양성분 표시기준]당류(저) : 식품 100g당 5g미만
44	1093	36	(아이스)저당 바닐라딥라떼
44	1147	36	4,700원
44	1205	36	더벤티의 진한 에스프레소에 고급스러운 바닐라 풍미가 부드럽게 어우러진 바닐라딥라떼(저당) (당알코올(에리스리톨) 함유 제품으로 과량 섭취 시 개인에 따라 복통 및 설사를 일으킬 수 있으니 민감하신 분은 주의해 주시기 바랍니다. * 저당 음료에 사용되는 감미료 종류는 홈페이지 공지사항에서 확인 가능합니다.)
44	1283	63	100% (6개)
44	1283	149	ㆍ
44	1283	193	리뷰 (10)
44	1357	36	(핫)저당 바닐라딥라떼
44	1411	36	4,700원
44	1417	121	지금 와우 가입하면 배달비 0원 + 25,000원 쿠폰
44	1434	781	가입하기
44	1469	36	더벤티의 진한 에스프레소에 고급스러운 바닐라 풍미가 부드럽게 어우러진 바닐라딥라떼(저당) (당알코올(에리스리톨) 함유 제품으로 과량 섭취 시 개인에 따라 복통 및 설사를 일으킬 수 있으니 민감하신 분은 주의해 주시기 바랍니다. * 저당 음료에 사용되는 감미료 종류는 홈페이지 공지사항에서 확인 가능합니다.)
44	1516	0	준비중
44	1547	63	100% (1개)
44	1547	149	ㆍ
44	1547	193	리뷰 (1)
45	0	0	(아이스)저당 코코넛라떼
45	0	0	100% (1개)
45	0	0	ㆍ
45	0	0	더벤티의 진한 에스프레소에 고소한 코코넛 풍미가 부드럽게 어우러진 코코넛라떼(저당) (당알코올(에리스리톨) 함유 제품으로 과량 섭취 시 개인에 따라 복통 및 설사를 일으킬 수 있으니 민감하신 분은 주의해 주시기 바랍니다. * 저당 음료에 사용되는 감미료 종류는 홈페이지 공지사항에서 확인 가능합니다.)
45	0	0	디카페인 헤이즐넛크림콜드브루
45	0	0	리뷰 (1)
45	0	381	오픈 준비 중
45	57	36	헤이즐넛 크림의 고소함과 부드러움이 더해져 깔끔하게 즐기는 디카페인 콜드브루 [크림은 완전히 섞어서 제공되므로 이미지와 다를 수 있습니다]
45	66	155	더벤티 수유역점 내 메뉴를 찾아보세요
45	151	114	디카페인
45	151	262	저당 메뉴
45	151	416	라떼&버블티
45	151	601	에이드&주스
45	151	786	로컬 에디션
45	165	36	디카페인 에스프레소쉐이크
45	182	51	1 / 5
45	219	36	5,900원
45	248	349	더벤티 수유역점
45	277	36	부드러운 밀크쉐이크와 진한 에스프레소가 만나 더욱 풍성하게 즐길 수 있는 디카페인 에스프레소쉐이크
45	298	404	4.9(2,202)
45	355	63	100% (1개)
45	459	42	저당 메뉴
45	505	36	저당음료에 사용되는 감미료 종류는 홈페이지를 통해 확인 가능합니다. [영양성분 표시기준]당류(저) : 식품 100g당 5g미만
45	607	36	(아이스)저당 바닐라딥라떼
45	661	36	4,700원
45	719	36	더벤티의 진한 에스프레소에 고급스러운 바닐라 풍미가 부드럽게 어우러진 바닐라딥라떼(저당) (당알코올(에리스리톨) 함유 제품으로 과량 섭취 시 개인에 따라 복통 및 설사를 일으킬 수 있으니 민감하신 분은 주의해 주시기 바랍니다. * 저당 음료에 사용되는 감미료 종류는 홈페이지 공지사항에서 확인 가능합니다.)
45	797	63	100% (6개)
45	797	149	ㆍ
45	797	193	리뷰 (10)
45	871	36	(핫)저당 바닐라딥라떼
45	925	36	4,700원
45	983	36	더벤티의 진한 에스프레소에 고급스러운 바닐라 풍미가 부드럽게 어우러진 바닐라딥라떼(저당) (당알코올(에리스리톨) 함유 제품으로 과량 섭취 시 개인에 따라 복통 및 설사를 일으킬 수 있으니 민감하신 분은 주의해 주시기 바랍니다. * 저당 음료에 사용되는 감미료 종류는 홈페이지 공지사항에서 확인 가능합니다.)
45	1061	63	100% (1개)
45	1061	149	ㆍ
45	1061	193	리뷰 (1)
45	1135	36	(아이스)저당 믹스커피
45	1189	36	3,500원
45	1247	36	원조 인스턴트 커피의 맛을 부드럽게 느낄 수 있는 더벤티의 믹스커피(저당) (당알코올(에리스리톨) 함유 제품으로 과량 섭취 시 개인에 따라 복통 및 설사를 일으킬 수 있으니 민감하신 분은 주의해 주시기 바랍니다. * 저당 음료에 사용되는 감미료 종류는 홈페이지 공지사항에서 확인 가능합니다.)
45	1325	63	100% (4개)
45	1325	149	ㆍ
45	1325	193	리뷰 (1)
45	1399	36	(핫)저당 믹스커피
45	1417	121	지금 와우 가입하면 배달비 0원 + 25,000원 쿠폰
45	1434	781	가입하기
45	1453	36	3,500원
45	1511	36	원조 인스턴트 커피의 맛을 부드럽게 느낄 수 있는 더벤티의 믹스커피(저당) (당알코올(에리스리톨) 함유 제품으로 과량 섭취 시 개인에 따라 복통 및 설사를 일으킬 수 있으니 민감하신 분은 주의해 주시기 바랍니다. * 저당 음료에 사용되는 감미료 종류는 홈페이지 공지사항에서 확인 가능합니다.)
45	1516	0	준비중
46	0	0	(아이스)저당 카페모카
46	0	0	100% (1개)
46	0	0	ㆍ
46	0	0	더벤티의 진한 에스프레소에 달콤 쌉싸름한 초콜릿이 더해진 부드럽고 달콤한 카페모카(저당/휘핑은 제외됩니다.) (당알코올(에리스리톨) 함유 제품으로 과량 섭취 시 개인에 따라 복통 및 설사를 일으킬 수 있으니 민감하신 분은 주의해 주시기 바랍니다. * 저당 음료에 사용되는 감미료 종류는 홈페이지 공지사항에서 확인 가능합니다.)
46	0	0	리뷰 (2)
46	0	381	오픈 준비 중
46	66	155	더벤티 수유역점 내 메뉴를 찾아보세요
46	114	36	(아이스)저당 바닐라딥라떼
46	151	114	저당 메뉴
46	151	268	라떼&버블티
46	151	453	에이드&주스
46	151	638	로컬 에디션
46	151	814	아이스 블렌디드
46	168	36	4,700원
46	182	51	1 / 5
46	226	36	더벤티의 진한 에스프레소에 고급스러운 바닐라 풍미가 부드럽게 어우러진 바닐라딥라떼(저당) (당알코올(에리스리톨) 함유 제품으로 과량 섭취 시 개인에 따라 복통 및 설사를 일으킬 수 있으니 민감하신 분은 주의해 주시기 바랍니다. * 저당 음료에 사용되는 감미료 종류는 홈페이지 공지사항에서 확인 가능합니다.)
46	248	349	더벤티 수유역점
46	298	404	4.9(2,202)
46	304	63	100% (6개)
46	304	149	ㆍ
46	304	193	리뷰 (10)
46	378	36	(핫)저당 바닐라딥라떼
46	432	36	4,700원
46	490	36	더벤티의 진한 에스프레소에 고급스러운 바닐라 풍미가 부드럽게 어우러진 바닐라딥라떼(저당) (당알코올(에리스리톨) 함유 제품으로 과량 섭취 시 개인에 따라 복통 및 설사를 일으킬 수 있으니 민감하신 분은 주의해 주시기 바랍니다. * 저당 음료에 사용되는 감미료 종류는 홈페이지 공지사항에서 확인 가능합니다.)
46	568	63	100% (1개)
46	568	149	ㆍ
46	568	193	리뷰 (1)
46	642	36	(아이스)저당 믹스커피
46	696	36	3,500원
46	754	36	원조 인스턴트 커피의 맛을 부드럽게 느낄 수 있는 더벤티의 믹스커피(저당) (당알코올(에리스리톨) 함유 제품으로 과량 섭취 시 개인에 따라 복통 및 설사를 일으킬 수 있으니 민감하신 분은 주의해 주시기 바랍니다. * 저당 음료에 사용되는 감미료 종류는 홈페이지 공지사항에서 확인 가능합니다.)
46	832	63	100% (4개)
46	832	149	ㆍ
46	832	193	리뷰 (1)
46	906	36	(핫)저당 믹스커피
46	960	36	3,500원
46	1018	36	원조 인스턴트 커피의 맛을 부드럽게 느낄 수 있는 더벤티의 믹스커피(저당) (당알코올(에리스리톨) 함유 제품으로 과량 섭취 시 개인에 따라 복통 및 설사를 일으킬 수 있으니 민감하신 분은 주의해 주시기 바랍니다. * 저당 음료에 사용되는 감미료 종류는 홈페이지 공지사항에서 확인 가능합니다.)
46	1126	36	(아이스)저당 코코넛라떼
46	1180	36	4,500원
46	1238	36	더벤티의 진한 에스프레소에 고소한 코코넛 풍미가 부드럽게 어우러진 코코넛라떼(저당) (당알코올(에리스리톨) 함유 제품으로 과량 섭취 시 개인에 따라 복통 및 설사를 일으킬 수 있으니 민감하신 분은 주의해 주시기 바랍니다. * 저당 음료에 사용되는 감미료 종류는 홈페이지 공지사항에서 확인 가능합니다.)
46	1316	63	100% (1개)
46	1316	149	ㆍ
46	1316	193	리뷰 (1)
46	1390	36	(핫)저당 코코넛라떼
46	1417	121	지금 와우 가입하면 배달비 0원 + 25,000원 쿠폰
46	1434	781	가입하기
46	1444	36	4,500원
46	1502	36	더벤티의 진한 에스프레소에 고소한 코코넛 풍미가 부드럽게 어우러진 코코넛라떼(저당) (당알코올(에리스리톨) 함유 제품으로 과량 섭취 시 개인에 따라 복통 및 설사를 일으킬 수 있으니 민감하신 분은 주의해 주시기 바랍니다. * 저당 음료에 사용되는 감미료 종류는 홈페이지 공지사항에서 확인 가능합니다.)
46	1516	0	준비중
47	0	381	오픈 준비 중
47	66	155	더벤티 수유역점 내 메뉴를 찾아보세요
47	151	114	저당 메뉴
47	151	268	라떼&버블티
47	151	453	에이드&주스
47	151	638	로컬 에디션
47	151	814	아이스 블렌디드
47	152	36	(아이스)저당 믹스커피
47	182	51	1 / 5
47	206	36	3,500원
47	248	349	더벤티 수유역점
47	264	36	원조 인스턴트 커피의 맛을 부드럽게 느낄 수 있는 더벤티의 믹스커피(저당) (당알코올(에리스리톨) 함유 제품으로 과량 섭취 시 개인에 따라 복통 및 설사를 일으킬 수 있으니 민감하신 분은 주의해 주시기 바랍니다. * 저당 음료에 사용되는 감미료 종류는 홈페이지 공지사항에서 확인 가능합니다.)
47	298	404	4.9(2,202)
47	342	63	100% (4개)
47	342	149	ㆍ
47	342	193	리뷰 (1)
47	416	36	(핫)저당 믹스커피
47	470	36	3,500원
47	528	36	원조 인스턴트 커피의 맛을 부드럽게 느낄 수 있는 더벤티의 믹스커피(저당) (당알코올(에리스리톨) 함유 제품으로 과량 섭취 시 개인에 따라 복통 및 설사를 일으킬 수 있으니 민감하신 분은 주의해 주시기 바랍니다. * 저당 음료에 사용되는 감미료 종류는 홈페이지 공지사항에서 확인 가능합니다.)
47	636	36	(아이스)저당 코코넛라떼
47	690	36	4,500원
47	748	36	더벤티의 진한 에스프레소에 고소한 코코넛 풍미가 부드럽게 어우러진 코코넛라떼(저당) (당알코올(에리스리톨) 함유 제품으로 과량 섭취 시 개인에 따라 복통 및 설사를 일으킬 수 있으니 민감하신 분은 주의해 주시기 바랍니다. * 저당 음료에 사용되는 감미료 종류는 홈페이지 공지사항에서 확인 가능합니다.)
47	826	63	100% (1개)
47	826	149	ㆍ
47	826	193	리뷰 (1)
47	900	36	(핫)저당 코코넛라떼
47	954	36	4,500원
47	1012	36	더벤티의 진한 에스프레소에 고소한 코코넛 풍미가 부드럽게 어우러진 코코넛라떼(저당) (당알코올(에리스리톨) 함유 제품으로 과량 섭취 시 개인에 따라 복통 및 설사를 일으킬 수 있으니 민감하신 분은 주의해 주시기 바랍니다. * 저당 음료에 사용되는 감미료 종류는 홈페이지 공지사항에서 확인 가능합니다.)
47	1120	36	(아이스)저당 카페모카
47	1174	36	4,500원
47	1232	36	더벤티의 진한 에스프레소에 달콤 쌉싸름한 초콜릿이 더해진 부드럽고 달콤한 카페모카(저당/휘핑은 제외됩니다.) (당알코올(에리스리톨) 함유 제품으로 과량 섭취 시 개인에 따라 복통 및 설사를 일으킬 수 있으니 민감하신 분은 주의해 주시기 바랍니다. * 저당 음료에 사용되는 감미료 종류는 홈페이지 공지사항에서 확인 가능합니다.)
47	1310	63	100% (1개)
47	1310	149	ㆍ
47	1310	193	리뷰 (2)
47	1384	36	(핫)저당 카페모카
47	1417	121	지금 와우 가입하면 배달비 0원 + 25,000원 쿠폰
47	1434	781	가입하기
47	1438	36	4,500원
47	1496	36	더벤티의 진한 에스프레소에 달콤 쌉싸름한 초콜릿이 더해진 부드럽고 달콤한 카페모카(저당/휘핑은 제외됩니다.) (당알코올(에리스리톨) 함유 제품으로 과량 섭취 시 개인에 따라 복통 및 설사를 일으킬 수 있으니 민감하신 분은 주의해 주시기 바랍니다. * 저당 음료에 사용되는 감미료 종류는 홈페이지 공지사항에서 확인 가능합니다.)
47	1516	0	준비중
47	1574	63	100% (1개)
47	1574	149	ㆍ
47	1574	193	리뷰 (1)
48	0	0	100% (1개)
48	0	381	오픈 준비 중
48	66	155	더벤티 수유역점 내 메뉴를 찾아보세요
48	147	36	(아이스)저당 코코넛라떼
48	151	114	저당 메뉴
48	151	268	라떼&버블티
48	151	453	에이드&주스
48	151	638	로컬 에디션
48	151	814	아이스 블렌디드
48	182	51	1 / 5
48	201	36	4,500원
48	248	349	더벤티 수유역점
48	259	36	더벤티의 진한 에스프레소에 고소한 코코넛 풍미가 부드럽게 어우러진 코코넛라떼(저당) (당알코올(에리스리톨) 함유 제품으로 과량 섭취 시 개인에 따라 복통 및 설사를 일으킬 수 있으니 민감하신 분은 주의해 주시기 바랍니다. * 저당 음료에 사용되는 감미료 종류는 홈페이지 공지사항에서 확인 가능합니다.)
48	298	404	4.9(2,202)
48	337	63	100% (1개)
48	337	149	ㆍ
48	337	193	리뷰 (1)
48	411	36	(핫)저당 코코넛라떼
48	465	36	4,500원
48	523	36	더벤티의 진한 에스프레소에 고소한 코코넛 풍미가 부드럽게 어우러진 코코넛라떼(저당) (당알코올(에리스리톨) 함유 제품으로 과량 섭취 시 개인에 따라 복통 및 설사를 일으킬 수 있으니 민감하신 분은 주의해 주시기 바랍니다. * 저당 음료에 사용되는 감미료 종류는 홈페이지 공지사항에서 확인 가능합니다.)
48	631	36	(아이스)저당 카페모카
48	685	36	4,500원
48	743	36	더벤티의 진한 에스프레소에 달콤 쌉싸름한 초콜릿이 더해진 부드럽고 달콤한 카페모카(저당/휘핑은 제외됩니다.) (당알코올(에리스리톨) 함유 제품으로 과량 섭취 시 개인에 따라 복통 및 설사를 일으킬 수 있으니 민감하신 분은 주의해 주시기 바랍니다. * 저당 음료에 사용되는 감미료 종류는 홈페이지 공지사항에서 확인 가능합니다.)
48	821	63	100% (1개)
48	821	149	ㆍ
48	821	193	리뷰 (2)
48	895	36	(핫)저당 카페모카
48	949	36	4,500원
48	1007	36	더벤티의 진한 에스프레소에 달콤 쌉싸름한 초콜릿이 더해진 부드럽고 달콤한 카페모카(저당/휘핑은 제외됩니다.) (당알코올(에리스리톨) 함유 제품으로 과량 섭취 시 개인에 따라 복통 및 설사를 일으킬 수 있으니 민감하신 분은 주의해 주시기 바랍니다. * 저당 음료에 사용되는 감미료 종류는 홈페이지 공지사항에서 확인 가능합니다.)
48	1085	63	100% (1개)
48	1085	149	ㆍ
48	1085	193	리뷰 (1)
48	1159	36	(아이스)저당 초코라떼
48	1213	36	4,500원
48	1271	36	진하고 풍부한 초콜릿과 부드러운 우유가 어우러진 달콤한 초코라떼(저당/휘핑은 제외됩니다.) (당알코올(에리스리톨) 함유 제품으로 과량 섭취 시 개인에 따라 복통 및 설사를 일으킬 수 있으니 민감하신 분은 주의해 주시기 바랍니다. * 저당 음료에 사용되는 감미료 종류는 홈페이지 공지사항에서 확인 가능합니다.)
48	1349	63	100% (7개)
48	1349	149	ㆍ
48	1349	193	리뷰 (2)
48	1417	121	지금 와우 가입하면 배달비 0원 + 25,000원 쿠폰
48	1423	36	(핫)저당 초코라떼
48	1434	781	가입하기
48	1477	36	4,500원
48	1516	0	준비중
48	1535	36	진하고 풍부한 초콜릿과 부드러운 우유가 어우러진 달콤한 초코라떼(저당/휘핑은 제외됩니다.) (당알코올(에리스리톨) 함유 제품으로 과량 섭취 시 개인에 따라 복통 및 설사를 일으킬 수 있으니 민감하신 분은 주의해 주시기 바랍니다. * 저당 음료에 사용되는 감미료 종류는 홈페이지 공지사항에서 확인 가능합니다.)
49	0	0	100% (2개)
49	0	381	오픈 준비 중
49	66	155	더벤티 수유역점 내 메뉴를 찾아보세요
49	134	36	(아이스)저당 카페모카
49	151	114	저당 메뉴
49	151	268	라떼&버블티
49	151	453	에이드&주스
49	151	638	로컬 에디션
49	151	814	아이스 블렌디드
49	182	51	1 / 5
49	188	36	4,500원
49	246	36	더벤티의 진한 에스프레소에 달콤 쌉싸름한 초콜릿이 더해진 부드럽고 달콤한 카페모카(저당/휘핑은 제외됩니다.) (당알코올(에리스리톨) 함유 제품으로 과량 섭취 시 개인에 따라 복통 및 설사를 일으킬 수 있으니 민감하신 분은 주의해 주시기 바랍니다. * 저당 음료에 사용되는 감미료 종류는 홈페이지 공지사항에서 확인 가능합니다.)
49	248	349	더벤티 수유역점
49	298	404	4.9(2,202)
49	324	63	100% (1개)
49	324	149	ㆍ
49	324	193	리뷰 (2)
49	398	36	(핫)저당 카페모카
49	452	36	4,500원
49	510	36	더벤티의 진한 에스프레소에 달콤 쌉싸름한 초콜릿이 더해진 부드럽고 달콤한 카페모카(저당/휘핑은 제외됩니다.) (당알코올(에리스리톨) 함유 제품으로 과량 섭취 시 개인에 따라 복통 및 설사를 일으킬 수 있으니 민감하신 분은 주의해 주시기 바랍니다. * 저당 음료에 사용되는 감미료 종류는 홈페이지 공지사항에서 확인 가능합니다.)
49	588	63	100% (1개)
49	588	149	ㆍ
49	588	193	리뷰 (1)
49	662	36	(아이스)저당 초코라떼
49	716	36	4,500원
49	774	36	진하고 풍부한 초콜릿과 부드러운 우유가 어우러진 달콤한 초코라떼(저당/휘핑은 제외됩니다.) (당알코올(에리스리톨) 함유 제품으로 과량 섭취 시 개인에 따라 복통 및 설사를 일으킬 수 있으니 민감하신 분은 주의해 주시기 바랍니다. * 저당 음료에 사용되는 감미료 종류는 홈페이지 공지사항에서 확인 가능합니다.)
49	852	63	100% (7개)
49	852	149	ㆍ
49	852	193	리뷰 (2)
49	926	36	(핫)저당 초코라떼
49	980	36	4,500원
49	1038	36	진하고 풍부한 초콜릿과 부드러운 우유가 어우러진 달콤한 초코라떼(저당/휘핑은 제외됩니다.) (당알코올(에리스리톨) 함유 제품으로 과량 섭취 시 개인에 따라 복통 및 설사를 일으킬 수 있으니 민감하신 분은 주의해 주시기 바랍니다. * 저당 음료에 사용되는 감미료 종류는 홈페이지 공지사항에서 확인 가능합니다.)
49	1116	63	100% (1개)
49	1190	36	(아이스)저당 말차라떼
49	1244	36	4,500원
49	1302	36	보성 말차와 부드러운 우유가 어우러진 깔끔하고 쌉싸름한 말차라떼(저당) (당알코올(에리스리톨) 함유 제품으로 과량 섭취 시 개인에 따라 복통 및 설사를 일으킬 수 있으니 민감하신 분은 주의해 주시기 바랍니다. * 저당 음료에 사용되는 감미료 종류는 홈페이지 공지사항에서 확인 가능합니다.)
49	1380	63	83% (6개)
49	1380	139	ㆍ
49	1380	183	리뷰 (3)
49	1417	121	지금 와우 가입하면 배달비 0원 + 25,000원 쿠폰
49	1434	781	가입하기
49	1454	36	(핫)저당 말차라떼
49	1508	36	4,500원
49	1516	0	준비중
49	1566	36	보성 말차와 부드러운 우유가 어우러진 깔끔하고 쌉싸름한 말차라떼(저당) (당알코올(에리스리톨) 함유 제품으로 과량 섭취 시 개인에 따라 복통 및 설사를 일으킬 수 있으니 민감하신 분은 주의해 주시기 바랍니다. * 저당 음료에 사용되는 감미료 종류는 홈페이지 공지사항에서 확인 가능합니다.)
50	0	0	(핫)저당 카페모카
50	0	0	식사대용으로 든든하게 즐길 수 있는 고소한 미숫가루 라떼 (저당) (당알코올(에리스리톨) 함유 제품으로 과량 섭취 시 개인에 따라 복통 및 설사를 일으킬 수 있으니 민감하신 분은 주의해 주시기 바랍니다.
50	0	381	오픈 준비 중
50	19	36	더벤티의 진한 에스프레소에 달콤 쌉싸름한 초콜릿이 더해진 부드럽고 달콤한 카페모카(저당/휘핑은 제외됩니다.) (당알코올(에리스리톨) 함유 제품으로 과량 섭취 시 개인에 따라 복통 및 설사를 일으킬 수 있으니 민감하신 분은 주의해 주시기 바랍니다. * 저당 음료에 사용되는 감미료 종류는 홈페이지 공지사항에서 확인 가능합니다.)
50	66	155	더벤티 수유역점 내 메뉴를 찾아보세요
50	97	63	100% (1개)
50	97	149	ㆍ
50	97	193	리뷰 (1)
50	151	114	저당 메뉴
50	151	268	라떼&버블티
50	151	453	에이드&주스
50	151	638	로컬 에디션
50	151	814	아이스 블렌디드
50	171	36	(아이스)저당 초코라떼
50	182	51	1 / 5
50	225	36	4,500원
50	248	349	더벤티 수유역점
50	283	36	진하고 풍부한 초콜릿과 부드러운 우유가 어우러진 달콤한 초코라떼(저당/휘핑은 제외됩니다.) (당알코올(에리스리톨) 함유 제품으로 과량 섭취 시 개인에 따라 복통 및 설사를 일으킬 수 있으니 민감하신 분은 주의해 주시기 바랍니다. * 저당 음료에 사용되는 감미료 종류는 홈페이지 공지사항에서 확인 가능합니다.)
50	298	404	4.9(2,202)
50	361	63	100% (7개)
50	361	149	ㆍ
50	361	193	리뷰 (2)
50	435	36	(핫)저당 초코라떼
50	489	36	4,500원
50	547	36	진하고 풍부한 초콜릿과 부드러운 우유가 어우러진 달콤한 초코라떼(저당/휘핑은 제외됩니다.) (당알코올(에리스리톨) 함유 제품으로 과량 섭취 시 개인에 따라 복통 및 설사를 일으킬 수 있으니 민감하신 분은 주의해 주시기 바랍니다. * 저당 음료에 사용되는 감미료 종류는 홈페이지 공지사항에서 확인 가능합니다.)
50	625	63	100% (1개)
50	699	36	(아이스)저당 말차라떼
50	753	36	4,500원
50	811	36	보성 말차와 부드러운 우유가 어우러진 깔끔하고 쌉싸름한 말차라떼(저당) (당알코올(에리스리톨) 함유 제품으로 과량 섭취 시 개인에 따라 복통 및 설사를 일으킬 수 있으니 민감하신 분은 주의해 주시기 바랍니다. * 저당 음료에 사용되는 감미료 종류는 홈페이지 공지사항에서 확인 가능합니다.)
50	889	63	83% (6개)
50	889	139	ㆍ
50	889	183	리뷰 (3)
50	963	36	(핫)저당 말차라떼
50	1017	36	4,500원
50	1075	36	보성 말차와 부드러운 우유가 어우러진 깔끔하고 쌉싸름한 말차라떼(저당) (당알코올(에리스리톨) 함유 제품으로 과량 섭취 시 개인에 따라 복통 및 설사를 일으킬 수 있으니 민감하신 분은 주의해 주시기 바랍니다. * 저당 음료에 사용되는 감미료 종류는 홈페이지 공지사항에서 확인 가능합니다.)
50	1153	63	100% (2개)
50	1227	36	(아이스)저당 미숫가루라떼
50	1281	36	4,500원
50	1339	36	식사대용으로 든든하게 즐길 수 있는 고소한 미숫가루 라떼 (저당) (당알코올(에리스리톨) 함유 제품으로 과량 섭취 시 개인에 따라 복통 및 설사를 일으킬 수 있으니 민감하신 분은 주의해 주시기 바랍니다.
50	1417	63	100% (1개)
50	1417	121	지금 와우 가입하면 배달비 0원 + 25,000원 쿠폰
50	1434	781	가입하기
50	1491	36	(핫)저당 미숫가루라떼
50	1516	0	준비중
50	1545	36	4,500원
51	0	0	(핫)저당 초코라떼
51	0	0	100% (6개)
51	0	0	ㆍ
51	0	0	리뷰 (2)
51	0	0	새콤달콤한 요거트의 맛이 그대로 전해지는 더벤티의 스페셜한 플레인 요거트스무디(저당) (당알코올(에리스리톨) 함유 제품으로 과량 섭취 시 개인에 따라 복통 및 설사를 일으킬 수 있으니 민감하신 분은 주의해 주시기 바랍니다. * 저당 음료에 사용되는 감미료 종류는 홈페이지 공지사항에서 확인 가능합니다.)
51	0	381	오픈 준비 중
51	62	36	진하고 풍부한 초콜릿과 부드러운 우유가 어우러진 달콤한 초코라떼(저당/휘핑은 제외됩니다.) (당알코올(에리스리톨) 함유 제품으로 과량 섭취 시 개인에 따라 복통 및 설사를 일으킬 수 있으니 민감하신 분은 주의해 주시기 바랍니다. * 저당 음료에 사용되는 감미료 종류는 홈페이지 공지사항에서 확인 가능합니다.)
51	66	155	더벤티 수유역점 내 메뉴를 찾아보세요
51	140	63	100% (1개)
51	151	114	저당 메뉴
51	151	268	라떼&버블티
51	151	453	에이드&주스
51	151	638	로컬 에디션
51	151	814	아이스 블렌디드
51	182	51	1 / 5
51	214	36	(아이스)저당 말차라떼
51	248	349	더벤티 수유역점
51	268	36	4,500원
51	298	404	4.9(2,202)
51	326	36	보성 말차와 부드러운 우유가 어우러진 깔끔하고 쌉싸름한 말차라떼(저당) (당알코올(에리스리톨) 함유 제품으로 과량 섭취 시 개인에 따라 복통 및 설사를 일으킬 수 있으니 민감하신 분은 주의해 주시기 바랍니다. * 저당 음료에 사용되는 감미료 종류는 홈페이지 공지사항에서 확인 가능합니다.)
51	404	63	83% (6개)
51	404	139	ㆍ
51	404	183	리뷰 (3)
51	478	36	(핫)저당 말차라떼
51	532	36	4,500원
51	590	36	보성 말차와 부드러운 우유가 어우러진 깔끔하고 쌉싸름한 말차라떼(저당) (당알코올(에리스리톨) 함유 제품으로 과량 섭취 시 개인에 따라 복통 및 설사를 일으킬 수 있으니 민감하신 분은 주의해 주시기 바랍니다. * 저당 음료에 사용되는 감미료 종류는 홈페이지 공지사항에서 확인 가능합니다.)
51	668	63	100% (2개)
51	742	36	(아이스)저당 미숫가루라떼
51	796	36	4,500원
51	854	36	식사대용으로 든든하게 즐길 수 있는 고소한 미숫가루 라떼 (저당) (당알코올(에리스리톨) 함유 제품으로 과량 섭취 시 개인에 따라 복통 및 설사를 일으킬 수 있으니 민감하신 분은 주의해 주시기 바랍니다.
51	932	63	100% (1개)
51	1006	36	(핫)저당 미숫가루라떼
51	1060	36	4,500원
51	1118	36	식사대용으로 든든하게 즐길 수 있는 고소한 미숫가루 라떼 (저당) (당알코올(에리스리톨) 함유 제품으로 과량 섭취 시 개인에 따라 복통 및 설사를 일으킬 수 있으니 민감하신 분은 주의해 주시기 바랍니다.
51	1226	36	저당 코코넛커피프라페
51	1280	36	5,500원
51	1338	36	고소한 코코넛과 콜드브루가 블렌딩되어 가볍고 부드럽게 즐기는 프라페(저당) (당알코올(에리스리톨) 함유 제품으로 과량 섭취 시 개인에 따라 복통 및 설사를 일으킬 수 있으니 민감하신 분은 주의해 주시기 바랍니다. * 저당 음료에 사용되는 감미료 종류는 홈페이지 공지사항에서 확인 가능합니다.)
51	1416	63	100% (3개)
51	1416	149	ㆍ
51	1416	193	리뷰 (2)
51	1417	121	지금 와우 가입하면 배달비 0원 + 25,000원 쿠폰
51	1434	781	가입하기
51	1490	36	저당 플레인요거트스무디
51	1516	0	준비중
51	1544	36	4,900원
52	0	0	100% (9개)
52	0	0	ㆍ
52	0	0	리뷰 (1)
52	0	0	부드러운 플레인요거트에 달콤한 블루베리과육을 듬뿍 담은 블루베리 요거트스무디  (저당) (당알코올(에리스리톨) 함유 제품으로 과량 섭취 시 개인에 따라 복통 및 설사를 일으킬 수 있으니 민감하신 분은 주의해 주시기 바랍니다. * 저당 음료에 사용되는 감미료 종류는 홈페이지 공지사항에서 확인 가능합니다.)
52	0	36	(핫)저당 말차라떼
52	0	381	오픈 준비 중
52	66	155	더벤티 수유역점 내 메뉴를 찾아보세요
52	104	36	보성 말차와 부드러운 우유가 어우러진 깔끔하고 쌉싸름한 말차라떼(저당) (당알코올(에리스리톨) 함유 제품으로 과량 섭취 시 개인에 따라 복통 및 설사를 일으킬 수 있으니 민감하신 분은 주의해 주시기 바랍니다. * 저당 음료에 사용되는 감미료 종류는 홈페이지 공지사항에서 확인 가능합니다.)
52	151	114	저당 메뉴
52	151	268	라떼&버블티
52	151	453	에이드&주스
52	151	638	로컬 에디션
52	151	814	아이스 블렌디드
52	182	51	1 / 5
52	182	63	100% (2개)
52	248	349	더벤티 수유역점
52	256	36	(아이스)저당 미숫가루라떼
52	298	404	4.9(2,202)
52	310	36	4,500원
52	368	36	식사대용으로 든든하게 즐길 수 있는 고소한 미숫가루 라떼 (저당) (당알코올(에리스리톨) 함유 제품으로 과량 섭취 시 개인에 따라 복통 및 설사를 일으킬 수 있으니 민감하신 분은 주의해 주시기 바랍니다.
52	446	63	100% (1개)
52	520	36	(핫)저당 미숫가루라떼
52	574	36	4,500원
52	632	36	식사대용으로 든든하게 즐길 수 있는 고소한 미숫가루 라떼 (저당) (당알코올(에리스리톨) 함유 제품으로 과량 섭취 시 개인에 따라 복통 및 설사를 일으킬 수 있으니 민감하신 분은 주의해 주시기 바랍니다.
52	740	36	저당 코코넛커피프라페
52	794	36	5,500원
52	852	36	고소한 코코넛과 콜드브루가 블렌딩되어 가볍고 부드럽게 즐기는 프라페(저당) (당알코올(에리스리톨) 함유 제품으로 과량 섭취 시 개인에 따라 복통 및 설사를 일으킬 수 있으니 민감하신 분은 주의해 주시기 바랍니다. * 저당 음료에 사용되는 감미료 종류는 홈페이지 공지사항에서 확인 가능합니다.)
52	930	63	100% (3개)
52	930	149	ㆍ
52	930	193	리뷰 (2)
52	1004	36	저당 플레인요거트스무디
52	1058	36	4,900원
52	1116	36	새콤달콤한 요거트의 맛이 그대로 전해지는 더벤티의 스페셜한 플레인 요거트스무디(저당) (당알코올(에리스리톨) 함유 제품으로 과량 섭취 시 개인에 따라 복통 및 설사를 일으킬 수 있으니 민감하신 분은 주의해 주시기 바랍니다. * 저당 음료에 사용되는 감미료 종류는 홈페이지 공지사항에서 확인 가능합니다.)
52	1194	63	100% (6개)
52	1194	149	ㆍ
52	1194	193	리뷰 (2)
52	1268	36	저당 딸기요거트스무디
52	1322	36	4,900원
52	1380	36	부드러운 플레인요거트에 상큼한 딸기과육을 듬뿍 담은 딸기 요거트스무디 (저당) (당알코올(에리스리톨) 함유 제품으로 과량 섭취 시 개인에 따라 복통 및 설사를 일으킬 수 있으니 민감하신 분은 주의해 주시기 바랍니다. * 저당 음료에 사용되는 감미료 종류는 홈페이지 공지사항에서 확인 가능합니다.)
52	1417	121	지금 와우 가입하면 배달비 0원 + 25,000원 쿠폰
52	1434	781	가입하기
52	1458	63	100% (4개)
52	1458	149	ㆍ
52	1458	193	리뷰 (2)
52	1516	0	준비중
52	1532	36	저당 블루베리요거트스무디
52	1586	36	4,900원
53	0	0	100% (5개)
53	0	0	ㆍ
53	0	0	리뷰 (3)
53	0	0	부드러운 플레인 요거트에 달콤한 망고과육을 듬뿍 담은 망고요거트스무디(저당) (당알코올(에리스리톨) 함유 제품으로 과량 섭취 시 개인에 따라 복통 및 설사를 일으킬 수 있으니 민감하신 분은 주의해 주시기 바랍니다. * 저당 음료에 사용되는 감미료 종류는 홈페이지 공지사항에서 확인 가능합니다.)
53	0	381	오픈 준비 중
53	26	36	(핫)저당 미숫가루라떼
53	66	155	더벤티 수유역점 내 메뉴를 찾아보세요
53	138	36	식사대용으로 든든하게 즐길 수 있는 고소한 미숫가루 라떼 (저당) (당알코올(에리스리톨) 함유 제품으로 과량 섭취 시 개인에 따라 복통 및 설사를 일으킬 수 있으니 민감하신 분은 주의해 주시기 바랍니다.
53	151	114	저당 메뉴
53	151	268	라떼&버블티
53	151	453	에이드&주스
53	151	638	로컬 에디션
53	151	814	아이스 블렌디드
53	182	51	1 / 5
53	246	36	저당 코코넛커피프라페
53	248	349	더벤티 수유역점
53	298	404	4.9(2,202)
53	300	36	5,500원
53	358	36	고소한 코코넛과 콜드브루가 블렌딩되어 가볍고 부드럽게 즐기는 프라페(저당) (당알코올(에리스리톨) 함유 제품으로 과량 섭취 시 개인에 따라 복통 및 설사를 일으킬 수 있으니 민감하신 분은 주의해 주시기 바랍니다. * 저당 음료에 사용되는 감미료 종류는 홈페이지 공지사항에서 확인 가능합니다.)
53	436	63	100% (3개)
53	436	149	ㆍ
53	436	193	리뷰 (2)
53	510	36	저당 플레인요거트스무디
53	564	36	4,900원
53	622	36	새콤달콤한 요거트의 맛이 그대로 전해지는 더벤티의 스페셜한 플레인 요거트스무디(저당) (당알코올(에리스리톨) 함유 제품으로 과량 섭취 시 개인에 따라 복통 및 설사를 일으킬 수 있으니 민감하신 분은 주의해 주시기 바랍니다. * 저당 음료에 사용되는 감미료 종류는 홈페이지 공지사항에서 확인 가능합니다.)
53	700	63	100% (6개)
53	700	149	ㆍ
53	700	193	리뷰 (2)
53	774	36	저당 딸기요거트스무디
53	828	36	4,900원
53	886	36	부드러운 플레인요거트에 상큼한 딸기과육을 듬뿍 담은 딸기 요거트스무디 (저당) (당알코올(에리스리톨) 함유 제품으로 과량 섭취 시 개인에 따라 복통 및 설사를 일으킬 수 있으니 민감하신 분은 주의해 주시기 바랍니다. * 저당 음료에 사용되는 감미료 종류는 홈페이지 공지사항에서 확인 가능합니다.)
53	964	63	100% (4개)
53	964	149	ㆍ
53	964	193	리뷰 (2)
53	1038	36	저당 블루베리요거트스무디
53	1092	36	4,900원
53	1150	36	부드러운 플레인요거트에 달콤한 블루베리과육을 듬뿍 담은 블루베리 요거트스무디  (저당) (당알코올(에리스리톨) 함유 제품으로 과량 섭취 시 개인에 따라 복통 및 설사를 일으킬 수 있으니 민감하신 분은 주의해 주시기 바랍니다. * 저당 음료에 사용되는 감미료 종류는 홈페이지 공지사항에서 확인 가능합니다.)
53	1228	63	100% (9개)
53	1228	149	ㆍ
53	1228	193	리뷰 (1)
53	1311	36	저당 복숭아요거트스무디
53	1359	36	4,900원
53	1417	36	요거트 스무디에 달콤한 복숭아 리플잼을 넣은 스무디 (저당) (당알코올(에리스리톨) 함유 제품으로 과량 섭취 시 개인에 따라 복통 및 설사를 일으킬 수 있으니 민감하신 분은 주의해 주시기 바랍니다.
53	1417	121	지금 와우 가입하면 배달비 0원 + 25,000원 쿠폰
53	1434	781	가입하기
53	1495	63	100% (1개)
53	1516	0	준비중
53	1569	36	저당 망고요거트스무디
54	0	0	100% (12개)
54	0	0	ㆍ
54	0	0	리뷰 (6)
54	0	381	오픈 준비 중
54	25	36	저당 플레인요거트스무디
54	66	155	더벤티 수유역점 내 메뉴를 찾아보세요
54	137	36	새콤달콤한 요거트의 맛이 그대로 전해지는 더벤티의 스페셜한 플레인 요거트스무디(저당) (당알코올(에리스리톨) 함유 제품으로 과량 섭취 시 개인에 따라 복통 및 설사를 일으킬 수 있으니 민감하신 분은 주의해 주시기 바랍니다. * 저당 음료에 사용되는 감미료 종류는 홈페이지 공지사항에서 확인 가능합니다.)
54	151	114	저당 메뉴
54	151	268	라떼&버블티
54	151	453	에이드&주스
54	151	638	로컬 에디션
54	151	814	아이스 블렌디드
54	182	51	1 / 5
54	215	63	100% (6개)
54	215	149	ㆍ
54	215	193	리뷰 (2)
54	248	349	더벤티 수유역점
54	289	36	저당 딸기요거트스무디
54	298	404	4.9(2,202)
54	343	36	4,900원
54	401	36	부드러운 플레인요거트에 상큼한 딸기과육을 듬뿍 담은 딸기 요거트스무디 (저당) (당알코올(에리스리톨) 함유 제품으로 과량 섭취 시 개인에 따라 복통 및 설사를 일으킬 수 있으니 민감하신 분은 주의해 주시기 바랍니다. * 저당 음료에 사용되는 감미료 종류는 홈페이지 공지사항에서 확인 가능합니다.)
54	479	63	100% (4개)
54	479	149	ㆍ
54	479	193	리뷰 (2)
54	553	36	저당 블루베리요거트스무디
54	607	36	4,900원
54	665	36	부드러운 플레인요거트에 달콤한 블루베리과육을 듬뿍 담은 블루베리 요거트스무디  (저당) (당알코올(에리스리톨) 함유 제품으로 과량 섭취 시 개인에 따라 복통 및 설사를 일으킬 수 있으니 민감하신 분은 주의해 주시기 바랍니다. * 저당 음료에 사용되는 감미료 종류는 홈페이지 공지사항에서 확인 가능합니다.)
54	743	63	100% (9개)
54	743	149	ㆍ
54	743	193	리뷰 (1)
54	826	36	저당 복숭아요거트스무디
54	874	36	4,900원
54	932	36	요거트 스무디에 달콤한 복숭아 리플잼을 넣은 스무디 (저당) (당알코올(에리스리톨) 함유 제품으로 과량 섭취 시 개인에 따라 복통 및 설사를 일으킬 수 있으니 민감하신 분은 주의해 주시기 바랍니다.
54	1010	63	100% (1개)
54	1084	36	저당 망고요거트스무디
54	1138	36	4,900원
54	1196	36	부드러운 플레인 요거트에 달콤한 망고과육을 듬뿍 담은 망고요거트스무디(저당) (당알코올(에리스리톨) 함유 제품으로 과량 섭취 시 개인에 따라 복통 및 설사를 일으킬 수 있으니 민감하신 분은 주의해 주시기 바랍니다. * 저당 음료에 사용되는 감미료 종류는 홈페이지 공지사항에서 확인 가능합니다.)
54	1274	63	100% (5개)
54	1274	149	ㆍ
54	1274	193	리뷰 (3)
54	1378	42	라떼&버블티
54	1417	121	지금 와우 가입하면 배달비 0원 + 25,000원 쿠폰
54	1434	781	가입하기
54	1460	36	(아이스)로얄밀크티
54	1514	36	4,500원
54	1516	0	준비중
54	1572	36	최적의 비율로 블렌딩한 홍차와 우유가 만나 깊고 풍부한 맛과 향을 담은 밀크티
55	0	0	100% (2개)
55	0	0	ㆍ
55	0	0	리뷰 (2)
55	0	0	진하고 풍부한 초콜릿과 부드러운 우유가 어우러진 달콤한 초코라떼
55	0	381	오픈 준비 중
55	60	36	저당 블루베리요거트스무디
55	66	155	더벤티 수유역점 내 메뉴를 찾아보세요
55	132	36	4,900원
55	151	114	저당 메뉴
55	151	268	라떼&버블티
55	151	453	에이드&주스
55	151	638	로컬 에디션
55	151	814	아이스 블렌디드
55	172	36	부드러운 플레인요거트에 달콤한 블루베리과육을 듬뿍 담은 블루베리 요거트스무디  (저당) (당알코올(에리스리톨) 함유 제품으로 과량 섭취 시 개인에 따라 복통 및 설사를 일으킬 수 있으니 민감하신 분은 주의해 주시기 바랍니다. * 저당 음료에 사용되는 감미료 종류는 홈페이지 공지사항에서 확인 가능합니다.)
55	182	51	1 / 5
55	248	349	더벤티 수유역점
55	250	63	100% (9개)
55	250	149	ㆍ
55	250	193	리뷰 (1)
55	298	404	4.9(2,202)
55	333	36	저당 복숭아요거트스무디
55	381	36	4,900원
55	439	36	요거트 스무디에 달콤한 복숭아 리플잼을 넣은 스무디 (저당) (당알코올(에리스리톨) 함유 제품으로 과량 섭취 시 개인에 따라 복통 및 설사를 일으킬 수 있으니 민감하신 분은 주의해 주시기 바랍니다.
55	517	63	100% (1개)
55	591	36	저당 망고요거트스무디
55	645	36	4,900원
55	703	36	부드러운 플레인 요거트에 달콤한 망고과육을 듬뿍 담은 망고요거트스무디(저당) (당알코올(에리스리톨) 함유 제품으로 과량 섭취 시 개인에 따라 복통 및 설사를 일으킬 수 있으니 민감하신 분은 주의해 주시기 바랍니다. * 저당 음료에 사용되는 감미료 종류는 홈페이지 공지사항에서 확인 가능합니다.)
55	781	63	100% (5개)
55	781	149	ㆍ
55	781	193	리뷰 (3)
55	885	42	라떼&버블티
55	967	36	(아이스)로얄밀크티
55	1021	36	4,500원
55	1079	36	최적의 비율로 블렌딩한 홍차와 우유가 만나 깊고 풍부한 맛과 향을 담은 밀크티
55	1157	63	100% (12개)
55	1157	159	ㆍ
55	1157	203	리뷰 (6)
55	1231	36	(핫)로얄밀크티
55	1285	36	4,500원
55	1343	36	최적의 비율로 블렌딩한 홍차와 우유가 만나 깊고 풍부한 맛과 향을 담은 밀크티
55	1417	121	지금 와우 가입하면 배달비 0원 + 25,000원 쿠폰
55	1421	63	100% (3개)
55	1421	149	ㆍ
55	1421	193	리뷰 (1)
55	1434	781	가입하기
55	1495	36	(아이스)초코라떼
55	1516	0	준비중
55	1549	36	4,500원
56	0	0	100% (1개)
56	0	381	오픈 준비 중
56	66	155	더벤티 수유역점 내 메뉴를 찾아보세요
56	102	36	저당 망고요거트스무디
56	151	114	저당 메뉴
56	151	268	라떼&버블티
56	151	453	에이드&주스
56	151	638	로컬 에디션
56	151	814	아이스 블렌디드
56	156	36	4,900원
56	182	51	1 / 5
56	214	36	부드러운 플레인 요거트에 달콤한 망고과육을 듬뿍 담은 망고요거트스무디(저당) (당알코올(에리스리톨) 함유 제품으로 과량 섭취 시 개인에 따라 복통 및 설사를 일으킬 수 있으니 민감하신 분은 주의해 주시기 바랍니다. * 저당 음료에 사용되는 감미료 종류는 홈페이지 공지사항에서 확인 가능합니다.)
56	248	349	더벤티 수유역점
56	292	63	100% (5개)
56	292	149	ㆍ
56	292	193	리뷰 (3)
56	298	404	4.9(2,202)
56	396	42	라떼&버블티
56	478	36	(아이스)로얄밀크티
56	532	36	4,500원
56	590	36	최적의 비율로 블렌딩한 홍차와 우유가 만나 깊고 풍부한 맛과 향을 담은 밀크티
56	668	63	100% (12개)
56	668	159	ㆍ
56	668	203	리뷰 (6)
56	742	36	(핫)로얄밀크티
56	796	36	4,500원
56	854	36	최적의 비율로 블렌딩한 홍차와 우유가 만나 깊고 풍부한 맛과 향을 담은 밀크티
56	932	63	100% (3개)
56	932	149	ㆍ
56	932	193	리뷰 (1)
56	1006	36	(아이스)초코라떼
56	1060	36	4,500원
56	1118	36	진하고 풍부한 초콜릿과 부드러운 우유가 어우러진 달콤한 초코라떼
56	1166	63	100% (2개)
56	1166	149	ㆍ
56	1166	193	리뷰 (2)
56	1240	36	(핫)초코라떼
56	1294	36	4,500원
56	1352	36	진하고 풍부한 초콜릿과 부드러운 우유가 어우러진 달콤한 초코라떼
56	1400	63	100% (2개)
56	1400	149	ㆍ
56	1400	193	리뷰 (1)
56	1417	121	지금 와우 가입하면 배달비 0원 + 25,000원 쿠폰
56	1434	781	가입하기
56	1474	36	(아이스)멜팅초코
56	1516	0	준비중
56	1528	36	4,900원
56	1586	36	진한 초콜릿 크림이 크리미한 우유와 어우러져 달콤하고 부드럽게 즐기는 더벤티 시그니쳐 멜팅초코
57	0	0	75% (4개)
57	0	0	ㆍ
57	0	0	딸기과육이 듬뿍 들어간 딸기청에 부드러운 우유가 어우러진 새콤달콤 딸기라떼
57	0	0	리뷰 (3)
57	0	36	(아이스)로얄밀크티
57	0	381	오픈 준비 중
57	66	155	더벤티 수유역점 내 메뉴를 찾아보세요
57	106	36	최적의 비율로 블렌딩한 홍차와 우유가 만나 깊고 풍부한 맛과 향을 담은 밀크티
57	151	114	라떼&버블티
57	151	300	에이드&주스
57	151	485	로컬 에디션
57	151	661	아이스 블렌디드
57	151	881	티
57	182	51	1 / 5
57	184	63	100% (12개)
57	184	159	ㆍ
57	184	203	리뷰 (6)
57	248	349	더벤티 수유역점
57	258	36	(핫)로얄밀크티
57	298	404	4.9(2,202)
57	312	36	4,500원
57	370	36	최적의 비율로 블렌딩한 홍차와 우유가 만나 깊고 풍부한 맛과 향을 담은 밀크티
57	448	63	100% (3개)
57	448	149	ㆍ
57	448	193	리뷰 (1)
57	522	36	(아이스)초코라떼
57	576	36	4,500원
57	634	36	진하고 풍부한 초콜릿과 부드러운 우유가 어우러진 달콤한 초코라떼
57	682	63	100% (2개)
57	682	149	ㆍ
57	682	193	리뷰 (2)
57	756	36	(핫)초코라떼
57	810	36	4,500원
57	868	36	진하고 풍부한 초콜릿과 부드러운 우유가 어우러진 달콤한 초코라떼
57	916	63	100% (2개)
57	916	149	ㆍ
57	916	193	리뷰 (1)
57	990	36	(아이스)멜팅초코
57	1044	36	4,900원
57	1102	36	진한 초콜릿 크림이 크리미한 우유와 어우러져 달콤하고 부드럽게 즐기는 더벤티 시그니쳐 멜팅초코
57	1180	63	100% (1개)
57	1254	36	(핫)멜팅초코
57	1308	36	4,900원
57	1366	36	진한 초콜릿 크림이 크리미한 우유와 어우러져 달콤하고 부드럽게 즐기는 더벤티 시그니쳐 멜팅초코
57	1417	121	지금 와우 가입하면 배달비 0원 + 25,000원 쿠폰
57	1434	781	가입하기
57	1444	63	100% (1개)
57	1444	149	ㆍ
57	1444	193	리뷰 (1)
57	1516	0	준비중
57	1518	36	딸기라떼
57	1572	36	4,500원
58	0	0	식사대용으로 든든하게 즐길 수 있는 고소한 미숫가루 라떼
58	0	381	오픈 준비 중
58	32	36	(아이스)초코라떼
58	66	155	더벤티 수유역점 내 메뉴를 찾아보세요
58	144	36	진하고 풍부한 초콜릿과 부드러운 우유가 어우러진 달콤한 초코라떼
58	151	114	라떼&버블티
58	151	300	에이드&주스
58	151	485	로컬 에디션
58	151	661	아이스 블렌디드
58	151	881	티
58	182	51	1 / 5
58	192	63	100% (2개)
58	192	149	ㆍ
58	192	193	리뷰 (2)
58	248	349	더벤티 수유역점
58	266	36	(핫)초코라떼
58	298	404	4.9(2,202)
58	320	36	4,500원
58	378	36	진하고 풍부한 초콜릿과 부드러운 우유가 어우러진 달콤한 초코라떼
58	426	63	100% (2개)
58	426	149	ㆍ
58	426	193	리뷰 (1)
58	500	36	(아이스)멜팅초코
58	554	36	4,900원
58	612	36	진한 초콜릿 크림이 크리미한 우유와 어우러져 달콤하고 부드럽게 즐기는 더벤티 시그니쳐 멜팅초코
58	690	63	100% (1개)
58	764	36	(핫)멜팅초코
58	818	36	4,900원
58	876	36	진한 초콜릿 크림이 크리미한 우유와 어우러져 달콤하고 부드럽게 즐기는 더벤티 시그니쳐 멜팅초코
58	954	63	100% (1개)
58	954	149	ㆍ
58	954	193	리뷰 (1)
58	1028	36	딸기라떼
58	1082	36	4,500원
58	1140	36	딸기과육이 듬뿍 들어간 딸기청에 부드러운 우유가 어우러진 새콤달콤 딸기라떼
58	1218	63	75% (4개)
58	1218	139	ㆍ
58	1218	183	리뷰 (3)
58	1292	36	딸기 연유라떼
58	1346	36	5,300원
58	1404	36	딸기 라떼에 달콤한 연유와 바닐라 아이스크림이 더해져 더욱 부드럽게 즐기는 딸기 연유 라떼
58	1417	121	지금 와우 가입하면 배달비 0원 + 25,000원 쿠폰
58	1434	781	가입하기
58	1482	63	100% (4개)
58	1482	149	ㆍ
58	1482	193	리뷰 (1)
58	1516	0	준비중
58	1556	36	(아이스)미숫가루라떼
59	0	381	오픈 준비 중
59	13	36	(아이스)멜팅초코
59	66	155	더벤티 수유역점 내 메뉴를 찾아보세요
59	125	36	진한 초콜릿 크림이 크리미한 우유와 어우러져 달콤하고 부드럽게 즐기는 더벤티 시그니쳐 멜팅초코
59	151	114	라떼&버블티
59	151	300	에이드&주스
59	151	485	로컬 에디션
59	151	661	아이스 블렌디드
59	151	881	티
59	182	51	1 / 5
59	203	63	100% (1개)
59	248	349	더벤티 수유역점
59	277	36	(핫)멜팅초코
59	298	404	4.9(2,202)
59	331	36	4,900원
59	389	36	진한 초콜릿 크림이 크리미한 우유와 어우러져 달콤하고 부드럽게 즐기는 더벤티 시그니쳐 멜팅초코
59	467	63	100% (1개)
59	467	149	ㆍ
59	467	193	리뷰 (1)
59	541	36	딸기라떼
59	595	36	4,500원
59	653	36	딸기과육이 듬뿍 들어간 딸기청에 부드러운 우유가 어우러진 새콤달콤 딸기라떼
59	731	63	75% (4개)
59	731	139	ㆍ
59	731	183	리뷰 (3)
59	805	36	딸기 연유라떼
59	859	36	5,300원
59	917	36	딸기 라떼에 달콤한 연유와 바닐라 아이스크림이 더해져 더욱 부드럽게 즐기는 딸기 연유 라떼
59	995	63	100% (4개)
59	995	149	ㆍ
59	995	193	리뷰 (1)
59	1069	36	(아이스)미숫가루라떼
59	1123	36	4,500원
59	1181	36	식사대용으로 든든하게 즐길 수 있는 고소한 미숫가루 라떼
59	1267	36	(핫)미숫가루라떼
59	1321	36	4,500원
59	1379	36	식사대용으로 든든하게 즐길 수 있는 고소한 미숫가루 라떼
59	1417	121	지금 와우 가입하면 배달비 0원 + 25,000원 쿠폰
59	1434	781	가입하기
59	1465	36	(아이스)더쌍화라떼
59	1516	0	준비중
59	1519	36	4,800원
59	1577	36	진한 쌍화와 부드러운 우유가  어우러진, 대추의 달콤함과  생강·계피의 향이 돋보이는 라떼
60	0	0	100% (2개)
60	0	381	오픈 준비 중
60	50	36	딸기라떼
60	66	155	더벤티 수유역점 내 메뉴를 찾아보세요
60	132	36	4,500원
60	151	114	라떼&버블티
60	151	300	에이드&주스
60	151	485	로컬 에디션
60	151	661	아이스 블렌디드
60	151	881	티
60	162	36	딸기과육이 듬뿍 들어간 딸기청에 부드러운 우유가 어우러진 새콤달콤 딸기라떼
60	182	51	1 / 5
60	240	63	75% (4개)
60	240	139	ㆍ
60	240	183	리뷰 (3)
60	248	349	더벤티 수유역점
60	298	404	4.9(2,202)
60	314	36	딸기 연유라떼
60	368	36	5,300원
60	426	36	딸기 라떼에 달콤한 연유와 바닐라 아이스크림이 더해져 더욱 부드럽게 즐기는 딸기 연유 라떼
60	504	63	100% (4개)
60	504	149	ㆍ
60	504	193	리뷰 (1)
60	578	36	(아이스)미숫가루라떼
60	632	36	4,500원
60	690	36	식사대용으로 든든하게 즐길 수 있는 고소한 미숫가루 라떼
60	776	36	(핫)미숫가루라떼
60	830	36	4,500원
60	888	36	식사대용으로 든든하게 즐길 수 있는 고소한 미숫가루 라떼
60	974	36	(아이스)더쌍화라떼
60	1028	36	4,800원
60	1086	36	진한 쌍화와 부드러운 우유가  어우러진, 대추의 달콤함과  생강·계피의 향이 돋보이는 라떼
60	1194	36	(핫)더쌍화라떼
60	1248	36	4,800원
60	1306	36	진한 쌍화와 부드러운 우유가  어우러진, 대추의 달콤함과  생강·계피의 향이 돋보이는 라떼
60	1384	63	100% (1개)
60	1384	149	ㆍ
60	1384	193	리뷰 (2)
60	1417	121	지금 와우 가입하면 배달비 0원 + 25,000원 쿠폰
60	1434	781	가입하기
60	1458	36	(아이스)우베퍼플라떼
60	1512	36	4,800원
60	1516	0	준비중
60	1570	36	선명한 보랏빛 컬러에 부드러운 우베의 바닐라 풍미, 우베 휘핑크림을 올린 라떼
61	0	381	오픈 준비 중
61	66	155	더벤티 수유역점 내 메뉴를 찾아보세요
61	94	36	(아이스)미숫가루라떼
61	148	36	4,500원
61	151	114	라떼&버블티
61	151	300	에이드&주스
61	151	485	로컬 에디션
61	151	661	아이스 블렌디드
61	151	881	티
61	182	51	1 / 5
61	206	36	식사대용으로 든든하게 즐길 수 있는 고소한 미숫가루 라떼
61	248	349	더벤티 수유역점
61	292	36	(핫)미숫가루라떼
61	298	404	4.9(2,202)
61	346	36	4,500원
61	404	36	식사대용으로 든든하게 즐길 수 있는 고소한 미숫가루 라떼
61	490	36	(아이스)더쌍화라떼
61	544	36	4,800원
61	602	36	진한 쌍화와 부드러운 우유가  어우러진, 대추의 달콤함과  생강·계피의 향이 돋보이는 라떼
61	710	36	(핫)더쌍화라떼
61	764	36	4,800원
61	822	36	진한 쌍화와 부드러운 우유가  어우러진, 대추의 달콤함과  생강·계피의 향이 돋보이는 라떼
61	900	63	100% (1개)
61	900	149	ㆍ
61	900	193	리뷰 (2)
61	974	36	(아이스)우베퍼플라떼
61	1028	36	4,800원
61	1086	36	선명한 보랏빛 컬러에 부드러운 우베의 바닐라 풍미, 우베 휘핑크림을 올린 라떼
61	1164	63	100% (2개)
61	1238	36	(핫)우베퍼플라떼
61	1292	36	4,800원
61	1350	36	선명한 보랏빛 컬러에 부드러운 우베의 바닐라 풍미, 우베 휘핑크림을 올린 라떼
61	1417	121	지금 와우 가입하면 배달비 0원 + 25,000원 쿠폰
61	1434	781	가입하기
61	1458	36	(아이스)오트펄초코라떼
61	1512	36	5,100원
61	1516	0	준비중
61	1570	36	오트 베이스에 단백질 초코,  오트팝핑펄이 들어있어 든든하게 즐길 수 있는 라떼
62	0	0	리뷰 (5)
62	0	36	(아이스)더쌍화라떼
62	0	381	오픈 준비 중
62	66	155	더벤티 수유역점 내 메뉴를 찾아보세요
62	111	36	진한 쌍화와 부드러운 우유가  어우러진, 대추의 달콤함과  생강·계피의 향이 돋보이는 라떼
62	151	114	라떼&버블티
62	151	300	에이드&주스
62	151	485	로컬 에디션
62	151	661	아이스 블렌디드
62	151	881	티
62	182	51	1 / 5
62	219	36	(핫)더쌍화라떼
62	248	349	더벤티 수유역점
62	273	36	4,800원
62	298	404	4.9(2,202)
62	331	36	진한 쌍화와 부드러운 우유가  어우러진, 대추의 달콤함과  생강·계피의 향이 돋보이는 라떼
62	409	63	100% (1개)
62	409	149	ㆍ
62	409	193	리뷰 (2)
62	483	36	(아이스)우베퍼플라떼
62	537	36	4,800원
62	595	36	선명한 보랏빛 컬러에 부드러운 우베의 바닐라 풍미, 우베 휘핑크림을 올린 라떼
62	673	63	100% (2개)
62	747	36	(핫)우베퍼플라떼
62	801	36	4,800원
62	859	36	선명한 보랏빛 컬러에 부드러운 우베의 바닐라 풍미, 우베 휘핑크림을 올린 라떼
62	967	36	(아이스)오트펄초코라떼
62	1021	36	5,100원
62	1079	36	오트 베이스에 단백질 초코,  오트팝핑펄이 들어있어 든든하게 즐길 수 있는 라떼
62	1187	36	타로버블티
62	1241	36	4,900원
62	1299	36	고소하고 달콤한 맛의 타로에 쫄깃쫄깃한 타피오카 펄을 가득 담은 타로버블티
62	1377	63	리뷰 (6)
62	1417	121	지금 와우 가입하면 배달비 0원 + 25,000원 쿠폰
62	1434	781	가입하기
62	1451	36	흑설탕버블티
62	1505	36	4,900원
62	1516	0	준비중
62	1563	36	최상급 비정제사탕수수당 모리셔스 흑당에 쫄깃쫄깃한 타피오카 펄을 가득 담은 흑설탕버블티
63	0	0	쌉싸름한 자몽청과 탄산수가 만나 청량하고 풍부한 맛의 자몽에이드
63	0	36	(아이스)우베퍼플라떼
63	0	381	오픈 준비 중
63	66	155	더벤티 수유역점 내 메뉴를 찾아보세요
63	107	36	선명한 보랏빛 컬러에 부드러운 우베의 바닐라 풍미, 우베 휘핑크림을 올린 라떼
63	151	114	라떼&버블티
63	151	300	에이드&주스
63	151	485	로컬 에디션
63	151	661	아이스 블렌디드
63	151	881	티
63	182	51	1 / 5
63	185	63	100% (2개)
63	248	349	더벤티 수유역점
63	259	36	(핫)우베퍼플라떼
63	298	404	4.9(2,202)
63	313	36	4,800원
63	371	36	선명한 보랏빛 컬러에 부드러운 우베의 바닐라 풍미, 우베 휘핑크림을 올린 라떼
63	479	36	(아이스)오트펄초코라떼
63	533	36	5,100원
63	591	36	오트 베이스에 단백질 초코,  오트팝핑펄이 들어있어 든든하게 즐길 수 있는 라떼
63	699	36	타로버블티
63	753	36	4,900원
63	811	36	고소하고 달콤한 맛의 타로에 쫄깃쫄깃한 타피오카 펄을 가득 담은 타로버블티
63	889	63	리뷰 (6)
63	963	36	흑설탕버블티
63	1017	36	4,900원
63	1075	36	최상급 비정제사탕수수당 모리셔스 흑당에 쫄깃쫄깃한 타피오카 펄을 가득 담은 흑설탕버블티
63	1153	63	리뷰 (5)
63	1257	42	에이드&주스
63	1339	36	레몬에이드
63	1393	36	4,900원
63	1417	121	지금 와우 가입하면 배달비 0원 + 25,000원 쿠폰
63	1434	781	가입하기
63	1451	36	새콤달콤한 허니레몬청과 탄산수가 만나 청량하고 풍부한 맛의 레몬에이드
63	1499	63	리뷰 (1)
63	1516	0	준비중
63	1573	36	자몽에이드
64	0	0	리뷰 (4)
64	0	0	상큼한 체리시럽과 콜라가 만나 톡톡쏘는 청량감 가득한 체리콕
64	0	36	(아이스)오트펄초코라떼
64	0	381	오픈 준비 중
64	66	155	더벤티 수유역점 내 메뉴를 찾아보세요
64	98	36	오트 베이스에 단백질 초코,  오트팝핑펄이 들어있어 든든하게 즐길 수 있는 라떼
64	151	114	라떼&버블티
64	151	300	에이드&주스
64	151	485	로컬 에디션
64	151	661	아이스 블렌디드
64	151	881	티
64	182	51	1 / 5
64	206	36	타로버블티
64	248	349	더벤티 수유역점
64	260	36	4,900원
64	298	404	4.9(2,202)
64	318	36	고소하고 달콤한 맛의 타로에 쫄깃쫄깃한 타피오카 펄을 가득 담은 타로버블티
64	396	63	리뷰 (6)
64	470	36	흑설탕버블티
64	524	36	4,900원
64	582	36	최상급 비정제사탕수수당 모리셔스 흑당에 쫄깃쫄깃한 타피오카 펄을 가득 담은 흑설탕버블티
64	660	63	리뷰 (5)
64	764	42	에이드&주스
64	846	36	레몬에이드
64	900	36	4,900원
64	958	36	새콤달콤한 허니레몬청과 탄산수가 만나 청량하고 풍부한 맛의 레몬에이드
64	1006	63	리뷰 (1)
64	1080	36	자몽에이드
64	1134	36	4,900원
64	1192	36	쌉싸름한 자몽청과 탄산수가 만나 청량하고 풍부한 맛의 자몽에이드
64	1278	36	애플망고에이드
64	1332	36	4,900원
64	1390	36	달콤한 애플망고의 과육과 탄산수가 만나 청량하고 풍부한 맛의 애플망고에이드
64	1417	121	지금 와우 가입하면 배달비 0원 + 25,000원 쿠폰
64	1434	781	가입하기
64	1498	36	체리콕
64	1516	0	준비중
64	1552	36	4,900원
65	0	0	리뷰 (3)
65	0	0	메론맛에이드에 바닐라아이스크림을 올려 청량함과 부드러움을 동시에 즐길 수 있는 에이드 [배달시 아이스크림은 음료안에 넣어 제공됩니다]
65	0	36	흑설탕버블티
65	0	381	오픈 준비 중
65	66	155	더벤티 수유역점 내 메뉴를 찾아보세요
65	95	36	최상급 비정제사탕수수당 모리셔스 흑당에 쫄깃쫄깃한 타피오카 펄을 가득 담은 흑설탕버블티
65	151	114	라떼&버블티
65	151	300	에이드&주스
65	151	485	로컬 에디션
65	151	661	아이스 블렌디드
65	151	881	티
65	173	63	리뷰 (5)
65	182	51	1 / 5
65	248	349	더벤티 수유역점
65	277	42	에이드&주스
65	298	404	4.9(2,202)
65	359	36	레몬에이드
65	413	36	4,900원
65	471	36	새콤달콤한 허니레몬청과 탄산수가 만나 청량하고 풍부한 맛의 레몬에이드
65	519	63	리뷰 (1)
65	593	36	자몽에이드
65	647	36	4,900원
65	705	36	쌉싸름한 자몽청과 탄산수가 만나 청량하고 풍부한 맛의 자몽에이드
65	791	36	애플망고에이드
65	845	36	4,900원
65	903	36	달콤한 애플망고의 과육과 탄산수가 만나 청량하고 풍부한 맛의 애플망고에이드
65	1011	36	체리콕
65	1065	36	4,900원
65	1123	36	상큼한 체리시럽과 콜라가 만나 톡톡쏘는 청량감 가득한 체리콕
65	1171	63	리뷰 (4)
65	1245	36	크림소다
65	1299	36	4,900원
65	1357	36	소다맛에이드에 바닐라아이스크림을 올려 청량함과 부드러움을 동시에 즐길 수 있는 에이드 [배달시 아이스크림은 음료안에 넣어 제공됩니다]
65	1417	121	지금 와우 가입하면 배달비 0원 + 25,000원 쿠폰
65	1434	781	가입하기
65	1435	63	리뷰 (2)
65	1509	36	메론소다
65	1516	0	준비중
65	1563	36	4,900원
66	0	381	오픈 준비 중
66	66	155	더벤티 수유역점 내 메뉴를 찾아보세요
66	106	36	자몽에이드
66	151	114	에이드&주스
66	151	300	로컬 에디션
66	151	476	아이스 블렌디드
66	151	696	티
66	151	778	사이드메뉴
66	160	36	4,900원
66	182	51	1 / 5
66	218	36	쌉싸름한 자몽청과 탄산수가 만나 청량하고 풍부한 맛의 자몽에이드
66	248	349	더벤티 수유역점
66	298	404	4.9(2,202)
66	304	36	애플망고에이드
66	358	36	4,900원
66	416	36	달콤한 애플망고의 과육과 탄산수가 만나 청량하고 풍부한 맛의 애플망고에이드
66	524	36	체리콕
66	578	36	4,900원
66	636	36	상큼한 체리시럽과 콜라가 만나 톡톡쏘는 청량감 가득한 체리콕
66	684	63	리뷰 (4)
66	758	36	크림소다
66	812	36	4,900원
66	870	36	소다맛에이드에 바닐라아이스크림을 올려 청량함과 부드러움을 동시에 즐길 수 있는 에이드 [배달시 아이스크림은 음료안에 넣어 제공됩니다]
66	948	63	리뷰 (2)
66	1022	36	메론소다
66	1076	36	4,900원
66	1134	36	메론맛에이드에 바닐라아이스크림을 올려 청량함과 부드러움을 동시에 즐길 수 있는 에이드 [배달시 아이스크림은 음료안에 넣어 제공됩니다]
66	1212	63	리뷰 (3)
66	1286	36	복숭아에이드
66	1340	36	4,900원
66	1398	36	청량하고 달콤한 복숭아맛 에이드
66	1417	121	지금 와우 가입하면 배달비 0원 + 25,000원 쿠폰
66	1434	781	가입하기
66	1484	36	체리에이드
66	1516	0	준비중
66	1538	36	4,900원
66	1596	36	청량하고 상큼한 체리맛 에이드
67	0	381	오픈 준비 중
67	38	36	체리콕
67	66	155	더벤티 수유역점 내 메뉴를 찾아보세요
67	150	36	상큼한 체리시럽과 콜라가 만나 톡톡쏘는 청량감 가득한 체리콕
67	151	114	에이드&주스
67	151	300	로컬 에디션
67	151	476	아이스 블렌디드
67	151	696	티
67	151	778	사이드메뉴
67	182	51	1 / 5
67	198	63	리뷰 (4)
67	248	349	더벤티 수유역점
67	272	36	크림소다
67	298	404	4.9(2,202)
67	326	36	4,900원
67	384	36	소다맛에이드에 바닐라아이스크림을 올려 청량함과 부드러움을 동시에 즐길 수 있는 에이드 [배달시 아이스크림은 음료안에 넣어 제공됩니다]
67	462	63	리뷰 (2)
67	536	36	메론소다
67	590	36	4,900원
67	648	36	메론맛에이드에 바닐라아이스크림을 올려 청량함과 부드러움을 동시에 즐길 수 있는 에이드 [배달시 아이스크림은 음료안에 넣어 제공됩니다]
67	726	63	리뷰 (3)
67	800	36	복숭아에이드
67	854	36	4,900원
67	912	36	청량하고 달콤한 복숭아맛 에이드
67	998	36	체리에이드
67	1052	36	4,900원
67	1110	36	청량하고 상큼한 체리맛 에이드
67	1196	36	리치캐모마일스파클링
67	1250	36	4,300원
67	1308	36	리치의 풍미에 캐모마일을 더해 산뜻하게 즐기는 저당 스파클링(타우린 1000mg / 비타민 350mg 함유)
67	1416	36	제주청귤스파클링
67	1417	121	지금 와우 가입하면 배달비 0원 + 25,000원 쿠폰
67	1434	781	가입하기
67	1470	36	4,300원
67	1516	0	준비중
67	1528	36	제주 청귤 풍미에 청량감을 더해 프레시하게 즐기는 저당 스파클링(타우린 1000mg / 비타민 350mg 함유)
68	0	0	오렌지, 사과, 당근, 감귤을 듬뿍 담아 상큼하고 건강하게 즐기는 과채주스
68	0	0	오렌지과채주스
68	0	381	오픈 준비 중
68	53	36	메론소다
68	66	155	더벤티 수유역점 내 메뉴를 찾아보세요
68	132	36	4,900원
68	151	114	에이드&주스
68	151	300	로컬 에디션
68	151	476	아이스 블렌디드
68	151	696	티
68	151	778	사이드메뉴
68	165	36	메론맛에이드에 바닐라아이스크림을 올려 청량함과 부드러움을 동시에 즐길 수 있는 에이드 [배달시 아이스크림은 음료안에 넣어 제공됩니다]
68	182	51	1 / 5
68	243	63	리뷰 (3)
68	248	349	더벤티 수유역점
68	298	404	4.9(2,202)
68	317	36	복숭아에이드
68	371	36	4,900원
68	429	36	청량하고 달콤한 복숭아맛 에이드
68	515	36	체리에이드
68	569	36	4,900원
68	627	36	청량하고 상큼한 체리맛 에이드
68	713	36	리치캐모마일스파클링
68	767	36	4,300원
68	825	36	리치의 풍미에 캐모마일을 더해 산뜻하게 즐기는 저당 스파클링(타우린 1000mg / 비타민 350mg 함유)
68	933	36	제주청귤스파클링
68	987	36	4,300원
68	1045	36	제주 청귤 풍미에 청량감을 더해 프레시하게 즐기는 저당 스파클링(타우린 1000mg / 비타민 350mg 함유)
68	1153	36	트로피칼스파클링
68	1207	36	4,300원
68	1265	36	열대과일 풍미에 청량감을 더해 시원하게 즐기는 저당 스파클링(타우린 1000mg / 비타민 350mg 함유)
68	1373	36	애플과채주스
68	1417	121	지금 와우 가입하면 배달비 0원 + 25,000원 쿠폰
68	1427	36	5,300원
68	1434	781	가입하기
68	1485	36	사과, 딸기, 비트, 레몬, 당근을 듬뿍 담아 새콤하고 건강하게 즐기는 과채주스
68	1516	0	준비중
68	1533	63	리뷰 (1)
69	0	0	리뷰 (3)
69	0	381	오픈 준비 중
69	27	36	체리에이드
69	66	155	더벤티 수유역점 내 메뉴를 찾아보세요
69	139	36	청량하고 상큼한 체리맛 에이드
69	151	114	에이드&주스
69	151	300	로컬 에디션
69	151	476	아이스 블렌디드
69	151	696	티
69	151	778	사이드메뉴
69	182	51	1 / 5
69	225	36	리치캐모마일스파클링
69	248	349	더벤티 수유역점
69	279	36	4,300원
69	298	404	4.9(2,202)
69	337	36	리치의 풍미에 캐모마일을 더해 산뜻하게 즐기는 저당 스파클링(타우린 1000mg / 비타민 350mg 함유)
69	445	36	제주청귤스파클링
69	499	36	4,300원
69	557	36	제주 청귤 풍미에 청량감을 더해 프레시하게 즐기는 저당 스파클링(타우린 1000mg / 비타민 350mg 함유)
69	665	36	트로피칼스파클링
69	719	36	4,300원
69	777	36	열대과일 풍미에 청량감을 더해 시원하게 즐기는 저당 스파클링(타우린 1000mg / 비타민 350mg 함유)
69	885	36	애플과채주스
69	939	36	5,300원
69	997	36	사과, 딸기, 비트, 레몬, 당근을 듬뿍 담아 새콤하고 건강하게 즐기는 과채주스
69	1045	63	리뷰 (1)
69	1119	36	오렌지과채주스
69	1173	36	5,300원
69	1231	36	오렌지, 사과, 당근, 감귤을 듬뿍 담아 상큼하고 건강하게 즐기는 과채주스
69	1347	42	로컬 에디션
69	1417	121	지금 와우 가입하면 배달비 0원 + 25,000원 쿠폰
69	1429	36	(아이스)이천쌀 라떼
69	1434	781	가입하기
69	1483	36	4,300원
69	1516	0	준비중
69	1541	36	임금님표 이천쌀의 깊은 풍미에 현미쌀 토핑을 더해, 담백함과 고소함이 매력적인 이천쌀 라떼
70	0	0	리뷰 (9)
70	0	0	제주청귤스파클링
70	0	381	오픈 준비 중
70	66	155	더벤티 수유역점 내 메뉴를 찾아보세요
70	69	36	제주 청귤 풍미에 청량감을 더해 프레시하게 즐기는 저당 스파클링(타우린 1000mg / 비타민 350mg 함유)
70	151	114	에이드&주스
70	151	300	로컬 에디션
70	151	476	아이스 블렌디드
70	151	696	티
70	151	778	사이드메뉴
70	177	36	트로피칼스파클링
70	182	51	1 / 5
70	231	36	4,300원
70	248	349	더벤티 수유역점
70	289	36	열대과일 풍미에 청량감을 더해 시원하게 즐기는 저당 스파클링(타우린 1000mg / 비타민 350mg 함유)
70	298	404	4.9(2,202)
70	397	36	애플과채주스
70	451	36	5,300원
70	509	36	사과, 딸기, 비트, 레몬, 당근을 듬뿍 담아 새콤하고 건강하게 즐기는 과채주스
70	557	63	리뷰 (1)
70	631	36	오렌지과채주스
70	685	36	5,300원
70	743	36	오렌지, 사과, 당근, 감귤을 듬뿍 담아 상큼하고 건강하게 즐기는 과채주스
70	859	42	로컬 에디션
70	941	36	(아이스)이천쌀 라떼
70	995	36	4,300원
70	1053	36	임금님표 이천쌀의 깊은 풍미에 현미쌀 토핑을 더해, 담백함과 고소함이 매력적인 이천쌀 라떼
70	1131	63	리뷰 (3)
70	1205	36	(핫)이천쌀 라떼
70	1259	36	4,300원
70	1317	36	임금님표 이천쌀의 깊은 풍미에 현미쌀 토핑을 더해, 담백함과 고소함이 매력적인 이천쌀 라떼
70	1395	63	리뷰 (1)
70	1417	121	지금 와우 가입하면 배달비 0원 + 25,000원 쿠폰
70	1434	781	가입하기
70	1469	36	(아이스)이천쌀 흑임자폼 라떼
70	1516	0	준비중
70	1523	36	4,500원
70	1581	36	임금님표 이천쌀에 흑임자를 더해 고소함을 극대화하고, 진한 풍미와  부드러운 맛이 조화로운  이천쌀 흑임자폼 라떼
71	0	0	고소한 연천율무에 담백한 귀리음료를 더해 더욱 부드럽게 즐기는 율무 오트라떼
71	0	0	리뷰 (1)
71	0	381	오픈 준비 중
71	66	155	더벤티 수유역점 내 메뉴를 찾아보세요
71	141	36	오렌지과채주스
71	151	114	에이드&주스
71	151	300	로컬 에디션
71	151	476	아이스 블렌디드
71	151	696	티
71	151	778	사이드메뉴
71	182	51	1 / 5
71	195	36	5,300원
71	248	349	더벤티 수유역점
71	253	36	오렌지, 사과, 당근, 감귤을 듬뿍 담아 상큼하고 건강하게 즐기는 과채주스
71	298	404	4.9(2,202)
71	369	42	로컬 에디션
71	451	36	(아이스)이천쌀 라떼
71	505	36	4,300원
71	563	36	임금님표 이천쌀의 깊은 풍미에 현미쌀 토핑을 더해, 담백함과 고소함이 매력적인 이천쌀 라떼
71	641	63	리뷰 (3)
71	715	36	(핫)이천쌀 라떼
71	769	36	4,300원
71	827	36	임금님표 이천쌀의 깊은 풍미에 현미쌀 토핑을 더해, 담백함과 고소함이 매력적인 이천쌀 라떼
71	905	63	리뷰 (1)
71	979	36	(아이스)이천쌀 흑임자폼 라떼
71	1033	36	4,500원
71	1091	36	임금님표 이천쌀에 흑임자를 더해 고소함을 극대화하고, 진한 풍미와  부드러운 맛이 조화로운  이천쌀 흑임자폼 라떼
71	1169	63	리뷰 (9)
71	1243	36	(핫)이천쌀 흑임자폼 라떼
71	1297	36	4,500원
71	1355	36	임금님표 이천쌀에 흑임자를 더해 고소함을 극대화하고, 진한 풍미와  부드러운 맛이 조화로운  이천쌀 흑임자폼 라떼
71	1417	121	지금 와우 가입하면 배달비 0원 + 25,000원 쿠폰
71	1433	63	리뷰 (2)
71	1434	781	가입하기
71	1507	36	(아이스)율무오트라떼
71	1516	0	준비중
71	1561	36	4,900원
72	0	0	고소한 연천율무가 얼음과 블렌딩되어 더욱 시원하게 즐기는 율무프라페
72	0	0	리뷰 (4)
72	0	36	(아이스)이천쌀 라떼
72	0	381	오픈 준비 중
72	66	155	더벤티 수유역점 내 메뉴를 찾아보세요
72	75	36	임금님표 이천쌀의 깊은 풍미에 현미쌀 토핑을 더해, 담백함과 고소함이 매력적인 이천쌀 라떼
72	151	91	에이드&주스
72	151	276	로컬 에디션
72	151	452	아이스 블렌디드
72	151	672	티
72	151	754	사이드메뉴
72	153	63	리뷰 (3)
72	182	51	1 / 5
72	227	36	(핫)이천쌀 라떼
72	248	349	더벤티 수유역점
72	281	36	4,300원
72	298	404	4.9(2,202)
72	339	36	임금님표 이천쌀의 깊은 풍미에 현미쌀 토핑을 더해, 담백함과 고소함이 매력적인 이천쌀 라떼
72	417	63	리뷰 (1)
72	491	36	(아이스)이천쌀 흑임자폼 라떼
72	545	36	4,500원
72	603	36	임금님표 이천쌀에 흑임자를 더해 고소함을 극대화하고, 진한 풍미와  부드러운 맛이 조화로운  이천쌀 흑임자폼 라떼
72	681	63	리뷰 (9)
72	755	36	(핫)이천쌀 흑임자폼 라떼
72	809	36	4,500원
72	867	36	임금님표 이천쌀에 흑임자를 더해 고소함을 극대화하고, 진한 풍미와  부드러운 맛이 조화로운  이천쌀 흑임자폼 라떼
72	945	63	리뷰 (2)
72	1019	36	(아이스)율무오트라떼
72	1073	36	4,900원
72	1131	36	고소한 연천율무에 담백한 귀리음료를 더해 더욱 부드럽게 즐기는 율무 오트라떼
72	1209	63	리뷰 (1)
72	1283	36	(핫)율무오트라떼
72	1337	36	4,900원
72	1395	36	고소한 연천율무에 담백한 귀리음료를 더해 더욱 부드럽게 즐기는 율무 오트라떼
72	1417	121	지금 와우 가입하면 배달비 0원 + 25,000원 쿠폰
72	1434	781	가입하기
72	1473	63	리뷰 (4)
72	1516	0	준비중
72	1547	36	율무프라페
73	0	0	리뷰 (4)
73	0	0	보성 말차와 부드러운 우유가 어우러진 깔끔하고 쌉싸름한 말차라떼
73	0	36	(아이스)이천쌀 흑임자폼 라떼
73	0	381	오픈 준비 중
73	66	155	더벤티 수유역점 내 메뉴를 찾아보세요
73	112	36	임금님표 이천쌀에 흑임자를 더해 고소함을 극대화하고, 진한 풍미와  부드러운 맛이 조화로운  이천쌀 흑임자폼 라떼
73	151	91	에이드&주스
73	151	276	로컬 에디션
73	151	452	아이스 블렌디드
73	151	672	티
73	151	754	사이드메뉴
73	182	51	1 / 5
73	190	63	리뷰 (9)
73	248	349	더벤티 수유역점
73	264	36	(핫)이천쌀 흑임자폼 라떼
73	298	404	4.9(2,202)
73	318	36	4,500원
73	376	36	임금님표 이천쌀에 흑임자를 더해 고소함을 극대화하고, 진한 풍미와  부드러운 맛이 조화로운  이천쌀 흑임자폼 라떼
73	454	63	리뷰 (2)
73	528	36	(아이스)율무오트라떼
73	582	36	4,900원
73	640	36	고소한 연천율무에 담백한 귀리음료를 더해 더욱 부드럽게 즐기는 율무 오트라떼
73	718	63	리뷰 (1)
73	792	36	(핫)율무오트라떼
73	846	36	4,900원
73	904	36	고소한 연천율무에 담백한 귀리음료를 더해 더욱 부드럽게 즐기는 율무 오트라떼
73	982	63	리뷰 (4)
73	1056	36	율무프라페
73	1110	36	4,900원
73	1168	36	고소한 연천율무가 얼음과 블렌딩되어 더욱 시원하게 즐기는 율무프라페
73	1216	63	리뷰 (4)
73	1290	36	(아이스)말차 아인슈페너
73	1344	36	4,500원
73	1402	36	보성 말차의 진한 향기와 부드러운 아인슈페너 크림이 만나 더욱 달콤하게 즐기는 말차 아인슈페너 (하프벤티/음료 특성상 빨대는 제공되지 않습니다.)
73	1417	121	지금 와우 가입하면 배달비 0원 + 25,000원 쿠폰
73	1434	781	가입하기
73	1510	36	(아이스)말차라떼
73	1516	0	준비중
73	1564	36	4,500원
74	0	0	리뷰 (2)
74	0	381	오픈 준비 중
74	35	36	(아이스)율무오트라떼
74	66	155	더벤티 수유역점 내 메뉴를 찾아보세요
74	147	36	고소한 연천율무에 담백한 귀리음료를 더해 더욱 부드럽게 즐기는 율무 오트라떼
74	151	91	에이드&주스
74	151	276	로컬 에디션
74	151	452	아이스 블렌디드
74	151	672	티
74	151	754	사이드메뉴
74	182	51	1 / 5
74	225	63	리뷰 (1)
74	248	349	더벤티 수유역점
74	298	404	4.9(2,202)
74	299	36	(핫)율무오트라떼
74	353	36	4,900원
74	411	36	고소한 연천율무에 담백한 귀리음료를 더해 더욱 부드럽게 즐기는 율무 오트라떼
74	489	63	리뷰 (4)
74	563	36	율무프라페
74	617	36	4,900원
74	675	36	고소한 연천율무가 얼음과 블렌딩되어 더욱 시원하게 즐기는 율무프라페
74	723	63	리뷰 (4)
74	797	36	(아이스)말차 아인슈페너
74	851	36	4,500원
74	909	36	보성 말차의 진한 향기와 부드러운 아인슈페너 크림이 만나 더욱 달콤하게 즐기는 말차 아인슈페너 (하프벤티/음료 특성상 빨대는 제공되지 않습니다.)
74	1017	36	(아이스)말차라떼
74	1071	36	4,500원
74	1129	36	보성 말차와 부드러운 우유가 어우러진 깔끔하고 쌉싸름한 말차라떼
74	1177	63	리뷰 (4)
74	1251	36	(핫)말차라떼
74	1305	36	4,500원
74	1363	36	보성 말차와 부드러운 우유가 어우러진 깔끔하고 쌉싸름한 말차라떼
74	1417	121	지금 와우 가입하면 배달비 0원 + 25,000원 쿠폰
74	1434	781	가입하기
74	1449	36	말차프라페
74	1503	36	4,900원
74	1516	0	준비중
74	1561	36	말차 본연의 맛을 부드럽고 깔끔하게 느낄 수 있는 더벤티 말차프라페
75	0	0	리뷰 (1)
75	0	0	부드러운 밀크쉐이크와 진한 풍미의 초콜릿이 어우러져 더욱 풍성하게 즐길 수 있는 초코쉐이크
75	0	381	오픈 준비 중
75	66	155	더벤티 수유역점 내 메뉴를 찾아보세요
75	73	36	율무프라페
75	132	36	4,900원
75	151	91	에이드&주스
75	151	276	로컬 에디션
75	151	452	아이스 블렌디드
75	151	672	티
75	151	754	사이드메뉴
75	182	51	1 / 5
75	185	36	고소한 연천율무가 얼음과 블렌딩되어 더욱 시원하게 즐기는 율무프라페
75	233	63	리뷰 (4)
75	248	349	더벤티 수유역점
75	298	404	4.9(2,202)
75	307	36	(아이스)말차 아인슈페너
75	361	36	4,500원
75	419	36	보성 말차의 진한 향기와 부드러운 아인슈페너 크림이 만나 더욱 달콤하게 즐기는 말차 아인슈페너 (하프벤티/음료 특성상 빨대는 제공되지 않습니다.)
75	527	36	(아이스)말차라떼
75	581	36	4,500원
75	639	36	보성 말차와 부드러운 우유가 어우러진 깔끔하고 쌉싸름한 말차라떼
75	687	63	리뷰 (4)
75	761	36	(핫)말차라떼
75	815	36	4,500원
75	873	36	보성 말차와 부드러운 우유가 어우러진 깔끔하고 쌉싸름한 말차라떼
75	959	36	말차프라페
75	1013	36	4,900원
75	1071	36	말차 본연의 맛을 부드럽고 깔끔하게 느낄 수 있는 더벤티 말차프라페
75	1119	63	리뷰 (2)
75	1223	42	아이스 블렌디드
75	1269	36	입안에서 사르르 시원하게 즐기는 블렌딩
75	1343	36	밀크쉐이크
75	1397	36	4,900원
75	1417	121	지금 와우 가입하면 배달비 0원 + 25,000원 쿠폰
75	1434	781	가입하기
75	1455	36	부드러운 밀크와 얼음을 함께 블렌딩한 더벤티만의 스페셜한 밀크쉐이크
75	1503	63	리뷰 (7)
75	1516	0	준비중
75	1577	36	초코쉐이크
76	0	0	딸기쉐이크
76	0	0	리뷰 (1)
76	0	0	진하고 달콤한 딸기리플잼을 넣은 쉐이크
76	0	381	오픈 준비 중
76	33	36	(아이스)말차라떼
76	66	155	더벤티 수유역점 내 메뉴를 찾아보세요
76	145	36	보성 말차와 부드러운 우유가 어우러진 깔끔하고 쌉싸름한 말차라떼
76	151	91	에이드&주스
76	151	276	로컬 에디션
76	151	452	아이스 블렌디드
76	151	672	티
76	151	754	사이드메뉴
76	182	51	1 / 5
76	193	63	리뷰 (4)
76	248	349	더벤티 수유역점
76	267	36	(핫)말차라떼
76	298	404	4.9(2,202)
76	321	36	4,500원
76	379	36	보성 말차와 부드러운 우유가 어우러진 깔끔하고 쌉싸름한 말차라떼
76	465	36	말차프라페
76	519	36	4,900원
76	577	36	말차 본연의 맛을 부드럽고 깔끔하게 느낄 수 있는 더벤티 말차프라페
76	625	63	리뷰 (2)
76	729	42	아이스 블렌디드
76	775	36	입안에서 사르르 시원하게 즐기는 블렌딩
76	849	36	밀크쉐이크
76	903	36	4,900원
76	961	36	부드러운 밀크와 얼음을 함께 블렌딩한 더벤티만의 스페셜한 밀크쉐이크
76	1009	63	리뷰 (7)
76	1083	36	초코쉐이크
76	1137	36	4,900원
76	1195	36	부드러운 밀크쉐이크와 진한 풍미의 초콜릿이 어우러져 더욱 풍성하게 즐길 수 있는 초코쉐이크
76	1273	63	리뷰 (1)
76	1347	36	에스프레소쉐이크
76	1401	36	4,900원
76	1417	121	지금 와우 가입하면 배달비 0원 + 25,000원 쿠폰
76	1434	781	가입하기
76	1459	36	부드러운 밀크쉐이크와 진한 에스프레소가 만나 더욱 풍성하게 즐길 수 있는 에스프레소쉐이크
76	1516	0	준비중
76	1537	63	리뷰 (6)
77	0	0	상큼달콤한 망고의 진한 맛을 강조한 스무디
77	0	36	말차프라페
77	0	381	오픈 준비 중
77	66	155	더벤티 수유역점 내 메뉴를 찾아보세요
77	95	36	말차 본연의 맛을 부드럽고 깔끔하게 느낄 수 있는 더벤티 말차프라페
77	143	63	리뷰 (2)
77	151	91	에이드&주스
77	151	276	로컬 에디션
77	151	452	아이스 블렌디드
77	151	672	티
77	151	754	사이드메뉴
77	182	51	1 / 5
77	247	42	아이스 블렌디드
77	248	349	더벤티 수유역점
77	293	36	입안에서 사르르 시원하게 즐기는 블렌딩
77	298	404	4.9(2,202)
77	367	36	밀크쉐이크
77	421	36	4,900원
77	479	36	부드러운 밀크와 얼음을 함께 블렌딩한 더벤티만의 스페셜한 밀크쉐이크
77	527	63	리뷰 (7)
77	601	36	초코쉐이크
77	655	36	4,900원
77	713	36	부드러운 밀크쉐이크와 진한 풍미의 초콜릿이 어우러져 더욱 풍성하게 즐길 수 있는 초코쉐이크
77	791	63	리뷰 (1)
77	865	36	에스프레소쉐이크
77	919	36	4,900원
77	977	36	부드러운 밀크쉐이크와 진한 에스프레소가 만나 더욱 풍성하게 즐길 수 있는 에스프레소쉐이크
77	1055	63	리뷰 (6)
77	1129	36	딸기쉐이크
77	1183	36	4,900원
77	1241	36	진하고 달콤한 딸기리플잼을 넣은 쉐이크
77	1289	63	리뷰 (1)
77	1363	36	딸기초코쿠키스무디
77	1417	36	5,300원
77	1417	121	지금 와우 가입하면 배달비 0원 + 25,000원 쿠폰
77	1434	781	가입하기
77	1475	36	달콤하고 부드러운 초코스무디에 딸기청, 쿠키분태를 토핑한 스무디
77	1516	0	준비중
77	1561	36	망고스무디
78	0	0	리뷰 (3)
78	0	0	부드러운 플레인요거트에 달콤한 블루베리과육을 듬뿍 담은 블루베리요거트스무디
78	0	381	오픈 준비 중
78	66	155	더벤티 수유역점 내 메뉴를 찾아보세요
78	113	36	초코쉐이크
78	151	91	에이드&주스
78	151	276	로컬 에디션
78	151	452	아이스 블렌디드
78	151	672	티
78	151	754	사이드메뉴
78	167	36	4,900원
78	182	51	1 / 5
78	225	36	부드러운 밀크쉐이크와 진한 풍미의 초콜릿이 어우러져 더욱 풍성하게 즐길 수 있는 초코쉐이크
78	248	349	더벤티 수유역점
78	298	404	4.9(2,202)
78	303	63	리뷰 (1)
78	377	36	에스프레소쉐이크
78	431	36	4,900원
78	489	36	부드러운 밀크쉐이크와 진한 에스프레소가 만나 더욱 풍성하게 즐길 수 있는 에스프레소쉐이크
78	567	63	리뷰 (6)
78	641	36	딸기쉐이크
78	695	36	4,900원
78	753	36	진하고 달콤한 딸기리플잼을 넣은 쉐이크
78	801	63	리뷰 (1)
78	875	36	딸기초코쿠키스무디
78	929	36	5,300원
78	987	36	달콤하고 부드러운 초코스무디에 딸기청, 쿠키분태를 토핑한 스무디
78	1073	36	망고스무디
78	1127	36	5,200원
78	1185	36	상큼달콤한 망고의 진한 맛을 강조한 스무디
78	1271	36	자두피치스무디
78	1325	36	5,200원
78	1383	36	새콤한 자두와 복숭아가 블렌딩되어 가볍고 상큼하게 즐기는 크러쉬
78	1417	121	지금 와우 가입하면 배달비 0원 + 25,000원 쿠폰
78	1431	63	리뷰 (1)
78	1434	781	가입하기
78	1505	36	블루베리요거트스무디
78	1516	0	준비중
78	1559	36	4,900원
79	0	0	리뷰 (1)
79	0	0	새콤달콤한 요거트의 맛이 그대로 전해지는 더벤티만의 스페셜한 플레인요거트스무디
79	0	381	오픈 준비 중
79	66	155	더벤티 수유역점 내 메뉴를 찾아보세요
79	149	36	딸기쉐이크
79	151	91	에이드&주스
79	151	276	로컬 에디션
79	151	452	아이스 블렌디드
79	151	672	티
79	151	754	사이드메뉴
79	182	51	1 / 5
79	203	36	4,900원
79	248	349	더벤티 수유역점
79	261	36	진하고 달콤한 딸기리플잼을 넣은 쉐이크
79	298	404	4.9(2,202)
79	309	63	리뷰 (1)
79	383	36	딸기초코쿠키스무디
79	437	36	5,300원
79	495	36	달콤하고 부드러운 초코스무디에 딸기청, 쿠키분태를 토핑한 스무디
79	581	36	망고스무디
79	635	36	5,200원
79	693	36	상큼달콤한 망고의 진한 맛을 강조한 스무디
79	779	36	자두피치스무디
79	833	36	5,200원
79	891	36	새콤한 자두와 복숭아가 블렌딩되어 가볍고 상큼하게 즐기는 크러쉬
79	939	63	리뷰 (1)
79	1013	36	블루베리요거트스무디
79	1067	36	4,900원
79	1125	36	부드러운 플레인요거트에 달콤한 블루베리과육을 듬뿍 담은 블루베리요거트스무디
79	1203	63	리뷰 (3)
79	1277	36	망고요거트스무디
79	1331	36	4,900원
79	1389	36	부드러운 플레인 요거트에 달콤한 망고과육을 듬뿍 담은 망고요거트스무디
79	1417	121	지금 와우 가입하면 배달비 0원 + 25,000원 쿠폰
79	1434	781	가입하기
79	1437	63	리뷰 (1)
79	1511	36	플레인요거트스무디
79	1516	0	준비중
79	1565	36	4,900원
80	0	0	요거트 스무디에 달콤한 복숭아 리플잼을 넣은 스무디
80	0	381	오픈 준비 중
80	66	155	더벤티 수유역점 내 메뉴를 찾아보세요
80	93	36	망고스무디
80	147	36	5,200원
80	151	91	에이드&주스
80	151	276	로컬 에디션
80	151	452	아이스 블렌디드
80	151	672	티
80	151	754	사이드메뉴
80	182	51	1 / 5
80	205	36	상큼달콤한 망고의 진한 맛을 강조한 스무디
80	248	349	더벤티 수유역점
80	291	36	자두피치스무디
80	298	404	4.9(2,202)
80	345	36	5,200원
80	403	36	새콤한 자두와 복숭아가 블렌딩되어 가볍고 상큼하게 즐기는 크러쉬
80	451	63	리뷰 (1)
80	525	36	블루베리요거트스무디
80	579	36	4,900원
80	637	36	부드러운 플레인요거트에 달콤한 블루베리과육을 듬뿍 담은 블루베리요거트스무디
80	715	63	리뷰 (3)
80	789	36	망고요거트스무디
80	843	36	4,900원
80	901	36	부드러운 플레인 요거트에 달콤한 망고과육을 듬뿍 담은 망고요거트스무디
80	949	63	리뷰 (1)
80	1023	36	플레인요거트스무디
80	1077	36	4,900원
80	1135	36	새콤달콤한 요거트의 맛이 그대로 전해지는 더벤티만의 스페셜한 플레인요거트스무디
80	1213	63	리뷰 (1)
80	1287	36	딸기요거트스무디
80	1341	36	4,900원
80	1399	36	부드러운 플레인요거트에 상큼한 딸기과육을 듬뿍 담은 딸기요거트스무디
80	1417	121	지금 와우 가입하면 배달비 0원 + 25,000원 쿠폰
80	1434	781	가입하기
80	1447	63	리뷰 (4)
80	1516	0	준비중
80	1530	36	복숭아요거트스무디
80	1578	36	4,900원
81	0	0	리뷰 (4)
81	0	0	자바칩과 카라멜을 블랜딩한 음료에 초코칩과 카라멜 소스를 뿌려 달콤함을 두배로 즐기는 자바칩프라페
81	0	381	오픈 준비 중
81	38	36	블루베리요거트스무디
81	66	155	더벤티 수유역점 내 메뉴를 찾아보세요
81	150	36	부드러운 플레인요거트에 달콤한 블루베리과육을 듬뿍 담은 블루베리요거트스무디
81	151	91	에이드&주스
81	151	276	로컬 에디션
81	151	452	아이스 블렌디드
81	151	672	티
81	151	754	사이드메뉴
81	182	51	1 / 5
81	228	63	리뷰 (3)
81	248	349	더벤티 수유역점
81	298	404	4.9(2,202)
81	302	36	망고요거트스무디
81	356	36	4,900원
81	414	36	부드러운 플레인 요거트에 달콤한 망고과육을 듬뿍 담은 망고요거트스무디
81	462	63	리뷰 (1)
81	536	36	플레인요거트스무디
81	590	36	4,900원
81	648	36	새콤달콤한 요거트의 맛이 그대로 전해지는 더벤티만의 스페셜한 플레인요거트스무디
81	726	63	리뷰 (1)
81	800	36	딸기요거트스무디
81	854	36	4,900원
81	912	36	부드러운 플레인요거트에 상큼한 딸기과육을 듬뿍 담은 딸기요거트스무디
81	960	63	리뷰 (4)
81	1043	36	복숭아요거트스무디
81	1091	36	4,900원
81	1149	36	요거트 스무디에 달콤한 복숭아 리플잼을 넣은 스무디
81	1227	36	쿠키앤크림프라페
81	1281	36	4,900원
81	1339	36	부드러운 바닐라와 바삭한쿠키를 블렌딩하여 시원하고 달달한 쿠키앤크림프라페
81	1417	63	리뷰 (2)
81	1417	121	지금 와우 가입하면 배달비 0원 + 25,000원 쿠폰
81	1434	781	가입하기
81	1491	36	자바칩프라페
81	1516	0	준비중
81	1545	36	4,900원
82	0	0	솔티드카라멜풍미와 초코를더해 단짠 풍미를 강조한 프라페
82	0	381	오픈 준비 중
82	50	36	플레인요거트스무디
82	66	155	더벤티 수유역점 내 메뉴를 찾아보세요
82	132	36	4,900원
82	151	91	에이드&주스
82	151	276	로컬 에디션
82	151	452	아이스 블렌디드
82	151	672	티
82	151	754	사이드메뉴
82	162	36	새콤달콤한 요거트의 맛이 그대로 전해지는 더벤티만의 스페셜한 플레인요거트스무디
82	182	51	1 / 5
82	240	63	리뷰 (1)
82	248	349	더벤티 수유역점
82	298	404	4.9(2,202)
82	314	36	딸기요거트스무디
82	368	36	4,900원
82	426	36	부드러운 플레인요거트에 상큼한 딸기과육을 듬뿍 담은 딸기요거트스무디
82	474	63	리뷰 (4)
82	557	36	복숭아요거트스무디
82	605	36	4,900원
82	663	36	요거트 스무디에 달콤한 복숭아 리플잼을 넣은 스무디
82	741	36	쿠키앤크림프라페
82	795	36	4,900원
82	853	36	부드러운 바닐라와 바삭한쿠키를 블렌딩하여 시원하고 달달한 쿠키앤크림프라페
82	931	63	리뷰 (2)
82	1005	36	자바칩프라페
82	1059	36	4,900원
82	1117	36	자바칩과 카라멜을 블랜딩한 음료에 초코칩과 카라멜 소스를 뿌려 달콤함을 두배로 즐기는 자바칩프라페
82	1195	63	리뷰 (4)
82	1269	36	코코넛커피프라페
82	1323	36	5,500원
82	1381	36	고소한 코코넛과 콜드브루가 블렌딩되어 가볍고 부드럽게 즐기는 프라페
82	1417	121	지금 와우 가입하면 배달비 0원 + 25,000원 쿠폰
82	1429	63	리뷰 (2)
82	1434	781	가입하기
82	1503	36	솔티드카라멜프라페
82	1516	0	준비중
82	1557	36	4,900원
83	0	381	오픈 준비 중
83	66	155	더벤티 수유역점 내 메뉴를 찾아보세요
83	69	36	복숭아요거트스무디
83	132	36	4,900원
83	151	91	에이드&주스
83	151	276	로컬 에디션
83	151	452	아이스 블렌디드
83	151	672	티
83	151	754	사이드메뉴
83	175	36	요거트 스무디에 달콤한 복숭아 리플잼을 넣은 스무디
83	182	51	1 / 5
83	248	349	더벤티 수유역점
83	253	36	쿠키앤크림프라페
83	298	404	4.9(2,202)
83	307	36	4,900원
83	365	36	부드러운 바닐라와 바삭한쿠키를 블렌딩하여 시원하고 달달한 쿠키앤크림프라페
83	443	63	리뷰 (2)
83	517	36	자바칩프라페
83	571	36	4,900원
83	629	36	자바칩과 카라멜을 블랜딩한 음료에 초코칩과 카라멜 소스를 뿌려 달콤함을 두배로 즐기는 자바칩프라페
83	707	63	리뷰 (4)
83	781	36	코코넛커피프라페
83	835	36	5,500원
83	893	36	고소한 코코넛과 콜드브루가 블렌딩되어 가볍고 부드럽게 즐기는 프라페
83	941	63	리뷰 (2)
83	1015	36	솔티드카라멜프라페
83	1069	36	4,900원
83	1127	36	솔티드카라멜풍미와 초코를더해 단짠 풍미를 강조한 프라페
83	1243	42	티
83	1289	36	한 잔의 티로 즐기는 힐링타임
83	1363	36	복숭아아이스티
83	1417	36	4,000원
83	1417	121	지금 와우 가입하면 배달비 0원 + 25,000원 쿠폰
83	1434	781	가입하기
83	1475	36	진한 블랙퍼스트 홍차에 달콤한 복숭아가 어우러진 더벤티만의 특별한 복숭아아이스티
83	1516	0	준비중
83	1553	63	리뷰 (12)
84	0	0	두가지 블랙티가 블랜딩된 얼그레이와 자몽이 조화롭게 어우러진 블랙자몽블렌딩티
84	0	0	리뷰 (3)
84	0	381	오픈 준비 중
84	21	36	자바칩프라페
84	66	155	더벤티 수유역점 내 메뉴를 찾아보세요
84	133	36	자바칩과 카라멜을 블랜딩한 음료에 초코칩과 카라멜 소스를 뿌려 달콤함을 두배로 즐기는 자바칩프라페
84	151	91	에이드&주스
84	151	276	로컬 에디션
84	151	452	아이스 블렌디드
84	151	672	티
84	151	754	사이드메뉴
84	182	51	1 / 5
84	211	63	리뷰 (4)
84	248	349	더벤티 수유역점
84	285	36	코코넛커피프라페
84	298	404	4.9(2,202)
84	339	36	5,500원
84	397	36	고소한 코코넛과 콜드브루가 블렌딩되어 가볍고 부드럽게 즐기는 프라페
84	445	63	리뷰 (2)
84	519	36	솔티드카라멜프라페
84	573	36	4,900원
84	631	36	솔티드카라멜풍미와 초코를더해 단짠 풍미를 강조한 프라페
84	747	42	티
84	793	36	한 잔의 티로 즐기는 힐링타임
84	867	36	복숭아아이스티
84	921	36	4,000원
84	979	36	진한 블랙퍼스트 홍차에 달콤한 복숭아가 어우러진 더벤티만의 특별한 복숭아아이스티
84	1057	63	리뷰 (12)
84	1131	36	(아이스)유자애플티
84	1185	36	4,500원
84	1243	36	은은한 사과향 블렌딩티와 유자가 조화롭게 어우러진 애플유자티
84	1329	36	(핫)유자애플티
84	1383	36	4,500원
84	1417	121	지금 와우 가입하면 배달비 0원 + 25,000원 쿠폰
84	1434	781	가입하기
84	1441	36	은은한 사과향 블렌딩티와 유자가 조화롭게 어우러진 애플유자티
84	1516	0	준비중
84	1527	36	(아이스)자몽허니블랙티
84	1581	36	4,500원
85	0	0	달콤한 꿀과 향긋한 유자가 어우러진 허니유자티
85	0	381	오픈 준비 중
85	30	36	솔티드카라멜프라페
85	66	155	더벤티 수유역점 내 메뉴를 찾아보세요
85	142	36	솔티드카라멜풍미와 초코를더해 단짠 풍미를 강조한 프라페
85	151	91	에이드&주스
85	151	276	로컬 에디션
85	151	452	아이스 블렌디드
85	151	672	티
85	151	754	사이드메뉴
85	182	51	1 / 5
85	248	349	더벤티 수유역점
85	258	42	티
85	298	404	4.9(2,202)
85	304	36	한 잔의 티로 즐기는 힐링타임
85	378	36	복숭아아이스티
85	432	36	4,000원
85	490	36	진한 블랙퍼스트 홍차에 달콤한 복숭아가 어우러진 더벤티만의 특별한 복숭아아이스티
85	568	63	리뷰 (12)
85	642	36	(아이스)유자애플티
85	696	36	4,500원
85	754	36	은은한 사과향 블렌딩티와 유자가 조화롭게 어우러진 애플유자티
85	840	36	(핫)유자애플티
85	894	36	4,500원
85	952	36	은은한 사과향 블렌딩티와 유자가 조화롭게 어우러진 애플유자티
85	1038	36	(아이스)자몽허니블랙티
85	1092	36	4,500원
85	1150	36	두가지 블랙티가 블랜딩된 얼그레이와 자몽이 조화롭게 어우러진 블랙자몽블렌딩티
85	1228	63	리뷰 (3)
85	1302	36	(핫)자몽허니블랙티
85	1356	36	4,500원
85	1414	36	두가지 블랙티가 블랜딩된 얼그레이와 자몽이 조화롭게 어우러진 블랙자몽블렌딩티
85	1417	121	지금 와우 가입하면 배달비 0원 + 25,000원 쿠폰
85	1434	781	가입하기
85	1492	63	리뷰 (1)
85	1516	0	준비중
85	1566	36	(아이스)허니유자티
86	0	381	오픈 준비 중
86	66	155	더벤티 수유역점 내 메뉴를 찾아보세요
86	151	91	에이드&주스
86	151	276	로컬 에디션
86	151	452	아이스 블렌디드
86	151	672	티
86	151	754	사이드메뉴
86	153	36	(아이스)유자애플티
86	182	51	1 / 5
86	207	36	4,500원
86	248	349	더벤티 수유역점
86	265	36	은은한 사과향 블렌딩티와 유자가 조화롭게 어우러진 애플유자티
86	298	404	4.9(2,202)
86	351	36	(핫)유자애플티
86	405	36	4,500원
86	463	36	은은한 사과향 블렌딩티와 유자가 조화롭게 어우러진 애플유자티
86	549	36	(아이스)자몽허니블랙티
86	603	36	4,500원
86	661	36	두가지 블랙티가 블랜딩된 얼그레이와 자몽이 조화롭게 어우러진 블랙자몽블렌딩티
86	739	63	리뷰 (3)
86	813	36	(핫)자몽허니블랙티
86	867	36	4,500원
86	925	36	두가지 블랙티가 블랜딩된 얼그레이와 자몽이 조화롭게 어우러진 블랙자몽블렌딩티
86	1003	63	리뷰 (1)
86	1077	36	(아이스)허니유자티
86	1131	36	4,500원
86	1189	36	달콤한 꿀과 향긋한 유자가 어우러진 허니유자티
86	1275	36	(핫)허니유자티
86	1329	36	4,500원
86	1387	36	달콤한 꿀과 향긋한 유자가 어우러진 허니유자티
86	1417	121	지금 와우 가입하면 배달비 0원 + 25,000원 쿠폰
86	1434	781	가입하기
86	1473	36	(아이스)허니자몽티
86	1516	0	준비중
86	1527	36	4,500원
86	1585	36	달콤한 꿀과 쌉싸름한 자몽이 어우러진 허니자몽티
87	0	0	달콤한 꿀과 상큼한 레몬이 어우러진 허니레몬티
87	0	381	오픈 준비 중
87	61	36	(아이스)자몽허니블랙티
87	66	155	더벤티 수유역점 내 메뉴를 찾아보세요
87	132	36	4,500원
87	151	91	에이드&주스
87	151	276	로컬 에디션
87	151	452	아이스 블렌디드
87	151	672	티
87	151	754	사이드메뉴
87	173	36	두가지 블랙티가 블랜딩된 얼그레이와 자몽이 조화롭게 어우러진 블랙자몽블렌딩티
87	182	51	1 / 5
87	248	349	더벤티 수유역점
87	251	63	리뷰 (3)
87	298	404	4.9(2,202)
87	325	36	(핫)자몽허니블랙티
87	379	36	4,500원
87	437	36	두가지 블랙티가 블랜딩된 얼그레이와 자몽이 조화롭게 어우러진 블랙자몽블렌딩티
87	515	63	리뷰 (1)
87	589	36	(아이스)허니유자티
87	643	36	4,500원
87	701	36	달콤한 꿀과 향긋한 유자가 어우러진 허니유자티
87	787	36	(핫)허니유자티
87	841	36	4,500원
87	899	36	달콤한 꿀과 향긋한 유자가 어우러진 허니유자티
87	985	36	(아이스)허니자몽티
87	1039	36	4,500원
87	1097	36	달콤한 꿀과 쌉싸름한 자몽이 어우러진 허니자몽티
87	1183	36	(핫)허니자몽티
87	1237	36	4,500원
87	1295	36	달콤한 꿀과 쌉싸름한 자몽이 어우러진 허니자몽티
87	1381	36	(아이스)허니레몬티
87	1417	121	지금 와우 가입하면 배달비 0원 + 25,000원 쿠폰
87	1434	781	가입하기
87	1435	36	4,500원
87	1493	36	달콤한 꿀과 상큼한 레몬이 어우러진 허니레몬티
87	1516	0	준비중
87	1579	36	(핫)허니레몬티
88	0	0	리뷰 (1)
88	0	0	오미자의 떫은맛은 줄이고  석류의 산뜻함을 더한,  맑고 가볍게 즐기는 블렌딩 티
88	0	381	오픈 준비 중
88	66	155	더벤티 수유역점 내 메뉴를 찾아보세요
88	103	36	(아이스)허니유자티
88	151	91	에이드&주스
88	151	276	로컬 에디션
88	151	452	아이스 블렌디드
88	151	672	티
88	151	754	사이드메뉴
88	157	36	4,500원
88	182	51	1 / 5
88	215	36	달콤한 꿀과 향긋한 유자가 어우러진 허니유자티
88	248	349	더벤티 수유역점
88	298	404	4.9(2,202)
88	301	36	(핫)허니유자티
88	355	36	4,500원
88	413	36	달콤한 꿀과 향긋한 유자가 어우러진 허니유자티
88	499	36	(아이스)허니자몽티
88	553	36	4,500원
88	611	36	달콤한 꿀과 쌉싸름한 자몽이 어우러진 허니자몽티
88	697	36	(핫)허니자몽티
88	751	36	4,500원
88	809	36	달콤한 꿀과 쌉싸름한 자몽이 어우러진 허니자몽티
88	895	36	(아이스)허니레몬티
88	949	36	4,500원
88	1007	36	달콤한 꿀과 상큼한 레몬이 어우러진 허니레몬티
88	1093	36	(핫)허니레몬티
88	1147	36	4,500원
88	1205	36	달콤한 꿀과 상큼한 레몬이 어우러진 허니레몬티
88	1291	36	(아이스)오미자석류티
88	1345	36	4,500원
88	1403	36	오미자의 떫은맛은 줄이고  석류의 산뜻함을 더한,  맑고 가볍게 즐기는 블렌딩 티
88	1417	121	지금 와우 가입하면 배달비 0원 + 25,000원 쿠폰
88	1434	781	가입하기
88	1481	63	리뷰 (3)
88	1516	0	준비중
88	1555	36	(핫)오미자석류티
89	0	0	리뷰 (1)
89	0	0	배숙의 부드러운 단맛에  꿀과 생강의 은은한 향을 부담 없이 즐기는 건강 블렌딩 티
89	0	381	오픈 준비 중
89	7	36	(아이스)허니자몽티
89	66	155	더벤티 수유역점 내 메뉴를 찾아보세요
89	119	36	달콤한 꿀과 쌉싸름한 자몽이 어우러진 허니자몽티
89	151	91	에이드&주스
89	151	276	로컬 에디션
89	151	452	아이스 블렌디드
89	151	672	티
89	151	754	사이드메뉴
89	182	51	1 / 5
89	205	36	(핫)허니자몽티
89	248	349	더벤티 수유역점
89	259	36	4,500원
89	298	404	4.9(2,202)
89	317	36	달콤한 꿀과 쌉싸름한 자몽이 어우러진 허니자몽티
89	403	36	(아이스)허니레몬티
89	457	36	4,500원
89	515	36	달콤한 꿀과 상큼한 레몬이 어우러진 허니레몬티
89	601	36	(핫)허니레몬티
89	655	36	4,500원
89	713	36	달콤한 꿀과 상큼한 레몬이 어우러진 허니레몬티
89	799	36	(아이스)오미자석류티
89	853	36	4,500원
89	911	36	오미자의 떫은맛은 줄이고  석류의 산뜻함을 더한,  맑고 가볍게 즐기는 블렌딩 티
89	989	63	리뷰 (3)
89	1063	36	(핫)오미자석류티
89	1117	36	4,500원
89	1175	36	오미자의 떫은맛은 줄이고  석류의 산뜻함을 더한,  맑고 가볍게 즐기는 블렌딩 티
89	1253	63	리뷰 (1)
89	1327	36	(아이스)꿀배생강티
89	1381	36	4,500원
89	1417	121	지금 와우 가입하면 배달비 0원 + 25,000원 쿠폰
89	1434	781	가입하기
89	1439	36	배숙의 부드러운 단맛에  꿀과 생강의 은은한 향을 부담 없이 즐기는 건강 블렌딩 티
89	1516	0	준비중
89	1517	63	리뷰 (1)
89	1591	36	(핫)꿀배생강티
90	0	381	오픈 준비 중
90	66	155	더벤티 수유역점 내 메뉴를 찾아보세요
90	110	36	(핫)허니레몬티
90	151	91	에이드&주스
90	151	276	로컬 에디션
90	151	452	아이스 블렌디드
90	151	672	티
90	151	754	사이드메뉴
90	164	36	4,500원
90	182	51	1 / 5
90	222	36	달콤한 꿀과 상큼한 레몬이 어우러진 허니레몬티
90	248	349	더벤티 수유역점
90	298	404	4.9(2,202)
90	308	36	(아이스)오미자석류티
90	362	36	4,500원
90	420	36	오미자의 떫은맛은 줄이고  석류의 산뜻함을 더한,  맑고 가볍게 즐기는 블렌딩 티
90	498	63	리뷰 (3)
90	572	36	(핫)오미자석류티
90	626	36	4,500원
90	684	36	오미자의 떫은맛은 줄이고  석류의 산뜻함을 더한,  맑고 가볍게 즐기는 블렌딩 티
90	762	63	리뷰 (1)
90	836	36	(아이스)꿀배생강티
90	890	36	4,500원
90	948	36	배숙의 부드러운 단맛에  꿀과 생강의 은은한 향을 부담 없이 즐기는 건강 블렌딩 티
90	1026	63	리뷰 (1)
90	1100	36	(핫)꿀배생강티
90	1154	36	4,500원
90	1212	36	배숙의 부드러운 단맛에  꿀과 생강의 은은한 향을 부담 없이 즐기는 건강 블렌딩 티
90	1290	63	리뷰 (1)
90	1364	36	(아이스)더쌍화차
90	1417	121	지금 와우 가입하면 배달비 0원 + 25,000원 쿠폰
90	1418	36	4,500원
90	1434	781	가입하기
90	1476	36	전통 쌍화차의 쓴맛과 약재향을  줄이고 대추, 생강, 계피의  밸런스를 감미롭게 조합한  데일리 티
90	1516	0	준비중
90	1554	63	리뷰 (2)
91	0	0	세 종류의 민트가 어우러진 상쾌한 블렌딩티
91	0	381	오픈 준비 중
91	66	155	더벤티 수유역점 내 메뉴를 찾아보세요
91	76	36	(핫)오미자석류티
91	132	36	4,500원
91	151	91	에이드&주스
91	151	276	로컬 에디션
91	151	452	아이스 블렌디드
91	151	672	티
91	151	754	사이드메뉴
91	182	51	1 / 5
91	188	36	오미자의 떫은맛은 줄이고  석류의 산뜻함을 더한,  맑고 가볍게 즐기는 블렌딩 티
91	248	349	더벤티 수유역점
91	266	63	리뷰 (1)
91	298	404	4.9(2,202)
91	340	36	(아이스)꿀배생강티
91	394	36	4,500원
91	452	36	배숙의 부드러운 단맛에  꿀과 생강의 은은한 향을 부담 없이 즐기는 건강 블렌딩 티
91	530	63	리뷰 (1)
91	604	36	(핫)꿀배생강티
91	658	36	4,500원
91	716	36	배숙의 부드러운 단맛에  꿀과 생강의 은은한 향을 부담 없이 즐기는 건강 블렌딩 티
91	794	63	리뷰 (1)
91	868	36	(아이스)더쌍화차
91	922	36	4,500원
91	980	36	전통 쌍화차의 쓴맛과 약재향을  줄이고 대추, 생강, 계피의  밸런스를 감미롭게 조합한  데일리 티
91	1058	63	리뷰 (2)
91	1132	36	(핫)더쌍화차
91	1186	36	4,500원
91	1244	36	전통 쌍화차의 쓴맛과 약재향을  줄이고 대추, 생강, 계피의  밸런스를 감미롭게 조합한  데일리 티
91	1352	36	(아이스)트리플민트
91	1406	36	3,500원
91	1417	121	지금 와우 가입하면 배달비 0원 + 25,000원 쿠폰
91	1434	781	가입하기
91	1464	36	세 종류의 민트가 어우러진 상쾌한 블렌딩티
91	1516	0	준비중
91	1550	36	(핫)트리플민트
92	0	381	오픈 준비 중
92	66	155	더벤티 수유역점 내 메뉴를 찾아보세요
92	118	36	(핫)꿀배생강티
92	151	91	에이드&주스
92	151	276	로컬 에디션
92	151	452	아이스 블렌디드
92	151	672	티
92	151	754	사이드메뉴
92	172	36	4,500원
92	182	51	1 / 5
92	230	36	배숙의 부드러운 단맛에  꿀과 생강의 은은한 향을 부담 없이 즐기는 건강 블렌딩 티
92	248	349	더벤티 수유역점
92	298	404	4.9(2,202)
92	308	63	리뷰 (1)
92	382	36	(아이스)더쌍화차
92	436	36	4,500원
92	494	36	전통 쌍화차의 쓴맛과 약재향을  줄이고 대추, 생강, 계피의  밸런스를 감미롭게 조합한  데일리 티
92	572	63	리뷰 (2)
92	646	36	(핫)더쌍화차
92	700	36	4,500원
92	758	36	전통 쌍화차의 쓴맛과 약재향을  줄이고 대추, 생강, 계피의  밸런스를 감미롭게 조합한  데일리 티
92	866	36	(아이스)트리플민트
92	920	36	3,500원
92	978	36	세 종류의 민트가 어우러진 상쾌한 블렌딩티
92	1064	36	(핫)트리플민트
92	1118	36	3,500원
92	1176	36	세 종류의 민트가 어우러진 상쾌한 블렌딩티
92	1262	36	(아이스)애플히비스커스
92	1316	36	3,500원
92	1374	36	히비스커스, 로즈힙에 달콤한 과일이 어우러진 새콤달콤한 블렌딩티
92	1417	121	지금 와우 가입하면 배달비 0원 + 25,000원 쿠폰
92	1434	781	가입하기
92	1460	36	(핫)애플히비스커스
92	1514	36	3,500원
92	1516	0	준비중
92	1572	36	히비스커스, 로즈힙에 달콤한 과일이 어우러진 새콤달콤한 블렌딩티
93	0	0	홍차의 묵직한 바디감에 베르가못 향을 입힌 클래식 티
93	0	381	오픈 준비 중
93	66	155	더벤티 수유역점 내 메뉴를 찾아보세요
93	151	91	에이드&주스
93	151	276	로컬 에디션
93	151	452	아이스 블렌디드
93	151	672	티
93	151	754	사이드메뉴
93	155	36	(핫)더쌍화차
93	182	51	1 / 5
93	209	36	4,500원
93	248	349	더벤티 수유역점
93	267	36	전통 쌍화차의 쓴맛과 약재향을  줄이고 대추, 생강, 계피의  밸런스를 감미롭게 조합한  데일리 티
93	298	404	4.9(2,202)
93	375	36	(아이스)트리플민트
93	429	36	3,500원
93	487	36	세 종류의 민트가 어우러진 상쾌한 블렌딩티
93	573	36	(핫)트리플민트
93	627	36	3,500원
93	685	36	세 종류의 민트가 어우러진 상쾌한 블렌딩티
93	771	36	(아이스)애플히비스커스
93	825	36	3,500원
93	883	36	히비스커스, 로즈힙에 달콤한 과일이 어우러진 새콤달콤한 블렌딩티
93	969	36	(핫)애플히비스커스
93	1023	36	3,500원
93	1081	36	히비스커스, 로즈힙에 달콤한 과일이 어우러진 새콤달콤한 블렌딩티
93	1167	36	(아이스)녹차
93	1221	36	3,500원
93	1279	36	떫은 맛은 줄이고 은은한 단맛과 감칠맛을 극대화한 국내산 녹차
93	1365	36	(핫)녹차
93	1417	121	지금 와우 가입하면 배달비 0원 + 25,000원 쿠폰
93	1419	36	3,500원
93	1434	781	가입하기
93	1477	36	떫은 맛은 줄이고 은은한 단맛과 감칠맛을 극대화한 국내산 녹차
93	1516	0	준비중
93	1563	36	(아이스)얼그레이
94	0	381	오픈 준비 중
94	66	155	더벤티 수유역점 내 메뉴를 찾아보세요
94	84	36	(핫)트리플민트
94	138	36	3,500원
94	151	91	에이드&주스
94	151	276	로컬 에디션
94	151	452	아이스 블렌디드
94	151	672	티
94	151	754	사이드메뉴
94	182	51	1 / 5
94	196	36	세 종류의 민트가 어우러진 상쾌한 블렌딩티
94	248	349	더벤티 수유역점
94	282	36	(아이스)애플히비스커스
94	298	404	4.9(2,202)
94	336	36	3,500원
94	394	36	히비스커스, 로즈힙에 달콤한 과일이 어우러진 새콤달콤한 블렌딩티
94	480	36	(핫)애플히비스커스
94	534	36	3,500원
94	592	36	히비스커스, 로즈힙에 달콤한 과일이 어우러진 새콤달콤한 블렌딩티
94	678	36	(아이스)녹차
94	732	36	3,500원
94	790	36	떫은 맛은 줄이고 은은한 단맛과 감칠맛을 극대화한 국내산 녹차
94	876	36	(핫)녹차
94	930	36	3,500원
94	988	36	떫은 맛은 줄이고 은은한 단맛과 감칠맛을 극대화한 국내산 녹차
94	1074	36	(아이스)얼그레이
94	1128	36	3,500원
94	1186	36	홍차의 묵직한 바디감에 베르가못 향을 입힌 클래식 티
94	1272	36	(핫)얼그레이
94	1326	36	3,500원
94	1384	36	홍차의 묵직한 바디감에 베르가못 향을 입힌 클래식 티
94	1417	121	지금 와우 가입하면 배달비 0원 + 25,000원 쿠폰
94	1434	781	가입하기
94	1470	36	(아이스)캐모마일
94	1516	0	준비중
94	1524	36	3,500원
94	1582	36	휴식과 숙면을 키워드로한 릴랙싱 티
95	0	0	기분 전환과 자스민의 꽃향기를 강조한 에스테틱 티
95	0	36	(핫)애플히비스커스
95	0	381	오픈 준비 중
95	66	155	더벤티 수유역점 내 메뉴를 찾아보세요
95	96	36	히비스커스, 로즈힙에 달콤한 과일이 어우러진 새콤달콤한 블렌딩티
95	151	91	에이드&주스
95	151	276	로컬 에디션
95	151	452	아이스 블렌디드
95	151	672	티
95	151	754	사이드메뉴
95	182	36	(아이스)녹차
95	182	51	1 / 5
95	236	36	3,500원
95	248	349	더벤티 수유역점
95	294	36	떫은 맛은 줄이고 은은한 단맛과 감칠맛을 극대화한 국내산 녹차
95	298	404	4.9(2,202)
95	380	36	(핫)녹차
95	434	36	3,500원
95	492	36	떫은 맛은 줄이고 은은한 단맛과 감칠맛을 극대화한 국내산 녹차
95	578	36	(아이스)얼그레이
95	632	36	3,500원
95	690	36	홍차의 묵직한 바디감에 베르가못 향을 입힌 클래식 티
95	776	36	(핫)얼그레이
95	830	36	3,500원
95	888	36	홍차의 묵직한 바디감에 베르가못 향을 입힌 클래식 티
95	974	36	(아이스)캐모마일
95	1028	36	3,500원
95	1086	36	휴식과 숙면을 키워드로한 릴랙싱 티
95	1172	36	(핫)캐모마일
95	1226	36	3,500원
95	1284	36	휴식과 숙면을 키워드로한 릴랙싱 티
95	1370	36	(아이스)자스민
95	1417	121	지금 와우 가입하면 배달비 0원 + 25,000원 쿠폰
95	1424	36	3,500원
95	1434	781	가입하기
95	1482	36	기분 전환과 자스민의 꽃향기를 강조한 에스테틱 티
95	1516	0	준비중
95	1568	36	(핫)자스민
96	0	0	늙은 호박과 팥을 최적의 비율로 블렌딩 하여 몸의 순환 (붓기  감소)을 돕는 에스테틱 티
96	0	381	오픈 준비 중
96	66	155	더벤티 수유역점 내 메뉴를 찾아보세요
96	88	36	(아이스)얼그레이
96	142	36	3,500원
96	151	91	에이드&주스
96	151	276	로컬 에디션
96	151	452	아이스 블렌디드
96	151	672	티
96	151	754	사이드메뉴
96	182	51	1 / 5
96	200	36	홍차의 묵직한 바디감에 베르가못 향을 입힌 클래식 티
96	248	349	더벤티 수유역점
96	286	36	(핫)얼그레이
96	298	404	4.9(2,202)
96	340	36	3,500원
96	398	36	홍차의 묵직한 바디감에 베르가못 향을 입힌 클래식 티
96	484	36	(아이스)캐모마일
96	538	36	3,500원
96	596	36	휴식과 숙면을 키워드로한 릴랙싱 티
96	682	36	(핫)캐모마일
96	736	36	3,500원
96	794	36	휴식과 숙면을 키워드로한 릴랙싱 티
96	880	36	(아이스)자스민
96	934	36	3,500원
96	992	36	기분 전환과 자스민의 꽃향기를 강조한 에스테틱 티
96	1078	36	(핫)자스민
96	1132	36	3,500원
96	1190	36	기분 전환과 자스민의 꽃향기를 강조한 에스테틱 티
96	1276	36	(아이스)호박팥차
96	1330	36	4,000원
96	1388	36	늙은 호박과 팥을 최적의 비율로 블렌딩 하여 몸의 순환 (붓기  감소)을 돕는 에스테틱 티
96	1417	121	지금 와우 가입하면 배달비 0원 + 25,000원 쿠폰
96	1434	781	가입하기
96	1496	36	(핫)호박팥차
96	1516	0	준비중
96	1550	36	4,000원
97	0	36	(아이스)캐모마일
97	0	381	오픈 준비 중
97	66	155	더벤티 수유역점 내 메뉴를 찾아보세요
97	110	36	휴식과 숙면을 키워드로한 릴랙싱 티
97	151	91	에이드&주스
97	151	276	로컬 에디션
97	151	452	아이스 블렌디드
97	151	672	티
97	151	754	사이드메뉴
97	182	51	1 / 5
97	196	36	(핫)캐모마일
97	248	349	더벤티 수유역점
97	250	36	3,500원
97	298	404	4.9(2,202)
97	308	36	휴식과 숙면을 키워드로한 릴랙싱 티
97	394	36	(아이스)자스민
97	448	36	3,500원
97	506	36	기분 전환과 자스민의 꽃향기를 강조한 에스테틱 티
97	592	36	(핫)자스민
97	646	36	3,500원
97	704	36	기분 전환과 자스민의 꽃향기를 강조한 에스테틱 티
97	790	36	(아이스)호박팥차
97	844	36	4,000원
97	902	36	늙은 호박과 팥을 최적의 비율로 블렌딩 하여 몸의 순환 (붓기  감소)을 돕는 에스테틱 티
97	1010	36	(핫)호박팥차
97	1064	36	4,000원
97	1122	36	늙은 호박과 팥을 최적의 비율로 블렌딩 하여 몸의 순환 (붓기  감소)을 돕는 에스테틱 티
97	1230	36	(아이스)레몬머틀
97	1284	36	4,000원
97	1342	36	상큼한 레몬의 첫 맛과 은은하고 달콤한 허브 향이 활력을 더해주며, 레몬머틀의 맑은 향이 자극 없이 정신을 깨워주는 티
97	1417	121	지금 와우 가입하면 배달비 0원 + 25,000원 쿠폰
97	1434	781	가입하기
97	1450	36	(핫)레몬머틀
97	1504	36	4,000원
97	1516	0	준비중
97	1562	36	상큼한 레몬의 첫 맛과 은은하고 달콤한 허브 향이 활력을 더해주며, 레몬머틀의 맑은 향이 자극 없이 정신을 깨워주는 티
98	0	0	바삭하고 고소한 초코 쿠키 사이에 달콤한 라즈베리 잼과 크림을 조화롭게 샌딩한 쿠키
98	0	381	오픈 준비 중
98	66	155	더벤티 수유역점 내 메뉴를 찾아보세요
98	99	36	(핫)자스민
98	151	91	에이드&주스
98	151	276	로컬 에디션
98	151	452	아이스 블렌디드
98	151	672	티
98	151	754	사이드메뉴
98	153	36	3,500원
98	182	51	1 / 5
98	211	36	기분 전환과 자스민의 꽃향기를 강조한 에스테틱 티
98	248	349	더벤티 수유역점
98	297	36	(아이스)호박팥차
98	298	404	4.9(2,202)
98	351	36	4,000원
98	409	36	늙은 호박과 팥을 최적의 비율로 블렌딩 하여 몸의 순환 (붓기  감소)을 돕는 에스테틱 티
98	517	36	(핫)호박팥차
98	571	36	4,000원
98	629	36	늙은 호박과 팥을 최적의 비율로 블렌딩 하여 몸의 순환 (붓기  감소)을 돕는 에스테틱 티
98	737	36	(아이스)레몬머틀
98	791	36	4,000원
98	849	36	상큼한 레몬의 첫 맛과 은은하고 달콤한 허브 향이 활력을 더해주며, 레몬머틀의 맑은 향이 자극 없이 정신을 깨워주는 티
98	957	36	(핫)레몬머틀
98	1011	36	4,000원
98	1069	36	상큼한 레몬의 첫 맛과 은은하고 달콤한 허브 향이 활력을 더해주며, 레몬머틀의 맑은 향이 자극 없이 정신을 깨워주는 티
98	1207	42	사이드메뉴
98	1253	36	더 맛있고 든든하게
98	1327	36	우도땅콩초코쫀득빵
98	1381	36	4,000원
98	1417	121	지금 와우 가입하면 배달비 0원 + 25,000원 쿠폰
98	1434	781	가입하기
98	1439	36	제주에서 즐기던 고소한 우도 땅콩과 달콤한 초코, 쫀득한 빵의 식감을 트렌디한 방식으로 재해석한 디저트
98	1516	0	준비중
98	1547	36	초코라즈베리샌드쿠키
99	0	381	오픈 준비 중
99	23	36	(핫)호박팥차
99	66	155	더벤티 수유역점 내 메뉴를 찾아보세요
99	135	36	늙은 호박과 팥을 최적의 비율로 블렌딩 하여 몸의 순환 (붓기  감소)을 돕는 에스테틱 티
99	151	91	에이드&주스
99	151	276	로컬 에디션
99	151	452	아이스 블렌디드
99	151	672	티
99	151	754	사이드메뉴
99	182	51	1 / 5
99	243	36	(아이스)레몬머틀
99	248	349	더벤티 수유역점
99	297	36	4,000원
99	298	404	4.9(2,202)
99	355	36	상큼한 레몬의 첫 맛과 은은하고 달콤한 허브 향이 활력을 더해주며, 레몬머틀의 맑은 향이 자극 없이 정신을 깨워주는 티
99	463	36	(핫)레몬머틀
99	517	36	4,000원
99	575	36	상큼한 레몬의 첫 맛과 은은하고 달콤한 허브 향이 활력을 더해주며, 레몬머틀의 맑은 향이 자극 없이 정신을 깨워주는 티
99	713	42	사이드메뉴
99	759	36	더 맛있고 든든하게
99	833	36	우도땅콩초코쫀득빵
99	887	36	4,000원
99	945	36	제주에서 즐기던 고소한 우도 땅콩과 달콤한 초코, 쫀득한 빵의 식감을 트렌디한 방식으로 재해석한 디저트
99	1053	36	초코라즈베리샌드쿠키
99	1107	36	3,000원
99	1165	36	바삭하고 고소한 초코 쿠키 사이에 달콤한 라즈베리 잼과 크림을 조화롭게 샌딩한 쿠키
99	1273	36	땅콩카라멜샌드쿠키
99	1327	36	3,000원
99	1385	36	바삭하고 고소한 쿠키 사이에 땅콩 크림과 캬라멜을 조화롭게 샌딩한 쿠키
99	1417	121	지금 와우 가입하면 배달비 0원 + 25,000원 쿠폰
99	1434	781	가입하기
99	1471	36	두바이 쫀득쿠키
99	1516	0	준비중
99	1525	36	7,000원
99	1583	36	피스타치오와 카다이프를 마시멜로로 감싼 말랑 쫀득 바삭한 디저트
100	0	0	리뷰 (12)
100	0	36	(핫)레몬머틀
100	0	381	오픈 준비 중
100	66	155	더벤티 수유역점 내 메뉴를 찾아보세요
100	83	36	상큼한 레몬의 첫 맛과 은은하고 달콤한 허브 향이 활력을 더해주며, 레몬머틀의 맑은 향이 자극 없이 정신을 깨워주는 티
100	151	91	에이드&주스
100	151	276	로컬 에디션
100	151	452	아이스 블렌디드
100	151	672	티
100	151	754	사이드메뉴
100	182	51	1 / 5
100	221	42	사이드메뉴
100	248	349	더벤티 수유역점
100	267	36	더 맛있고 든든하게
100	298	404	4.9(2,202)
100	341	36	우도땅콩초코쫀득빵
100	395	36	4,000원
100	453	36	제주에서 즐기던 고소한 우도 땅콩과 달콤한 초코, 쫀득한 빵의 식감을 트렌디한 방식으로 재해석한 디저트
100	561	36	초코라즈베리샌드쿠키
100	615	36	3,000원
100	673	36	바삭하고 고소한 초코 쿠키 사이에 달콤한 라즈베리 잼과 크림을 조화롭게 샌딩한 쿠키
100	781	36	땅콩카라멜샌드쿠키
100	835	36	3,000원
100	893	36	바삭하고 고소한 쿠키 사이에 땅콩 크림과 캬라멜을 조화롭게 샌딩한 쿠키
100	979	36	두바이 쫀득쿠키
100	1033	36	7,000원
100	1091	36	피스타치오와 카다이프를 마시멜로로 감싼 말랑 쫀득 바삭한 디저트
100	1177	36	달콤촉촉 고구마빵
100	1231	36	5,000원
100	1289	36	NO밀가루 촉촉하고 달콤한 고구마가 가득 담긴 리얼 고구마빵(1ea)
100	1337	63	리뷰 (1)
100	1411	36	포슬쫀득 감자빵
100	1417	121	지금 와우 가입하면 배달비 0원 + 25,000원 쿠폰
100	1434	781	가입하기
100	1465	36	5,000원
100	1516	0	준비중
100	1523	36	NO밀가루, 담백하고 포슬포슬한 속과 쫀득한 식감을 즐길 수 있는 건강 감자빵(1ea)
101	0	381	오픈 준비 중
101	66	155	더벤티 수유역점 내 메뉴를 찾아보세요
101	73	36	초코라즈베리샌드쿠키
101	132	36	3,000원
101	151	91	에이드&주스
101	151	276	로컬 에디션
101	151	452	아이스 블렌디드
101	151	672	티
101	151	754	사이드메뉴
101	182	51	1 / 5
101	185	36	바삭하고 고소한 초코 쿠키 사이에 달콤한 라즈베리 잼과 크림을 조화롭게 샌딩한 쿠키
101	248	349	더벤티 수유역점
101	293	36	땅콩카라멜샌드쿠키
101	298	404	4.9(2,202)
101	347	36	3,000원
101	405	36	바삭하고 고소한 쿠키 사이에 땅콩 크림과 캬라멜을 조화롭게 샌딩한 쿠키
101	491	36	두바이 쫀득쿠키
101	545	36	7,000원
101	603	36	피스타치오와 카다이프를 마시멜로로 감싼 말랑 쫀득 바삭한 디저트
101	689	36	달콤촉촉 고구마빵
101	743	36	5,000원
101	801	36	NO밀가루 촉촉하고 달콤한 고구마가 가득 담긴 리얼 고구마빵(1ea)
101	849	63	리뷰 (1)
101	923	36	포슬쫀득 감자빵
101	977	36	5,000원
101	1035	36	NO밀가루, 담백하고 포슬포슬한 속과 쫀득한 식감을 즐길 수 있는 건강 감자빵(1ea)
101	1113	63	리뷰 (12)
101	1187	36	커피크림 커피번
101	1241	36	5,000원
101	1299	36	더벤티 커피를 사용하여 만든 바삭한 커피토핑과 진한 커피크림이 더해진 달콤짭짤 커피크림 커피번
101	1377	63	리뷰 (4)
101	1417	121	지금 와우 가입하면 배달비 0원 + 25,000원 쿠폰
101	1434	781	가입하기
101	1451	36	우유크림 커피번
101	1505	36	5,000원
101	1516	0	준비중
101	1563	36	더벤티 커피를 사용하여 만든 바삭한 커피토핑과 부드러운 우유크림이 더해진 달콤짭짤 우유크림 커피번
102	0	381	오픈 준비 중
102	5	36	두바이 쫀득쿠키
102	66	155	더벤티 수유역점 내 메뉴를 찾아보세요
102	117	36	피스타치오와 카다이프를 마시멜로로 감싼 말랑 쫀득 바삭한 디저트
102	151	91	에이드&주스
102	151	276	로컬 에디션
102	151	452	아이스 블렌디드
102	151	672	티
102	151	754	사이드메뉴
102	182	51	1 / 5
102	203	36	달콤촉촉 고구마빵
102	248	349	더벤티 수유역점
102	257	36	5,000원
102	298	404	4.9(2,202)
102	315	36	NO밀가루 촉촉하고 달콤한 고구마가 가득 담긴 리얼 고구마빵(1ea)
102	363	63	리뷰 (1)
102	437	36	포슬쫀득 감자빵
102	491	36	5,000원
102	549	36	NO밀가루, 담백하고 포슬포슬한 속과 쫀득한 식감을 즐길 수 있는 건강 감자빵(1ea)
102	627	63	리뷰 (12)
102	701	36	커피크림 커피번
102	755	36	5,000원
102	813	36	더벤티 커피를 사용하여 만든 바삭한 커피토핑과 진한 커피크림이 더해진 달콤짭짤 커피크림 커피번
102	891	63	리뷰 (4)
102	965	36	우유크림 커피번
102	1019	36	5,000원
102	1077	36	더벤티 커피를 사용하여 만든 바삭한 커피토핑과 부드러운 우유크림이 더해진 달콤짭짤 우유크림 커피번
102	1185	36	스윗 크룽지
102	1239	36	3,000원
102	1297	36	고소한 버터향과 함께 달콤한 설탕 코팅이 바삭한 스윗 크룽지 (1ea)
102	1345	63	리뷰 (12)
102	1417	121	지금 와우 가입하면 배달비 0원 + 25,000원 쿠폰
102	1419	36	갈릭 크룽지
102	1434	781	가입하기
102	1473	36	3,000원
102	1516	0	준비중
102	1531	36	달달한 마늘향과 함께 달콤한 설탕 코팅이 바삭한 갈릭 크룽지 (1ea)
102	1579	63	리뷰 (5)
103	0	0	리뷰 (3)
103	0	0	포슬쫀득 감자빵
103	0	381	오픈 준비 중
103	58	36	NO밀가루, 담백하고 포슬포슬한 속과 쫀득한 식감을 즐길 수 있는 건강 감자빵(1ea)
103	66	155	더벤티 수유역점 내 메뉴를 찾아보세요
103	136	63	리뷰 (12)
103	151	91	에이드&주스
103	151	276	로컬 에디션
103	151	452	아이스 블렌디드
103	151	672	티
103	151	754	사이드메뉴
103	182	51	1 / 5
103	210	36	커피크림 커피번
103	248	349	더벤티 수유역점
103	264	36	5,000원
103	298	404	4.9(2,202)
103	322	36	더벤티 커피를 사용하여 만든 바삭한 커피토핑과 진한 커피크림이 더해진 달콤짭짤 커피크림 커피번
103	400	63	리뷰 (4)
103	474	36	우유크림 커피번
103	528	36	5,000원
103	586	36	더벤티 커피를 사용하여 만든 바삭한 커피토핑과 부드러운 우유크림이 더해진 달콤짭짤 우유크림 커피번
103	694	36	스윗 크룽지
103	748	36	3,000원
103	806	36	고소한 버터향과 함께 달콤한 설탕 코팅이 바삭한 스윗 크룽지 (1ea)
103	854	63	리뷰 (12)
103	928	36	갈릭 크룽지
103	982	36	3,000원
103	1040	36	달달한 마늘향과 함께 달콤한 설탕 코팅이 바삭한 갈릭 크룽지 (1ea)
103	1088	63	리뷰 (5)
103	1162	36	불고기 포카치아
103	1216	36	5,800원
103	1274	36	폭신한 올리브 포카치아 위에 진한 불고기소스, 달콤한 불고기가 가득 올라가 불고기 피자를 연상시키는 포카치아 (1ea)
103	1352	63	리뷰 (2)
103	1417	121	지금 와우 가입하면 배달비 0원 + 25,000원 쿠폰
103	1426	36	페퍼로니 포카치아
103	1434	781	가입하기
103	1480	36	5,800원
103	1516	0	준비중
103	1538	36	폭신한 올리브 포카치아 위에 진한 토마토소스, 짭짤한 페퍼로니가 가득 올라가 페퍼로니 피자를 연상시키는 포카치아 (1ea)
104	0	36	우유크림 커피번
104	0	381	오픈 준비 중
104	66	155	더벤티 수유역점 내 메뉴를 찾아보세요
104	99	36	더벤티 커피를 사용하여 만든 바삭한 커피토핑과 부드러운 우유크림이 더해진 달콤짭짤 우유크림 커피번
104	151	91	에이드&주스
104	151	276	로컬 에디션
104	151	452	아이스 블렌디드
104	151	672	티
104	151	754	사이드메뉴
104	182	51	1 / 5
104	207	36	스윗 크룽지
104	248	349	더벤티 수유역점
104	261	36	3,000원
104	298	404	4.9(2,202)
104	319	36	고소한 버터향과 함께 달콤한 설탕 코팅이 바삭한 스윗 크룽지 (1ea)
104	367	63	리뷰 (12)
104	441	36	갈릭 크룽지
104	495	36	3,000원
104	553	36	달달한 마늘향과 함께 달콤한 설탕 코팅이 바삭한 갈릭 크룽지 (1ea)
104	601	63	리뷰 (5)
104	675	36	불고기 포카치아
104	729	36	5,800원
104	787	36	폭신한 올리브 포카치아 위에 진한 불고기소스, 달콤한 불고기가 가득 올라가 불고기 피자를 연상시키는 포카치아 (1ea)
104	865	63	리뷰 (2)
104	939	36	페퍼로니 포카치아
104	993	36	5,800원
104	1051	36	폭신한 올리브 포카치아 위에 진한 토마토소스, 짭짤한 페퍼로니가 가득 올라가 페퍼로니 피자를 연상시키는 포카치아 (1ea)
104	1129	63	리뷰 (3)
104	1203	36	크랜베리 초코칩 촉촉쿠키
104	1257	36	4,500원
104	1315	36	두툼한 아몬드와 크랜베리 초코칩이 쏙쏙 박힌 아메리칸 스타일 쿠키 (1ea)
104	1363	63	리뷰 (4)
104	1417	121	지금 와우 가입하면 배달비 0원 + 25,000원 쿠폰
104	1434	781	가입하기
104	1437	36	화이트초코 말차 촉촉쿠키
104	1491	36	4,500원
104	1516	0	준비중
104	1549	36	두툼한 호두와 화이트초콜릿이 쏙쏙 박힌 아메리칸 스타일 쿠키 (1ea)
104	1597	63	리뷰 (4)
105	0	0	갈릭 크룽지
105	0	381	오픈 준비 중
105	59	36	달달한 마늘향과 함께 달콤한 설탕 코팅이 바삭한 갈릭 크룽지 (1ea)
105	66	155	더벤티 수유역점 내 메뉴를 찾아보세요
105	107	63	리뷰 (5)
105	151	91	에이드&주스
105	151	276	로컬 에디션
105	151	452	아이스 블렌디드
105	151	672	티
105	151	754	사이드메뉴
105	181	36	불고기 포카치아
105	182	51	1 / 5
105	235	36	5,800원
105	248	349	더벤티 수유역점
105	293	36	폭신한 올리브 포카치아 위에 진한 불고기소스, 달콤한 불고기가 가득 올라가 불고기 피자를 연상시키는 포카치아 (1ea)
105	298	404	4.9(2,202)
105	371	63	리뷰 (2)
105	445	36	페퍼로니 포카치아
105	499	36	5,800원
105	557	36	폭신한 올리브 포카치아 위에 진한 토마토소스, 짭짤한 페퍼로니가 가득 올라가 페퍼로니 피자를 연상시키는 포카치아 (1ea)
105	635	63	리뷰 (3)
105	709	36	크랜베리 초코칩 촉촉쿠키
105	763	36	4,500원
105	821	36	두툼한 아몬드와 크랜베리 초코칩이 쏙쏙 박힌 아메리칸 스타일 쿠키 (1ea)
105	869	63	리뷰 (4)
105	943	36	화이트초코 말차 촉촉쿠키
105	997	36	4,500원
105	1055	36	두툼한 호두와 화이트초콜릿이 쏙쏙 박힌 아메리칸 스타일 쿠키 (1ea)
105	1103	63	리뷰 (4)
105	1177	36	더블초코 스모어 촉촉쿠키
105	1231	36	4,500원
105	1289	36	달콤한 마시멜로우와 더블초콜릿이 쏙쏙 박힌 아메리칸 스타일 쿠키 (1ea)
105	1337	63	리뷰 (5)
105	1411	36	고메 소금빵
105	1417	121	지금 와우 가입하면 배달비 0원 + 25,000원 쿠폰
105	1434	781	가입하기
105	1465	36	4,500원
105	1516	0	준비중
105	1523	36	프랑스산 고메버터를 품어 더 고소하고 짭쪼롬하게 즐기는 소금빵
105	1571	63	리뷰 (15)
106	0	0	진한 초콜릿에 코코볼이 더해진 달콤 벤카롱
106	0	0	코코초코 벤카롱
106	0	0	페퍼로니 포카치아
106	0	381	오픈 준비 중
106	60	36	폭신한 올리브 포카치아 위에 진한 토마토소스, 짭짤한 페퍼로니가 가득 올라가 페퍼로니 피자를 연상시키는 포카치아 (1ea)
106	66	155	더벤티 수유역점 내 메뉴를 찾아보세요
106	138	63	리뷰 (3)
106	151	91	에이드&주스
106	151	276	로컬 에디션
106	151	452	아이스 블렌디드
106	151	672	티
106	151	754	사이드메뉴
106	182	51	1 / 5
106	212	36	크랜베리 초코칩 촉촉쿠키
106	248	349	더벤티 수유역점
106	266	36	4,500원
106	298	404	4.9(2,202)
106	324	36	두툼한 아몬드와 크랜베리 초코칩이 쏙쏙 박힌 아메리칸 스타일 쿠키 (1ea)
106	372	63	리뷰 (4)
106	446	36	화이트초코 말차 촉촉쿠키
106	500	36	4,500원
106	558	36	두툼한 호두와 화이트초콜릿이 쏙쏙 박힌 아메리칸 스타일 쿠키 (1ea)
106	606	63	리뷰 (4)
106	680	36	더블초코 스모어 촉촉쿠키
106	734	36	4,500원
106	792	36	달콤한 마시멜로우와 더블초콜릿이 쏙쏙 박힌 아메리칸 스타일 쿠키 (1ea)
106	840	63	리뷰 (5)
106	914	36	고메 소금빵
106	968	36	4,500원
106	1026	36	프랑스산 고메버터를 품어 더 고소하고 짭쪼롬하게 즐기는 소금빵
106	1074	63	리뷰 (15)
106	1148	36	딸기요거 벤카롱
106	1202	36	4,000원
106	1260	36	달콤한 딸기와 플레인요거트가 어우러진 상큼 벤카롱
106	1308	63	리뷰 (2)
106	1382	36	쿠키크림 벤카롱
106	1417	121	지금 와우 가입하면 배달비 0원 + 25,000원 쿠폰
106	1434	781	가입하기
106	1436	36	4,000원
106	1494	36	부드러운 바닐라크림에 달콤한 초코쿠키가 어우러진 달콤 벤카롱
106	1516	0	준비중
106	1542	63	리뷰 (2)
107	0	0	리뷰 (4)
107	0	0	큼직한 100% 국내산 돈육 소시지에 달콤한 어니언소스, 스노우치즈와 스위트콘이 어우러진 든든한 핫도그
107	0	0	화이트초코 말차 촉촉쿠키
107	0	381	오픈 준비 중
107	64	36	두툼한 호두와 화이트초콜릿이 쏙쏙 박힌 아메리칸 스타일 쿠키 (1ea)
107	66	155	더벤티 수유역점 내 메뉴를 찾아보세요
107	112	63	리뷰 (4)
107	151	91	에이드&주스
107	151	276	로컬 에디션
107	151	452	아이스 블렌디드
107	151	672	티
107	151	754	사이드메뉴
107	182	51	1 / 5
107	186	36	더블초코 스모어 촉촉쿠키
107	240	36	4,500원
107	248	349	더벤티 수유역점
107	298	36	달콤한 마시멜로우와 더블초콜릿이 쏙쏙 박힌 아메리칸 스타일 쿠키 (1ea)
107	298	404	4.9(2,202)
107	346	63	리뷰 (5)
107	420	36	고메 소금빵
107	474	36	4,500원
107	532	36	프랑스산 고메버터를 품어 더 고소하고 짭쪼롬하게 즐기는 소금빵
107	580	63	리뷰 (15)
107	654	36	딸기요거 벤카롱
107	708	36	4,000원
107	766	36	달콤한 딸기와 플레인요거트가 어우러진 상큼 벤카롱
107	814	63	리뷰 (2)
107	888	36	쿠키크림 벤카롱
107	942	36	4,000원
107	1000	36	부드러운 바닐라크림에 달콤한 초코쿠키가 어우러진 달콤 벤카롱
107	1048	63	리뷰 (2)
107	1122	36	코코초코 벤카롱
107	1176	36	4,000원
107	1234	36	진한 초콜릿에 코코볼이 더해진 달콤 벤카롱
107	1320	36	매콤칠리 핫도그
107	1374	36	5,800원
107	1417	121	지금 와우 가입하면 배달비 0원 + 25,000원 쿠폰
107	1432	36	큼직한 100% 국내산 돈육 소시지에 매콤한 칠리소스, 모짜렐라치즈가 어우러진 든든한 핫도그
107	1434	781	가입하기
107	1510	63	리뷰 (3)
107	1516	0	준비중
107	1584	36	달콤어니언 핫도그
108	0	0	고메 소금빵
108	0	381	오픈 준비 중
108	47	36	프랑스산 고메버터를 품어 더 고소하고 짭쪼롬하게 즐기는 소금빵
108	66	155	더벤티 수유역점 내 메뉴를 찾아보세요
108	95	63	리뷰 (15)
108	151	91	에이드&주스
108	151	276	로컬 에디션
108	151	452	아이스 블렌디드
108	151	672	티
108	151	754	사이드메뉴
108	169	36	딸기요거 벤카롱
108	182	51	1 / 5
108	223	36	4,000원
108	248	349	더벤티 수유역점
108	281	36	달콤한 딸기와 플레인요거트가 어우러진 상큼 벤카롱
108	298	404	4.9(2,202)
108	329	63	리뷰 (2)
108	403	36	쿠키크림 벤카롱
108	457	36	4,000원
108	515	36	부드러운 바닐라크림에 달콤한 초코쿠키가 어우러진 달콤 벤카롱
108	563	63	리뷰 (2)
108	637	36	코코초코 벤카롱
108	691	36	4,000원
108	749	36	진한 초콜릿에 코코볼이 더해진 달콤 벤카롱
108	835	36	매콤칠리 핫도그
108	889	36	5,800원
108	947	36	큼직한 100% 국내산 돈육 소시지에 매콤한 칠리소스, 모짜렐라치즈가 어우러진 든든한 핫도그
108	1025	63	리뷰 (3)
108	1099	36	달콤어니언 핫도그
108	1153	36	5,800원
108	1211	36	큼직한 100% 국내산 돈육 소시지에 달콤한 어니언소스, 스노우치즈와 스위트콘이 어우러진 든든한 핫도그
108	1289	63	리뷰 (4)
108	1363	36	플레인크로플
108	1417	36	4,500원
108	1417	121	지금 와우 가입하면 배달비 0원 + 25,000원 쿠폰
108	1434	781	가입하기
108	1475	36	버터향 가득 생지로 구운 크로플에 특제 소스 코팅이 더해져 달콤하고 바삭한 크로플
108	1516	0	준비중
108	1553	63	리뷰 (4)
109	0	381	오픈 준비 중
109	66	155	더벤티 수유역점 내 메뉴를 찾아보세요
109	143	36	코코초코 벤카롱
109	151	91	에이드&주스
109	151	276	로컬 에디션
109	151	452	아이스 블렌디드
109	151	672	티
109	151	754	사이드메뉴
109	182	51	1 / 5
109	197	36	4,000원
109	248	349	더벤티 수유역점
109	255	36	진한 초콜릿에 코코볼이 더해진 달콤 벤카롱
109	298	404	4.9(2,202)
109	341	36	매콤칠리 핫도그
109	395	36	5,800원
109	453	36	큼직한 100% 국내산 돈육 소시지에 매콤한 칠리소스, 모짜렐라치즈가 어우러진 든든한 핫도그
109	531	63	리뷰 (3)
109	605	36	달콤어니언 핫도그
109	659	36	5,800원
109	717	36	큼직한 100% 국내산 돈육 소시지에 달콤한 어니언소스, 스노우치즈와 스위트콘이 어우러진 든든한 핫도그
109	795	63	리뷰 (4)
109	869	36	플레인크로플
109	923	36	4,500원
109	981	36	버터향 가득 생지로 구운 크로플에 특제 소스 코팅이 더해져 달콤하고 바삭한 크로플
109	1059	63	리뷰 (4)
109	1133	36	초코크림크로플
109	1187	36	4,800원
109	1245	36	버터향 가득 생지로 구운 크로플에 초코 소스, 초코 파우더, 휘핑크림이 더해져 달콤하게 즐기는 크로플
109	1323	63	리뷰 (8)
109	1397	36	딸기크림크로플
109	1417	121	지금 와우 가입하면 배달비 0원 + 25,000원 쿠폰
109	1434	781	가입하기
109	1451	36	4,800원
109	1509	36	버터향 가득 생지로 구운 크로플에 휘핑크림과 딸기 퓨레, 연유의 조화로 상큼하게 즐기는 크로플
109	1516	0	준비중
109	1587	63	리뷰 (1)
110	0	0	리뷰 (8)
110	0	381	오픈 준비 중
110	66	155	더벤티 수유역점 내 메뉴를 찾아보세요
110	115	36	달콤어니언 핫도그
110	151	91	에이드&주스
110	151	276	로컬 에디션
110	151	452	아이스 블렌디드
110	151	672	티
110	151	754	사이드메뉴
110	169	36	5,800원
110	182	51	1 / 5
110	227	36	큼직한 100% 국내산 돈육 소시지에 달콤한 어니언소스, 스노우치즈와 스위트콘이 어우러진 든든한 핫도그
110	248	349	더벤티 수유역점
110	298	404	4.9(2,202)
110	305	63	리뷰 (4)
110	379	36	플레인크로플
110	433	36	4,500원
110	491	36	버터향 가득 생지로 구운 크로플에 특제 소스 코팅이 더해져 달콤하고 바삭한 크로플
110	569	63	리뷰 (4)
110	643	36	초코크림크로플
110	697	36	4,800원
110	755	36	버터향 가득 생지로 구운 크로플에 초코 소스, 초코 파우더, 휘핑크림이 더해져 달콤하게 즐기는 크로플
110	833	63	리뷰 (8)
110	907	36	딸기크림크로플
110	961	36	4,800원
110	1019	36	버터향 가득 생지로 구운 크로플에 휘핑크림과 딸기 퓨레, 연유의 조화로 상큼하게 즐기는 크로플
110	1097	63	리뷰 (1)
110	1171	36	미니붕어빵(통팥)
110	1225	36	4,300원
110	1283	36	타피오카 전분 함유로 쫄깃한 빵 속 달콤한 팥앙금이 들은 미니사이즈 통팥붕어빵(5ea/1set)
110	1361	63	리뷰 (7)
110	1417	121	지금 와우 가입하면 배달비 0원 + 25,000원 쿠폰
110	1434	781	가입하기
110	1435	36	미니붕어빵(커스타드)
110	1489	36	4,300원
110	1516	0	준비중
110	1547	36	타피오카 전분 함유로 쫄깃한 빵 속 달콤한 커스타드가 들은 미니사이즈 커스타드붕어빵(5ea/1set)
111	0	0	리뷰 (6)
111	0	381	오픈 준비 중
111	66	155	더벤티 수유역점 내 메뉴를 찾아보세요
111	151	91	에이드&주스
111	151	276	로컬 에디션
111	151	452	아이스 블렌디드
111	151	672	티
111	151	754	사이드메뉴
111	155	36	초코크림크로플
111	182	51	1 / 5
111	209	36	4,800원
111	248	349	더벤티 수유역점
111	267	36	버터향 가득 생지로 구운 크로플에 초코 소스, 초코 파우더, 휘핑크림이 더해져 달콤하게 즐기는 크로플
111	298	404	4.9(2,202)
111	345	63	리뷰 (8)
111	419	36	딸기크림크로플
111	473	36	4,800원
111	531	36	버터향 가득 생지로 구운 크로플에 휘핑크림과 딸기 퓨레, 연유의 조화로 상큼하게 즐기는 크로플
111	609	63	리뷰 (1)
111	683	36	미니붕어빵(통팥)
111	737	36	4,300원
111	795	36	타피오카 전분 함유로 쫄깃한 빵 속 달콤한 팥앙금이 들은 미니사이즈 통팥붕어빵(5ea/1set)
111	873	63	리뷰 (7)
111	947	36	미니붕어빵(커스타드)
111	1001	36	4,300원
111	1059	36	타피오카 전분 함유로 쫄깃한 빵 속 달콤한 커스타드가 들은 미니사이즈 커스타드붕어빵(5ea/1set)
111	1137	63	리뷰 (8)
111	1211	36	호두과자
111	1265	36	4,500원
111	1323	36	바삭폭신한 빵 사이 부드러운 팥앙금이 반겨주는 호두과자 (130g)
111	1371	63	리뷰 (17)
111	1417	121	지금 와우 가입하면 배달비 0원 + 25,000원 쿠폰
111	1434	781	가입하기
111	1445	36	치즈빵빵
111	1499	36	3,300원
111	1516	0	준비중
111	1557	36	크림치즈를 듬뿍 넣어 진한 풍미를 느낄 수 있는 치즈빵빵
112	0	0	딸기크림크로플
112	0	381	오픈 준비 중
112	39	36	버터향 가득 생지로 구운 크로플에 휘핑크림과 딸기 퓨레, 연유의 조화로 상큼하게 즐기는 크로플
112	66	155	더벤티 수유역점 내 메뉴를 찾아보세요
112	117	63	리뷰 (1)
112	151	91	에이드&주스
112	151	276	로컬 에디션
112	151	452	아이스 블렌디드
112	151	672	티
112	151	754	사이드메뉴
112	182	51	1 / 5
112	191	36	미니붕어빵(통팥)
112	245	36	4,300원
112	248	349	더벤티 수유역점
112	298	404	4.9(2,202)
112	303	36	타피오카 전분 함유로 쫄깃한 빵 속 달콤한 팥앙금이 들은 미니사이즈 통팥붕어빵(5ea/1set)
112	381	63	리뷰 (7)
112	455	36	미니붕어빵(커스타드)
112	509	36	4,300원
112	567	36	타피오카 전분 함유로 쫄깃한 빵 속 달콤한 커스타드가 들은 미니사이즈 커스타드붕어빵(5ea/1set)
112	645	63	리뷰 (8)
112	719	36	호두과자
112	773	36	4,500원
112	831	36	바삭폭신한 빵 사이 부드러운 팥앙금이 반겨주는 호두과자 (130g)
112	879	63	리뷰 (17)
112	953	36	치즈빵빵
112	1007	36	3,300원
112	1065	36	크림치즈를 듬뿍 넣어 진한 풍미를 느낄 수 있는 치즈빵빵
112	1113	63	리뷰 (6)
112	1187	36	팥크림빵빵
112	1241	36	3,300원
112	1299	36	달콤한 팥앙금과 부드러운 생크림이 듬뿍 들어있는 팥크림빵빵
112	1347	63	리뷰 (10)
112	1417	121	지금 와우 가입하면 배달비 0원 + 25,000원 쿠폰
112	1421	36	더벤티 보냉백
112	1434	781	가입하기
112	1475	36	700원
112	1516	0	준비중
113	0	381	오픈 준비 중
113	66	155	더벤티 수유역점 내 메뉴를 찾아보세요
113	144	36	미니붕어빵(커스타드)
113	151	91	에이드&주스
113	151	276	로컬 에디션
113	151	452	아이스 블렌디드
113	151	672	티
113	151	754	사이드메뉴
113	182	51	1 / 5
113	198	36	4,300원
113	248	349	더벤티 수유역점
113	256	36	타피오카 전분 함유로 쫄깃한 빵 속 달콤한 커스타드가 들은 미니사이즈 커스타드붕어빵(5ea/1set)
113	298	404	4.9(2,202)
113	334	63	리뷰 (8)
113	408	36	호두과자
113	462	36	4,500원
113	520	36	바삭폭신한 빵 사이 부드러운 팥앙금이 반겨주는 호두과자 (130g)
113	568	63	리뷰 (17)
113	642	36	치즈빵빵
113	696	36	3,300원
113	754	36	크림치즈를 듬뿍 넣어 진한 풍미를 느낄 수 있는 치즈빵빵
113	802	63	리뷰 (6)
113	876	36	팥크림빵빵
113	930	36	3,300원
113	988	36	달콤한 팥앙금과 부드러운 생크림이 듬뿍 들어있는 팥크림빵빵
113	1036	63	리뷰 (10)
113	1110	36	더벤티 보냉백
113	1164	36	700원
113	1320	36	비슷한 커피/차 맛집 추천해요
113	1326	810	광고
113	1396	171	빽다방 강북구청점
113	1397	560	메가MGC커피 수유대한병원점
113	1417	121	지금 와우 가입하면 배달비 0원 + 25,000원 쿠폰
113	1430	609	(655)ㆍ
113	1431	220	(666)ㆍ
113	1431	584	4.9
113	1431	668	0.2km
113	1432	195	4.9
113	1432	279	0.2km
113	1434	781	가입하기
113	1463	560	배달비 0원
113	1464	171	배달비 0원
113	1516	0	준비중
